"id";"Title";"OBJ";"IDACT";"IDREL";"DATEEVENEMENT";"ACTION";"ANCIENNEVALEUR";"NOUVELLEVALEUR";"ACTEUR";"ANOMALIEDETECTEE";"CONTROLEPASCARA";"VERROUILLE";"NOTES";"IDJRN";"OBJREF";"CODE";"NOM";"STATUT";"ANOMALIE";"SCRIPTSOURCE";"TYPEEVENEMENTREF";"SOURCEREF";"RESULTATREF";"Modified";"Created";"Author";"Editor"
"1";"JRN-OBJ-APP-DSE-000001-0001";"";"";"";"09/04/2026 17:28:23";"Création du premier objet pilote Application DemainSite";"";"ID-OBJ=OBJ-APP-DSE-000001; statut=Test; qualité=Expérimental; verrouillé=Non";"";"Non";"Non";"Non";"Création demandée par l’utilisateur via Copilot dans SharePoint. Affectations et relations non créées faute d’acteurs et de cibles explicitement désignés.";"JRN-OBJ-APP-DSE-000001-0001";"JOURNAL - TYPEEVENEMENT - CREATION | JOURNAL - SOURCE - IA | JOURNAL - RESULTAT - SUCCES";"";"";"";"";"";"";"";"";"09/17/2026 13:40:31";"09/04/2026 17:29:08";"";""
"2";"OBJ-JRN-DSE-F-000018-001";"";"";"";"09/05/2026 12:00:00";"Création et journalisation de la décision fondatrice DSE-F-000018";"Aucune décision DSE-F-000018 existante dans OBJ.";"Décision fondatrice « Interdiction des saisies manuelles évitables dans OBJ » créée avec le statut VALIDÉ OFFICIELLEMENT. Règle : aucune donnée métier, classification, relation, responsabilité, acteur ou provenance en texte libre lorsqu’un OBJ-REF, OBJ-REL, OBJ-ACT, Lookup ou une valeur système automatique en lecture seule peut la gérer.";"";"Oui";"Oui";"Oui";"Autorité : Pascal ZIMMER, Super Administrateur. Source : Rapport_Audit_OBJ_Anti_Manuel.txt. Constat journalisé : OBJ partiellement conforme ; 27 colonnes manuelles à remplacer à terme ; 10 colonnes OBJ-REF conformes. Aucune colonne corrigée, aucune donnée supprimée, aucune structure modifiée, aucune des 27 anomalies traitée.";"OBJ-JRN-DSE-F-000018-001";"JOURNAL - TYPEEVENEMENT - CREATION | JOURNAL - SOURCE - IA | JOURNAL - RESULTAT - SUCCES";"";"";"";"";"";"";"";"";"09/17/2026 13:40:32";"09/05/2026 05:47:07";"";""
"3";"DSE-AUDIT-REF-011";"";"";"";"";"Archivage OBJ-PWR";"";"";"";"Non";"Non";"Non";"OBJ reste la liste principale du DSE.

REF-00 à REF-90 restent les référentiels officiels.

OBJ-PWR est archivé en ZZ-OBJ-PWR.

Aucune migration complémentaire retenue.

Aucune création de doublon.

Toute évolution future devra être intégrée directement dans OBJ ou dans les référentiels officiels existants.

Fin d'audit.";"DSE-AUDIT-REF-011";"JOURNAL - TYPEEVENEMENT - DECISION_ARCHITECTURE | JOURNAL - SOURCE - Audit DSE | JOURNAL - RESULTAT - VALIDE";"";"";"";"";"";"";"";"";"09/17/2026 13:40:34";"09/07/2026 09:04:46";"";""
"4";"JRN-20260907110911230";"";"";"";"";"Création OBJ";"";"";"";"Non";"Non";"Non";"";"JRN-20260907110911230";"JOURNAL - TYPEEVENEMENT - CREATION | JOURNAL - SOURCE - Script DSE | JOURNAL - RESULTAT - SUCCES";"";"";"";"";"";"";"";"";"09/17/2026 13:40:35";"09/07/2026 09:09:12";"";""
"5";"JRN-20260907110929464";"";"";"";"";"Correction catégorie";"PWR";"PAGE";"";"Non";"Non";"Non";"";"JRN-20260907110929464";"JOURNAL - TYPEEVENEMENT - CORRECTION | JOURNAL - SOURCE - Script DSE | JOURNAL - RESULTAT - SUCCES";"";"";"";"";"";"";"";"";"09/17/2026 13:40:37";"09/07/2026 09:09:31";"";""
"6";"JRN-20260907110941086";"";"";"";"";"OBJ-PWR -> ZZ-OBJ-PWR";"";"";"";"Non";"Non";"Non";"";"JRN-20260907110941086";"JOURNAL - TYPEEVENEMENT - ARCHIVAGE | JOURNAL - SOURCE - Script DSE | JOURNAL - RESULTAT - SUCCES";"";"";"";"";"";"";"";"";"09/17/2026 13:40:39";"09/07/2026 09:09:42";"";""
"7";"JRN-20260907110954063";"";"";"";"";"Audit REF-00 à REF-90";"";"";"";"Non";"Non";"Non";"";"JRN-20260907110954063";"JOURNAL - TYPEEVENEMENT - AUDIT | JOURNAL - SOURCE - Script DSE | JOURNAL - RESULTAT - TERMINE";"";"";"";"";"";"";"";"";"09/17/2026 13:40:39";"09/07/2026 09:09:55";"";""
"8";"JRN-20260907111058268";"";"";"";"";"Création Objet Client";"";"";"";"Non";"Non";"Non";"";"";"JOURNAL - TYPEEVENEMENT - DEBUT | JOURNAL - SOURCE - Script DSE | JOURNAL - RESULTAT - DEMARRAGE";"";"";"";"";"";"";"";"";"09/17/2026 13:40:41";"09/07/2026 09:11:00";"";""
"9";"JRN-20260907111100440";"";"";"";"";"Création OBJ";"";"";"";"Non";"Non";"Non";"";"";"JOURNAL - TYPEEVENEMENT - CREATION | JOURNAL - SOURCE - Script DSE | JOURNAL - RESULTAT - SUCCES";"";"";"";"";"";"";"";"";"09/17/2026 13:40:42";"09/07/2026 09:11:02";"";""
"10";"JRN-20260907111102916";"";"";"";"";"Création OBJ";"";"";"";"Non";"Non";"Non";"Field NOTES not present in list.";"";"JOURNAL - TYPEEVENEMENT - ERREUR | JOURNAL - SOURCE - Script DSE | JOURNAL - RESULTAT - ECHEC";"";"";"";"";"";"";"";"";"09/17/2026 13:40:45";"09/07/2026 09:11:04";"";""
"11";"DSE-APP-003-20260907112352";"";"";"";"";"Validation officielle portail DSE hiérarchique";"";"";"";"Non";"Non";"Non";"Validation officielle DSE-APP-003.

Le portail DSE devient hiérarchique.

Structure cible :

Super Administrateur
↓
Clients
↓
Clients des clients
↓
Clients des clients des clients
↓
...

Les menus, pages, objets, applications et données visibles
s'adaptent automatiquement à l'utilisateur connecté.

Un parent voit ses enfants.

Un enfant ne voit pas son parent.

Un enfant ne voit pas les autres enfants.

OBJ reste la liste métier principale.

REF-00 à REF-90 restent les référentiels officiels.

OBJ-JRN reste la mémoire historique officielle.

Décision validée officiellement par Pascal Zimmer.";"";"JOURNAL - TYPEEVENEMENT - VALIDATION_ARCHITECTURE | JOURNAL - SOURCE - Pascal ZIMMER | JOURNAL - RESULTAT - VALIDE";"";"";"";"";"";"";"";"";"09/17/2026 13:40:45";"09/07/2026 09:23:54";"";""
"12";"DSE-APP-003-20260907113119";"";"";"";"";"Validation officielle portail DSE hiérarchique";"";"";"";"Non";"Non";"Non";"Validation officielle DSE-APP-003.

Le portail DSE devient hiérarchique.

Structure cible :

Super Administrateur
↓
Clients
↓
Clients des clients
↓
Clients des clients des clients
↓
...

Les menus, pages, objets, applications et données visibles
s'adaptent automatiquement à l'utilisateur connecté.

Un parent voit ses enfants.

Un enfant ne voit pas son parent.

Un enfant ne voit pas les autres enfants.

OBJ reste la liste métier principale.

REF-00 à REF-90 restent les référentiels officiels.

OBJ-JRN reste la mémoire historique officielle.

Décision validée officiellement par Pascal Zimmer.";"";"JOURNAL - TYPEEVENEMENT - VALIDATION_ARCHITECTURE | JOURNAL - SOURCE - Pascal ZIMMER | JOURNAL - RESULTAT - VALIDE";"";"";"";"";"";"";"";"";"09/17/2026 13:40:47";"09/07/2026 09:31:21";"";""
"13";"DSE-REL-001-DEBUT";"";"";"";"";"Validation architecture dépendances DSE";"";"";"";"Non";"Non";"Non";"Début d'enregistrement de la décision DSE-REL-001.";"";"JOURNAL - TYPEEVENEMENT - DEBUT | JOURNAL - SOURCE - Pascal ZIMMER | JOURNAL - RESULTAT - DEMARRAGE";"";"";"";"";"";"";"";"";"09/17/2026 13:40:48";"09/07/2026 09:44:18";"";""
"14";"DSE-REL-001";"";"";"";"";"Validation officielle du modèle OBJ-REL";"";"";"";"Non";"Non";"Non";"OBJ = registre principal des objets.

OBJ-ACT = responsabilités et actions.

OBJ-REL = dépendances officielles entre objets.

OBJ-JRN = mémoire historique officielle.

OBJ-REL constitue la source officielle d'analyse
des impacts et dépendances pour Pasc ARA IA.

Avant toute action sensible :

- Désactivation
- Archivage
- Fusion
- Remplacement
- Modification majeure

une analyse OBJ-REL est obligatoire.

Workflow obligatoire :

Demande
↓
Analyse OBJ-REL
↓
Analyse impact Pasc ARA IA
↓
Rapport impact
↓
Validation humaine
↓
Action éventuelle
↓
Journalisation OBJ-JRN
↓
FIN
↓
TERMINÉ

Aucun objet ne peut être désactivé
sans contrôle préalable des dépendances.

OBJ-REL devient la source officielle
des dépendances DSE.";"";"JOURNAL - TYPEEVENEMENT - VALIDATION_ARCHITECTURE | JOURNAL - SOURCE - Pascal ZIMMER | JOURNAL - RESULTAT - VALIDE";"";"";"";"";"";"";"";"";"09/17/2026 13:40:50";"09/07/2026 09:44:19";"";""
"15";"DSE-REL-001-FIN";"";"";"";"";"Validation architecture dépendances DSE";"";"";"";"Non";"Non";"Non";"Décision DSE-REL-001 enregistrée avec succès.";"";"JOURNAL - TYPEEVENEMENT - FIN | JOURNAL - SOURCE - Pascal ZIMMER | JOURNAL - RESULTAT - TERMINE";"";"";"";"";"";"";"";"";"09/17/2026 13:40:51";"09/07/2026 09:44:20";"";""
"16";"DSE-JRN-004-20260907-114846-DEBUT";"";"";"";"";"Enregistrement de la regle de fin automatique";"";"";"";"Non";"Non";"Non";"Debut de l'enregistrement officiel de la regle DSE-JRN-004.";"";"JOURNAL - TYPEEVENEMENT - DEBUT | JOURNAL - SOURCE - PowerShell DSE - Pascal ZIMMER | JOURNAL - RESULTAT - DEMARRAGE";"";"";"";"";"";"";"";"";"09/17/2026 13:40:53";"09/07/2026 09:48:48";"";""
"17";"DSE-JRN-004-20260907-114846-VALIDATION";"";"";"";"";"Validation de la fin automatique des scripts DSE";"";"";"";"Non";"Non";"Non";"Validation officielle DSE-JRN-004.

Tout script DSE doit obligatoirement :

1. Journaliser son DEBUT dans OBJ-JRN.
2. Journaliser chaque action executee.
3. Journaliser chaque modification.
4. Journaliser chaque erreur.
5. Journaliser chaque correction.
6. Afficher une barre de progression lorsque cela est necessaire.
7. Journaliser une ligne FIN dans OBJ-JRN.
8. Afficher clairement TERMINÉ a l'ecran.
9. Rendre automatiquement la main a PowerShell.
10. Ne jamais necessiter Ctrl+C lorsque le traitement est termine normalement.

Resultat normal attendu :

FIN enregistre dans OBJ-JRN
+
TERMINÉ affiche a l'ecran
+
retour automatique au prompt PowerShell PS>

Si la ligne FIN est absente, le traitement doit etre controle.

Cette regle s'applique a tous les futurs scripts
de DemainSite Ecosysteme.";"";"JOURNAL - TYPEEVENEMENT - VALIDATION_ARCHITECTURE | JOURNAL - SOURCE - PowerShell DSE - Pascal ZIMMER | JOURNAL - RESULTAT - VALIDE";"";"";"";"";"";"";"";"";"09/17/2026 13:40:54";"09/07/2026 09:48:49";"";""
"18";"DSE-JRN-004-20260907-114846-FIN";"";"";"";"";"Enregistrement de la regle de fin automatique";"";"";"";"Non";"Non";"Non";"Regle DSE-JRN-004 enregistree. Le script est arrive normalement a sa fin.";"";"JOURNAL - TYPEEVENEMENT - FIN | JOURNAL - SOURCE - PowerShell DSE - Pascal ZIMMER | JOURNAL - RESULTAT - TERMINE";"";"";"";"";"";"";"";"";"09/17/2026 13:40:55";"09/07/2026 09:48:49";"";""
"19";"DSE-JRN-004-20260907-114846-ERREUR";"";"";"";"";"Enregistrement de la regle de fin automatique";"";"";"";"Non";"Non";"Non";"A parameter cannot be found that matches parameter name 'Identity'.";"";"JOURNAL - TYPEEVENEMENT - ERREUR | JOURNAL - SOURCE - PowerShell DSE - Pascal ZIMMER | JOURNAL - RESULTAT - ECHEC";"";"";"";"";"";"";"";"";"09/17/2026 13:40:58";"09/07/2026 09:48:50";"";""
"20";"DSE-JRN-004-20260907-114846-FIN-ERREUR";"";"";"";"";"Enregistrement de la regle de fin automatique";"";"";"";"Non";"Non";"Non";"Le traitement s'est termine avec une erreur : A parameter cannot be found that matches parameter name 'Identity'.";"";"JOURNAL - TYPEEVENEMENT - FIN | JOURNAL - SOURCE - PowerShell DSE - Pascal ZIMMER | JOURNAL - RESULTAT - TERMINE_AVEC_ERREUR";"";"";"";"";"";"";"";"";"09/17/2026 13:40:58";"09/07/2026 09:48:51";"";""
"21";"DSE-JRN-004-CORRECTION-20260907-115000-DEBUT";"";"";"";"";"Correction du contrôle DSE-JRN-004";"";"";"";"Non";"Non";"Non";"Début de la correction après erreur du paramètre Identity.";"";"JOURNAL - TYPEEVENEMENT - DEBUT | JOURNAL - SOURCE - PowerShell DSE - Pascal ZIMMER | JOURNAL - RESULTAT - DEMARRAGE";"";"";"";"";"";"";"";"";"09/17/2026 13:41:00";"09/07/2026 09:50:02";"";""
"22";"DSE-JRN-004-CORRECTION-20260907-115000-CORRECTION";"";"";"";"";"Remplacement du contrôle Get-PnPListItem";"Get-PnPListItem -Identity";"Lecture complète puis filtrage par ID";"";"Non";"Non";"Non";"Le paramètre Identity n'est pas disponible dans la version PnP PowerShell utilisée. Le contrôle est remplacé par une lecture de la liste et un filtrage local.";"";"JOURNAL - TYPEEVENEMENT - CORRECTION | JOURNAL - SOURCE - PowerShell DSE - Pascal ZIMMER | JOURNAL - RESULTAT - SUCCES";"";"";"";"";"";"";"";"";"09/17/2026 13:41:01";"09/07/2026 09:50:03";"";""
"23";"DSE-JRN-004-CORRECTION-20260907-115000-FIN";"";"";"";"";"Correction du contrôle DSE-JRN-004";"";"";"";"Non";"Non";"Non";"Correction appliquée et résultat vérifié. Le script est arrivé normalement à sa fin.";"";"JOURNAL - TYPEEVENEMENT - FIN | JOURNAL - SOURCE - PowerShell DSE - Pascal ZIMMER | JOURNAL - RESULTAT - TERMINE";"";"";"";"";"";"";"";"";"09/17/2026 13:41:03";"09/07/2026 09:50:05";"";""
"24";"DSE-JRN-004-CORRECTION-20260907-115015-DEBUT";"";"";"";"";"Correction du contrôle DSE-JRN-004";"";"";"";"Non";"Non";"Non";"Début de la correction après erreur du paramètre Identity.";"";"JOURNAL - TYPEEVENEMENT - DEBUT | JOURNAL - SOURCE - PowerShell DSE - Pascal ZIMMER | JOURNAL - RESULTAT - DEMARRAGE";"";"";"";"";"";"";"";"";"09/17/2026 13:41:04";"09/07/2026 09:50:17";"";""
"25";"DSE-JRN-004-CORRECTION-20260907-115015-CORRECTION";"";"";"";"";"Remplacement du contrôle Get-PnPListItem";"Get-PnPListItem -Identity";"Lecture complète puis filtrage par ID";"";"Non";"Non";"Non";"Le paramètre Identity n'est pas disponible dans la version PnP PowerShell utilisée. Le contrôle est remplacé par une lecture de la liste et un filtrage local.";"";"JOURNAL - TYPEEVENEMENT - CORRECTION | JOURNAL - SOURCE - PowerShell DSE - Pascal ZIMMER | JOURNAL - RESULTAT - SUCCES";"";"";"";"";"";"";"";"";"09/17/2026 13:41:06";"09/07/2026 09:50:18";"";""
"26";"DSE-JRN-004-CORRECTION-20260907-115015-FIN";"";"";"";"";"Correction du contrôle DSE-JRN-004";"";"";"";"Non";"Non";"Non";"Correction appliquée et résultat vérifié. Le script est arrivé normalement à sa fin.";"";"JOURNAL - TYPEEVENEMENT - FIN | JOURNAL - SOURCE - PowerShell DSE - Pascal ZIMMER | JOURNAL - RESULTAT - TERMINE";"";"";"";"";"";"";"";"";"09/17/2026 13:41:07";"09/07/2026 09:50:19";"";""
"27";"JRN-20260907120404899-588";"";"";"";"07/09/2026 12:04:04";"Creation et mise a jour des vues OBJ";"";"";"";"Non";"Non";"Non";"Début du traitement des vues destinées à APP 01. | Execution : DSE-VUES-OBJ-20260907-120403";"JRN-20260907120404899-588";"JOURNAL - TYPEEVENEMENT - DEBUT | JOURNAL - SOURCE - PowerShell DSE - Pascal ZIMMER | JOURNAL - RESULTAT - DEMARRAGE";"";"";"";"";"";"";"";"";"09/17/2026 13:41:09";"09/07/2026 10:04:07";"";""
"28";"JRN-20260907120406474-163";"";"";"";"07/09/2026 12:04:06";"Controle connexion SharePoint";"";"";"";"Non";"Non";"Non";"Connexion confirmée sur https://blogssite.sharepoint.com/sites/Bibliotheque. | Execution : DSE-VUES-OBJ-20260907-120403";"JRN-20260907120406474-163";"JOURNAL - TYPEEVENEMENT - CONTROLE | JOURNAL - SOURCE - PowerShell DSE - Pascal ZIMMER | JOURNAL - RESULTAT - SUCCES";"";"";"";"";"";"";"";"";"09/17/2026 13:41:10";"09/07/2026 10:04:08";"";""
"29";"JRN-20260907120409044-140";"";"";"";"07/09/2026 12:04:09";"Controle des listes requises";"";"";"";"Non";"Non";"Non";"Les listes OBJ et OBJ-JRN sont disponibles. | Execution : DSE-VUES-OBJ-20260907-120403";"JRN-20260907120409044-140";"JOURNAL - TYPEEVENEMENT - CONTROLE | JOURNAL - SOURCE - PowerShell DSE - Pascal ZIMMER | JOURNAL - RESULTAT - SUCCES";"";"";"";"";"";"";"";"";"09/17/2026 13:41:12";"09/07/2026 10:04:11";"";""
"30";"JRN-20260907120410827-888";"";"";"";"07/09/2026 12:04:10";"Controle colonnes OBJ";"";"";"";"Non";"Non";"Non";"Colonnes non trouvées et ignorées : ACTIF. | Execution : DSE-VUES-OBJ-20260907-120403";"JRN-20260907120410827-888";"JOURNAL - TYPEEVENEMENT - ALERTE | JOURNAL - SOURCE - PowerShell DSE - Pascal ZIMMER | JOURNAL - RESULTAT - COLONNES_IGNOREES";"";"";"";"";"";"";"";"";"09/17/2026 13:41:13";"09/07/2026 10:04:13";"";""
"31";"JRN-20260907120412626-815";"";"";"";"07/09/2026 12:04:12";"Resolution des valeurs REF-00";"";"";"";"Non";"Non";"Non";"APPLICATION=17, COMPTE=2, SITE=6. | Execution : DSE-VUES-OBJ-20260907-120403";"JRN-20260907120412626-815";"JOURNAL - TYPEEVENEMENT - CONTROLE | JOURNAL - SOURCE - PowerShell DSE - Pascal ZIMMER | JOURNAL - RESULTAT - SUCCES";"";"";"";"";"";"";"";"";"09/17/2026 13:41:15";"09/07/2026 10:04:14";"";""
"32";"JRN-20260907120414975-783";"";"";"";"07/09/2026 12:04:14";"Creation vue SharePoint";"";"OBJ - Tous";"";"Non";"Non";"Non";"Vue créée dans la liste OBJ. | Execution : DSE-VUES-OBJ-20260907-120403";"JRN-20260907120414975-783";"JOURNAL - TYPEEVENEMENT - CREATION | JOURNAL - SOURCE - PowerShell DSE - Pascal ZIMMER | JOURNAL - RESULTAT - SUCCES";"";"";"";"";"";"";"";"";"09/17/2026 13:41:16";"09/07/2026 10:04:17";"";""
"33";"JRN-20260907120417317-551";"";"";"";"07/09/2026 12:04:17";"Creation vue SharePoint";"";"OBJ - Actifs";"";"Non";"Non";"Non";"Vue créée dans la liste OBJ. | Execution : DSE-VUES-OBJ-20260907-120403";"JRN-20260907120417317-551";"JOURNAL - TYPEEVENEMENT - CREATION | JOURNAL - SOURCE - PowerShell DSE - Pascal ZIMMER | JOURNAL - RESULTAT - SUCCES";"";"";"";"";"";"";"";"";"09/17/2026 13:41:18";"09/07/2026 10:04:19";"";""
"34";"JRN-20260907120419469-780";"";"";"";"07/09/2026 12:04:19";"Creation vue SharePoint";"";"OBJ - Inactifs";"";"Non";"Non";"Non";"Vue créée dans la liste OBJ. | Execution : DSE-VUES-OBJ-20260907-120403";"JRN-20260907120419469-780";"JOURNAL - TYPEEVENEMENT - CREATION | JOURNAL - SOURCE - PowerShell DSE - Pascal ZIMMER | JOURNAL - RESULTAT - SUCCES";"";"";"";"";"";"";"";"";"09/17/2026 13:41:19";"09/07/2026 10:04:22";"";""
"35";"JRN-20260907120421652-615";"";"";"";"07/09/2026 12:04:21";"Creation vue SharePoint";"";"OBJ - À contrôler";"";"Non";"Non";"Non";"Vue créée dans la liste OBJ. | Execution : DSE-VUES-OBJ-20260907-120403";"JRN-20260907120421652-615";"JOURNAL - TYPEEVENEMENT - CREATION | JOURNAL - SOURCE - PowerShell DSE - Pascal ZIMMER | JOURNAL - RESULTAT - SUCCES";"";"";"";"";"";"";"";"";"09/17/2026 13:41:21";"09/07/2026 10:04:23";"";""
"36";"JRN-20260907120423762-309";"";"";"";"07/09/2026 12:04:23";"Creation vue SharePoint";"";"OBJ - Applications";"";"Non";"Non";"Non";"Vue créée dans la liste OBJ. | Execution : DSE-VUES-OBJ-20260907-120403";"JRN-20260907120423762-309";"JOURNAL - TYPEEVENEMENT - CREATION | JOURNAL - SOURCE - PowerShell DSE - Pascal ZIMMER | JOURNAL - RESULTAT - SUCCES";"";"";"";"";"";"";"";"";"09/17/2026 13:41:22";"09/07/2026 10:04:25";"";""
"37";"JRN-20260907120426264-220";"";"";"";"07/09/2026 12:04:26";"Creation vue SharePoint";"";"OBJ - Comptes";"";"Non";"Non";"Non";"Vue créée dans la liste OBJ. | Execution : DSE-VUES-OBJ-20260907-120403";"JRN-20260907120426264-220";"JOURNAL - TYPEEVENEMENT - CREATION | JOURNAL - SOURCE - PowerShell DSE - Pascal ZIMMER | JOURNAL - RESULTAT - SUCCES";"";"";"";"";"";"";"";"";"09/17/2026 13:41:24";"09/07/2026 10:04:28";"";""
"38";"JRN-20260907120428868-162";"";"";"";"07/09/2026 12:04:28";"Creation vue SharePoint";"";"OBJ - Sites";"";"Non";"Non";"Non";"Vue créée dans la liste OBJ. | Execution : DSE-VUES-OBJ-20260907-120403";"JRN-20260907120428868-162";"JOURNAL - TYPEEVENEMENT - CREATION | JOURNAL - SOURCE - PowerShell DSE - Pascal ZIMMER | JOURNAL - RESULTAT - SUCCES";"";"";"";"";"";"";"";"";"09/17/2026 13:41:25";"09/07/2026 10:04:31";"";""
"39";"JRN-20260907120430164-375";"";"";"";"07/09/2026 12:04:30";"Analyse des vues multi-listes";"";"";"";"Non";"Non";"Non";"OBJ - Sans relations, OBJ - Avec dépendances et OBJ - Journalisés seront calculées dans APP 01 avec OBJ-REL et OBJ-JRN. | Execution : DSE-VUES-OBJ-20260907-120403";"JRN-20260907120430164-375";"JOURNAL - TYPEEVENEMENT - CONTROLE | JOURNAL - SOURCE - PowerShell DSE - Pascal ZIMMER | JOURNAL - RESULTAT - REPORTE_APP_01";"";"";"";"";"";"";"";"";"09/17/2026 13:41:27";"09/07/2026 10:04:32";"";""
"40";"JRN-20260907120431880-917";"";"";"";"07/09/2026 12:04:31";"Verification finale des vues OBJ";"";"";"";"Non";"Non";"Non";"Créations=7, mises à jour=0, ignorées=0, erreurs=0. | Execution : DSE-VUES-OBJ-20260907-120403";"JRN-20260907120431880-917";"JOURNAL - TYPEEVENEMENT - CONTROLE | JOURNAL - SOURCE - PowerShell DSE - Pascal ZIMMER | JOURNAL - RESULTAT - CONFORME";"";"";"";"";"";"";"";"";"09/17/2026 13:41:29";"09/07/2026 10:04:33";"";""
"41";"JRN-20260907120432862-201";"";"";"";"07/09/2026 12:04:32";"Creation et mise a jour des vues OBJ";"";"";"";"Non";"Non";"Non";"Traitement terminé. Créations=7, mises à jour=0, ignorées=0, erreurs=0. | Execution : DSE-VUES-OBJ-20260907-120403";"JRN-20260907120432862-201";"JOURNAL - TYPEEVENEMENT - FIN | JOURNAL - SOURCE - PowerShell DSE - Pascal ZIMMER | JOURNAL - RESULTAT - TERMINE";"";"";"";"";"";"";"";"";"09/17/2026 13:41:30";"09/07/2026 10:04:34";"";""
"42";"JRN-20260907120555371-143";"";"";"";"";"Contrôle des vues OBJ après erreur de syntaxe";"";"";"";"Non";"Non";"Non";"Début du contrôle. Aucune vue ne sera créée, modifiée ou supprimée. | Execution : DSE-CONTROLE-VUES-20260907-120555";"JRN-20260907120555371-143";"JOURNAL - TYPEEVENEMENT - DEBUT | JOURNAL - SOURCE - DSE-CONTROLE-VUES-OBJ.ps1 | JOURNAL - RESULTAT - DEMARRAGE";"";"";"";"";"";"";"";"";"09/17/2026 13:41:32";"09/07/2026 10:05:57";"";""
"43";"JRN-20260907120556888-323";"";"";"";"";"Contrôle de la vue OBJ - Tous";"";"";"";"Non";"Non";"Non";"Vue présente une seule fois. | Execution : DSE-CONTROLE-VUES-20260907-120555";"JRN-20260907120556888-323";"JOURNAL - TYPEEVENEMENT - CONTROLE | JOURNAL - SOURCE - DSE-CONTROLE-VUES-OBJ.ps1 | JOURNAL - RESULTAT - CONFORME";"";"";"";"";"";"";"";"";"09/17/2026 13:41:33";"09/07/2026 10:05:58";"";""
"44";"JRN-20260907120557596-227";"";"";"";"";"Contrôle de la vue OBJ - Actifs";"";"";"";"Non";"Non";"Non";"Vue présente une seule fois. | Execution : DSE-CONTROLE-VUES-20260907-120555";"JRN-20260907120557596-227";"JOURNAL - TYPEEVENEMENT - CONTROLE | JOURNAL - SOURCE - DSE-CONTROLE-VUES-OBJ.ps1 | JOURNAL - RESULTAT - CONFORME";"";"";"";"";"";"";"";"";"09/17/2026 13:41:35";"09/07/2026 10:05:59";"";""
"45";"JRN-20260907120558345-647";"";"";"";"";"Contrôle de la vue OBJ - Inactifs";"";"";"";"Non";"Non";"Non";"Vue présente une seule fois. | Execution : DSE-CONTROLE-VUES-20260907-120555";"JRN-20260907120558345-647";"JOURNAL - TYPEEVENEMENT - CONTROLE | JOURNAL - SOURCE - DSE-CONTROLE-VUES-OBJ.ps1 | JOURNAL - RESULTAT - CONFORME";"";"";"";"";"";"";"";"";"09/17/2026 13:41:36";"09/07/2026 10:06:00";"";""
"46";"JRN-20260907120559104-952";"";"";"";"";"Contrôle de la vue OBJ - À contrôler";"";"";"";"Non";"Non";"Non";"Vue présente une seule fois. | Execution : DSE-CONTROLE-VUES-20260907-120555";"JRN-20260907120559104-952";"JOURNAL - TYPEEVENEMENT - CONTROLE | JOURNAL - SOURCE - DSE-CONTROLE-VUES-OBJ.ps1 | JOURNAL - RESULTAT - CONFORME";"";"";"";"";"";"";"";"";"09/17/2026 13:41:38";"09/07/2026 10:06:00";"";""
"47";"JRN-20260907120559932-378";"";"";"";"";"Contrôle de la vue OBJ - Applications";"";"";"";"Non";"Non";"Non";"Vue présente une seule fois. | Execution : DSE-CONTROLE-VUES-20260907-120555";"JRN-20260907120559932-378";"JOURNAL - TYPEEVENEMENT - CONTROLE | JOURNAL - SOURCE - DSE-CONTROLE-VUES-OBJ.ps1 | JOURNAL - RESULTAT - CONFORME";"";"";"";"";"";"";"";"";"09/17/2026 13:41:39";"09/07/2026 10:06:01";"";""
"48";"JRN-20260907120600659-791";"";"";"";"";"Contrôle de la vue OBJ - Comptes";"";"";"";"Non";"Non";"Non";"Vue présente une seule fois. | Execution : DSE-CONTROLE-VUES-20260907-120555";"JRN-20260907120600659-791";"JOURNAL - TYPEEVENEMENT - CONTROLE | JOURNAL - SOURCE - DSE-CONTROLE-VUES-OBJ.ps1 | JOURNAL - RESULTAT - CONFORME";"";"";"";"";"";"";"";"";"09/17/2026 13:41:41";"09/07/2026 10:06:02";"";""
"49";"JRN-20260907120601393-570";"";"";"";"";"Contrôle de la vue OBJ - Sites";"";"";"";"Non";"Non";"Non";"Vue présente une seule fois. | Execution : DSE-CONTROLE-VUES-20260907-120555";"JRN-20260907120601393-570";"JOURNAL - TYPEEVENEMENT - CONTROLE | JOURNAL - SOURCE - DSE-CONTROLE-VUES-OBJ.ps1 | JOURNAL - RESULTAT - CONFORME";"";"";"";"";"";"";"";"";"09/17/2026 13:41:42";"09/07/2026 10:06:03";"";""
"50";"JRN-20260907120602300-506";"";"";"";"";"Correction de l'erreur de syntaxe du script des vues";"";"";"";"Non";"Non";"Non";"Instruction incomplète supprimée. Contrôle réalisé sans création ni suppression. Conformes=7, Manquantes=0, Doublons=0. | Execution : DSE-CONTROLE-VUES-20260907-120555";"JRN-20260907120602300-506";"JOURNAL - TYPEEVENEMENT - CORRECTION | JOURNAL - SOURCE - DSE-CONTROLE-VUES-OBJ.ps1 | JOURNAL - RESULTAT - SUCCES";"";"";"";"";"";"";"";"";"09/17/2026 13:41:44";"09/07/2026 10:06:04";"";""
"51";"JRN-20260907120602994-831";"";"";"";"";"Contrôle des vues OBJ après erreur de syntaxe";"";"";"";"Non";"Non";"Non";"Contrôle terminé. Conformes=7, Manquantes=0, Doublons=0. | Execution : DSE-CONTROLE-VUES-20260907-120555";"JRN-20260907120602994-831";"JOURNAL - TYPEEVENEMENT - FIN | JOURNAL - SOURCE - DSE-CONTROLE-VUES-OBJ.ps1 | JOURNAL - RESULTAT - TERMINE";"";"";"";"";"";"";"";"";"09/17/2026 13:41:45";"09/07/2026 10:06:04";"";""
"52";"JRN-DSE-20260907-001";"";"";"";"07/09/2026 14:35:19";"Validation Architecture DSE Progressive";"";"";"";"Non";"Oui";"Non";"Validation officielle de la méthode DSE.

OBJ devient la source officielle unique.

Tout élément peut être référencé :
- Page
- Section
- Module
- Composant
- Bannière
- FAQ
- Application
- Agent IA
- Liste
- Formulaire
- Rapport
- Workflow

OBJ-REL gère les relations.

OBJ-JRN conserve l'historique.

OBJ-REF classe les éléments.

Mise en œuvre rapide.
Référencement immédiat.
Journalisation systématique.
Amélioration continue.

Les usages réels détermineront les futurs standards DSE.

Validation officielle :
Pascal ZIMMER
07/09/2026";"";"JOURNAL - TYPEEVENEMENT - VALIDATION | JOURNAL - SOURCE - DSE | JOURNAL - RESULTAT - VALIDE";"";"";"";"";"";"";"";"";"09/17/2026 13:41:47";"09/07/2026 12:35:21";"";""
"53";"JRN-AUDIT-DSE-000001";"";"";"";"";"Création du référentiel COCKPIT AUDIT DSE";"";"";"";"Non";"Non";"Non";"Création officielle du cockpit AUDIT DSE";"";"JOURNAL - TYPEEVENEMENT - CREATION | JOURNAL - SOURCE - MANUEL | JOURNAL - RESULTAT - SUCCES";"";"";"";"";"";"";"";"";"09/17/2026 13:41:48";"09/07/2026 15:11:36";"";""
"54";"JRN-AUDIT-DSE-DEBUT-20260907171153";"";"";"";"07/09/2026 17:11:53";"Début création Cockpit Audit DSE";"";"";"";"Non";"Non";"Non";"Début du référencement du Cockpit Audit DSE.";"";"JOURNAL - TYPEEVENEMENT - CREATION | JOURNAL - SOURCE - MANUEL | JOURNAL - RESULTAT - SUCCES";"";"";"";"";"";"";"";"";"09/17/2026 13:41:49";"09/07/2026 15:11:55";"";""
"55";"JRN-AUDIT-DSE-20260907171154";"";"";"";"07/09/2026 17:11:54";"Validation architecture Cockpit Audit DSE";"";"";"";"Non";"Non";"Non";"Page Cockpit Audit DSE validée.

Sections :
- Bannière principale
- Résumé système
- Contrôle OBJ
- Contrôle OBJ-REL
- Contrôle OBJ-JRN
- Contrôle Pages SharePoint
- Analyse Pasc ARA IA
- Actions Super Administrateur
- État global DSE

Validation officielle Pascal ZIMMER.";"";"JOURNAL - TYPEEVENEMENT - VALIDATION | JOURNAL - SOURCE - IA | JOURNAL - RESULTAT - SUCCES";"";"";"";"";"";"";"";"";"09/17/2026 13:41:51";"09/07/2026 15:11:56";"";""
"56";"TEST-JRN-001";"";"";"";"09/08/2026 15:48:34";"Test Jounalisation Universelle";"";"";"";"Non";"Non";"Non";"Premier test du journal central DSE";"";"JOURNAL - SOURCE - WORKFLOW | JOURNAL - RESULTAT - SUCCES";"";"";"";"";"";"";"";"";"09/17/2026 13:41:52";"09/08/2026 15:48:35";"";""
"58";"TEST-JRN-20260908-1549";"";"";"";"09/08/2026 15:52:18";"Test Jounalisation Universelle";"";"";"";"Non";"Non";"Non";"Premier test du journal central DSE";"";"JOURNAL - SOURCE - WORKFLOW | JOURNAL - RESULTAT - SUCCES";"";"";"";"";"";"";"";"";"09/17/2026 13:41:54";"09/08/2026 15:52:20";"";""
"59";"JRN-20260908155748";"";"";"";"09/08/2026 15:57:48";"Test Jounalisation Universelle";"";"";"";"Non";"Non";"Non";"Premier test du journal central DSE";"";"JOURNAL - SOURCE - WORKFLOW | JOURNAL - RESULTAT - SUCCES";"";"";"";"";"";"";"";"";"09/17/2026 13:41:55";"09/08/2026 15:57:49";"";""
"60";"DSE-JRN-001-20260908";"";"";"";"09/08/2026 06:05:00";"";"";"";"";"Non";"Non";"Non";"Validation officielle :

Première version opérationnelle du moteur
de journalisation universelle DSE.

Création automatique dans OBJ-JRN validée.
ID automatique validé.
Date automatique validée.

Statut : VALIDÉ ✅";"";"JOURNAL - TYPEEVENEMENT - CREATION | JOURNAL - SOURCE - WORKFLOW | JOURNAL - RESULTAT - SUCCES";"";"";"";"";"";"";"";"";"09/17/2026 13:41:57";"09/08/2026 16:06:00";"";""
"61";"JRN-20260908161920";"";"";"";"09/08/2026 16:19:20";"P_ACTION";"";"";"";"Non";"Non";"Non";"P_NOTES";"";"JOURNAL - SOURCE - P_SOURCE | JOURNAL - RESULTAT - P_RESULTAT";"";"";"";"";"";"";"";"";"09/17/2026 13:41:58";"09/08/2026 16:19:21";"";""
"62";"JRN-20260910050737";"";"";"";"09/10/2026 05:07:37";"";"";"";"";"Non";"Non";"Non";"";"";"JOURNAL - HISTORIQUE NON CLASSIFIE";"";"";"";"";"";"";"";"";"09/17/2026 14:04:08";"09/10/2026 05:07:38";"";""
"63";"JRN-20260910051200";"";"";"";"09/10/2026 05:12:00";"";"";"";"";"Non";"Non";"Non";"";"";"JOURNAL - HISTORIQUE NON CLASSIFIE";"";"";"";"";"";"";"";"";"09/17/2026 14:04:08";"09/10/2026 05:12:01";"";""
"64";"JRN-GEO-20260910074245457";"";"";"";"10/09/2026 07:42:45";"Debut import CSV vers OBJ-GEO-LANGUE";"";"";"";"Non";"Non";"Non";"Operation : DSE-GEO-LANGUE-IMPORT-20260910-074243
Liste cible : OBJ-GEO-LANGUE
Fichier CSV : C:\Users\PascalZIMMER_b9lyro1\DemainSite\DEM - Ecosysteme - DSE - Coffre Ford\CSV\GEO\GEO-LANGUES.csv
Etape : DEBUT
Resultat : SUCCES

Demarrage du controle et de l'import des langues.";"";"JOURNAL - TYPEEVENEMENT - DEBUT | JOURNAL - SOURCE - POWERSHELL | JOURNAL - RESULTAT - SUCCES";"";"";"";"";"";"";"";"";"09/17/2026 13:42:00";"09/10/2026 05:42:47";"";""
"65";"JRN-GEO-20260910074830569";"";"";"";"10/09/2026 07:48:30";"Debut import OBJ-GEO-LANGUE";"";"";"";"Non";"Non";"Non";"Operation : IMPORT-GEO-LANGUE-20260910-074827
C:\Users\PascalZIMMER_b9lyro1\DemainSite\DEM - Ecosysteme - DSE - Coffre Ford\CSV\GEO\GEO-LANGUES.csv";"";"JOURNAL - TYPEEVENEMENT - CREATION | JOURNAL - SOURCE - MANUEL | JOURNAL - RESULTAT - SUCCES";"";"";"";"";"";"";"";"";"09/17/2026 13:42:01";"09/10/2026 05:48:32";"";""
"66";"JRN-GEO-20260910074833706";"";"";"";"10/09/2026 07:48:33";"Creation langue : Afrikaans";"";"";"";"Non";"Non";"Non";"Operation : IMPORT-GEO-LANGUE-20260910-074827
ID=ID-GEO-LAN-000001; Code=AF; ISO=af; SharePoint=1";"";"JOURNAL - TYPEEVENEMENT - CREATION | JOURNAL - SOURCE - MANUEL | JOURNAL - RESULTAT - SUCCES";"";"";"";"";"";"";"";"";"09/17/2026 13:42:03";"09/10/2026 05:48:35";"";""
"67";"JRN-GEO-20260910074836158";"";"";"";"10/09/2026 07:48:36";"Creation langue : Amharique";"";"";"";"Non";"Non";"Non";"Operation : IMPORT-GEO-LANGUE-20260910-074827
ID=ID-GEO-LAN-000002; Code=AM; ISO=am; SharePoint=2";"";"JOURNAL - TYPEEVENEMENT - CREATION | JOURNAL - SOURCE - MANUEL | JOURNAL - RESULTAT - SUCCES";"";"";"";"";"";"";"";"";"09/17/2026 13:42:04";"09/10/2026 05:48:37";"";""
"68";"JRN-GEO-20260910074838620";"";"";"";"10/09/2026 07:48:38";"Creation langue : Arabe";"";"";"";"Non";"Non";"Non";"Operation : IMPORT-GEO-LANGUE-20260910-074827
ID=ID-GEO-LAN-000003; Code=AR; ISO=ar; SharePoint=3";"";"JOURNAL - TYPEEVENEMENT - CREATION | JOURNAL - SOURCE - MANUEL | JOURNAL - RESULTAT - SUCCES";"";"";"";"";"";"";"";"";"09/17/2026 13:42:06";"09/10/2026 05:48:40";"";""
"69";"JRN-GEO-20260910074840706";"";"";"";"10/09/2026 07:48:40";"Creation langue : Aymara";"";"";"";"Non";"Non";"Non";"Operation : IMPORT-GEO-LANGUE-20260910-074827
ID=ID-GEO-LAN-000004; Code=AY; ISO=ay; SharePoint=4";"";"JOURNAL - TYPEEVENEMENT - CREATION | JOURNAL - SOURCE - MANUEL | JOURNAL - RESULTAT - SUCCES";"";"";"";"";"";"";"";"";"09/17/2026 13:42:07";"09/10/2026 05:48:42";"";""
"70";"JRN-GEO-20260910074842757";"";"";"";"10/09/2026 07:48:42";"Creation langue : Azéri";"";"";"";"Non";"Non";"Non";"Operation : IMPORT-GEO-LANGUE-20260910-074827
ID=ID-GEO-LAN-000005; Code=AZ; ISO=az; SharePoint=5";"";"JOURNAL - TYPEEVENEMENT - CREATION | JOURNAL - SOURCE - MANUEL | JOURNAL - RESULTAT - SUCCES";"";"";"";"";"";"";"";"";"09/17/2026 13:42:09";"09/10/2026 05:48:44";"";""
"71";"JRN-GEO-20260910074844957";"";"";"";"10/09/2026 07:48:44";"Creation langue : Biélorusse";"";"";"";"Non";"Non";"Non";"Operation : IMPORT-GEO-LANGUE-20260910-074827
ID=ID-GEO-LAN-000006; Code=BE; ISO=be; SharePoint=6";"";"JOURNAL - TYPEEVENEMENT - CREATION | JOURNAL - SOURCE - MANUEL | JOURNAL - RESULTAT - SUCCES";"";"";"";"";"";"";"";"";"09/17/2026 13:42:10";"09/10/2026 05:48:46";"";""
"72";"JRN-GEO-20260910074847084";"";"";"";"10/09/2026 07:48:47";"Creation langue : Bulgare";"";"";"";"Non";"Non";"Non";"Operation : IMPORT-GEO-LANGUE-20260910-074827
ID=ID-GEO-LAN-000007; Code=BG; ISO=bg; SharePoint=7";"";"JOURNAL - TYPEEVENEMENT - CREATION | JOURNAL - SOURCE - MANUEL | JOURNAL - RESULTAT - SUCCES";"";"";"";"";"";"";"";"";"09/17/2026 13:42:12";"09/10/2026 05:48:48";"";""
"73";"JRN-GEO-20260910074849238";"";"";"";"10/09/2026 07:48:49";"Creation langue : Bichelamar";"";"";"";"Non";"Non";"Non";"Operation : IMPORT-GEO-LANGUE-20260910-074827
ID=ID-GEO-LAN-000008; Code=BI; ISO=bi; SharePoint=8";"";"JOURNAL - TYPEEVENEMENT - CREATION | JOURNAL - SOURCE - MANUEL | JOURNAL - RESULTAT - SUCCES";"";"";"";"";"";"";"";"";"09/17/2026 13:42:13";"09/10/2026 05:48:50";"";""
"74";"JRN-GEO-20260910074851306";"";"";"";"10/09/2026 07:48:51";"Creation langue : Bengali";"";"";"";"Non";"Non";"Non";"Operation : IMPORT-GEO-LANGUE-20260910-074827
ID=ID-GEO-LAN-000009; Code=BN; ISO=bn; SharePoint=9";"";"JOURNAL - TYPEEVENEMENT - CREATION | JOURNAL - SOURCE - MANUEL | JOURNAL - RESULTAT - SUCCES";"";"";"";"";"";"";"";"";"09/17/2026 13:42:15";"09/10/2026 05:48:52";"";""
"75";"JRN-GEO-20260910074853561";"";"";"";"10/09/2026 07:48:53";"Creation langue : Bosnien";"";"";"";"Non";"Non";"Non";"Operation : IMPORT-GEO-LANGUE-20260910-074827
ID=ID-GEO-LAN-000010; Code=BS; ISO=bs; SharePoint=10";"";"JOURNAL - TYPEEVENEMENT - CREATION | JOURNAL - SOURCE - MANUEL | JOURNAL - RESULTAT - SUCCES";"";"";"";"";"";"";"";"";"09/17/2026 13:42:16";"09/10/2026 05:48:54";"";""
"76";"JRN-GEO-20260910074855563";"";"";"";"10/09/2026 07:48:55";"Creation langue : Catalan";"";"";"";"Non";"Non";"Non";"Operation : IMPORT-GEO-LANGUE-20260910-074827
ID=ID-GEO-LAN-000011; Code=CA; ISO=ca; SharePoint=11";"";"JOURNAL - TYPEEVENEMENT - CREATION | JOURNAL - SOURCE - MANUEL | JOURNAL - RESULTAT - SUCCES";"";"";"";"";"";"";"";"";"09/17/2026 13:42:18";"09/10/2026 05:48:56";"";""
"77";"JRN-GEO-20260910074857603";"";"";"";"10/09/2026 07:48:57";"Creation langue : Chamorro";"";"";"";"Non";"Non";"Non";"Operation : IMPORT-GEO-LANGUE-20260910-074827
ID=ID-GEO-LAN-000012; Code=CH; ISO=ch; SharePoint=12";"";"JOURNAL - TYPEEVENEMENT - CREATION | JOURNAL - SOURCE - MANUEL | JOURNAL - RESULTAT - SUCCES";"";"";"";"";"";"";"";"";"09/17/2026 13:42:19";"09/10/2026 05:48:59";"";""
"78";"JRN-GEO-20260910074859583";"";"";"";"10/09/2026 07:48:59";"Creation langue : Tchèque";"";"";"";"Non";"Non";"Non";"Operation : IMPORT-GEO-LANGUE-20260910-074827
ID=ID-GEO-LAN-000013; Code=CS; ISO=cs; SharePoint=13";"";"JOURNAL - TYPEEVENEMENT - CREATION | JOURNAL - SOURCE - MANUEL | JOURNAL - RESULTAT - SUCCES";"";"";"";"";"";"";"";"";"09/17/2026 13:42:20";"09/10/2026 05:49:00";"";""
"79";"JRN-GEO-20260910074901717";"";"";"";"10/09/2026 07:49:01";"Creation langue : Danois";"";"";"";"Non";"Non";"Non";"Operation : IMPORT-GEO-LANGUE-20260910-074827
ID=ID-GEO-LAN-000014; Code=DA; ISO=da; SharePoint=14";"";"JOURNAL - TYPEEVENEMENT - CREATION | JOURNAL - SOURCE - MANUEL | JOURNAL - RESULTAT - SUCCES";"";"";"";"";"";"";"";"";"09/17/2026 13:42:23";"09/10/2026 05:49:03";"";""
"80";"JRN-GEO-20260910074903688";"";"";"";"10/09/2026 07:49:03";"Creation langue : Allemand";"";"";"";"Non";"Non";"Non";"Operation : IMPORT-GEO-LANGUE-20260910-074827
ID=ID-GEO-LAN-000015; Code=DE; ISO=de; SharePoint=15";"";"JOURNAL - TYPEEVENEMENT - CREATION | JOURNAL - SOURCE - MANUEL | JOURNAL - RESULTAT - SUCCES";"";"";"";"";"";"";"";"";"09/17/2026 13:42:23";"09/10/2026 05:49:05";"";""
"81";"JRN-GEO-20260910074905658";"";"";"";"10/09/2026 07:49:05";"Creation langue : Maldivien";"";"";"";"Non";"Non";"Non";"Operation : IMPORT-GEO-LANGUE-20260910-074827
ID=ID-GEO-LAN-000016; Code=DV; ISO=dv; SharePoint=16";"";"JOURNAL - TYPEEVENEMENT - CREATION | JOURNAL - SOURCE - MANUEL | JOURNAL - RESULTAT - SUCCES";"";"";"";"";"";"";"";"";"09/17/2026 13:42:25";"09/10/2026 05:49:07";"";""
"82";"JRN-GEO-20260910074907671";"";"";"";"10/09/2026 07:49:07";"Creation langue : Dzongkha";"";"";"";"Non";"Non";"Non";"Operation : IMPORT-GEO-LANGUE-20260910-074827
ID=ID-GEO-LAN-000017; Code=DZ; ISO=dz; SharePoint=17";"";"JOURNAL - TYPEEVENEMENT - CREATION | JOURNAL - SOURCE - MANUEL | JOURNAL - RESULTAT - SUCCES";"";"";"";"";"";"";"";"";"09/17/2026 13:42:26";"09/10/2026 05:49:09";"";""
"83";"JRN-GEO-20260910074909665";"";"";"";"10/09/2026 07:49:09";"Creation langue : Grec";"";"";"";"Non";"Non";"Non";"Operation : IMPORT-GEO-LANGUE-20260910-074827
ID=ID-GEO-LAN-000018; Code=EL; ISO=el; SharePoint=18";"";"JOURNAL - TYPEEVENEMENT - CREATION | JOURNAL - SOURCE - MANUEL | JOURNAL - RESULTAT - SUCCES";"";"";"";"";"";"";"";"";"09/17/2026 13:42:29";"09/10/2026 05:49:11";"";""
"84";"JRN-GEO-20260910074911790";"";"";"";"10/09/2026 07:49:11";"Creation langue : Anglais";"";"";"";"Non";"Non";"Non";"Operation : IMPORT-GEO-LANGUE-20260910-074827
ID=ID-GEO-LAN-000019; Code=EN; ISO=en; SharePoint=19";"";"JOURNAL - TYPEEVENEMENT - CREATION | JOURNAL - SOURCE - MANUEL | JOURNAL - RESULTAT - SUCCES";"";"";"";"";"";"";"";"";"09/17/2026 13:42:30";"09/10/2026 05:49:13";"";""
"85";"JRN-GEO-20260910074913934";"";"";"";"10/09/2026 07:49:13";"Creation langue : Espagnol";"";"";"";"Non";"Non";"Non";"Operation : IMPORT-GEO-LANGUE-20260910-074827
ID=ID-GEO-LAN-000020; Code=ES; ISO=es; SharePoint=20";"";"JOURNAL - TYPEEVENEMENT - CREATION | JOURNAL - SOURCE - MANUEL | JOURNAL - RESULTAT - SUCCES";"";"";"";"";"";"";"";"";"09/17/2026 13:42:31";"09/10/2026 05:49:15";"";""
"86";"JRN-GEO-20260910074916075";"";"";"";"10/09/2026 07:49:16";"Creation langue : Estonien";"";"";"";"Non";"Non";"Non";"Operation : IMPORT-GEO-LANGUE-20260910-074827
ID=ID-GEO-LAN-000021; Code=ET; ISO=et; SharePoint=21";"";"JOURNAL - TYPEEVENEMENT - CREATION | JOURNAL - SOURCE - MANUEL | JOURNAL - RESULTAT - SUCCES";"";"";"";"";"";"";"";"";"09/17/2026 13:42:33";"09/10/2026 05:49:17";"";""
"87";"JRN-GEO-20260910074918157";"";"";"";"10/09/2026 07:49:18";"Creation langue : Persan";"";"";"";"Non";"Non";"Non";"Operation : IMPORT-GEO-LANGUE-20260910-074827
ID=ID-GEO-LAN-000022; Code=FA; ISO=fa; SharePoint=22";"";"JOURNAL - TYPEEVENEMENT - CREATION | JOURNAL - SOURCE - MANUEL | JOURNAL - RESULTAT - SUCCES";"";"";"";"";"";"";"";"";"09/17/2026 13:42:34";"09/10/2026 05:49:19";"";""
"88";"JRN-GEO-20260910074920231";"";"";"";"10/09/2026 07:49:20";"Creation langue : Peul";"";"";"";"Non";"Non";"Non";"Operation : IMPORT-GEO-LANGUE-20260910-074827
ID=ID-GEO-LAN-000023; Code=FF; ISO=ff; SharePoint=23";"";"JOURNAL - TYPEEVENEMENT - CREATION | JOURNAL - SOURCE - MANUEL | JOURNAL - RESULTAT - SUCCES";"";"";"";"";"";"";"";"";"09/17/2026 13:42:36";"09/10/2026 05:49:21";"";""
"89";"JRN-GEO-20260910074922282";"";"";"";"10/09/2026 07:49:22";"Creation langue : Finnois";"";"";"";"Non";"Non";"Non";"Operation : IMPORT-GEO-LANGUE-20260910-074827
ID=ID-GEO-LAN-000024; Code=FI; ISO=fi; SharePoint=24";"";"JOURNAL - TYPEEVENEMENT - CREATION | JOURNAL - SOURCE - MANUEL | JOURNAL - RESULTAT - SUCCES";"";"";"";"";"";"";"";"";"09/17/2026 13:42:37";"09/10/2026 05:49:23";"";""
"90";"JRN-GEO-20260910074924325";"";"";"";"10/09/2026 07:49:24";"Creation langue : Fidjien";"";"";"";"Non";"Non";"Non";"Operation : IMPORT-GEO-LANGUE-20260910-074827
ID=ID-GEO-LAN-000025; Code=FJ; ISO=fj; SharePoint=25";"";"JOURNAL - TYPEEVENEMENT - CREATION | JOURNAL - SOURCE - MANUEL | JOURNAL - RESULTAT - SUCCES";"";"";"";"";"";"";"";"";"09/17/2026 13:42:38";"09/10/2026 05:49:25";"";""
"91";"JRN-GEO-20260910074926293";"";"";"";"10/09/2026 07:49:26";"Creation langue : Féroïen";"";"";"";"Non";"Non";"Non";"Operation : IMPORT-GEO-LANGUE-20260910-074827
ID=ID-GEO-LAN-000026; Code=FO; ISO=fo; SharePoint=26";"";"JOURNAL - TYPEEVENEMENT - CREATION | JOURNAL - SOURCE - MANUEL | JOURNAL - RESULTAT - SUCCES";"";"";"";"";"";"";"";"";"09/17/2026 13:42:41";"09/10/2026 05:49:27";"";""
"92";"JRN-GEO-20260910074928475";"";"";"";"10/09/2026 07:49:28";"Creation langue : Français";"";"";"";"Non";"Non";"Non";"Operation : IMPORT-GEO-LANGUE-20260910-074827
ID=ID-GEO-LAN-000027; Code=FR; ISO=fr; SharePoint=27";"";"JOURNAL - TYPEEVENEMENT - CREATION | JOURNAL - SOURCE - MANUEL | JOURNAL - RESULTAT - SUCCES";"";"";"";"";"";"";"";"";"09/17/2026 13:42:41";"09/10/2026 05:49:29";"";""
"93";"JRN-GEO-20260910074930860";"";"";"";"10/09/2026 07:49:30";"Creation langue : Irlandais";"";"";"";"Non";"Non";"Non";"Operation : IMPORT-GEO-LANGUE-20260910-074827
ID=ID-GEO-LAN-000028; Code=GA; ISO=ga; SharePoint=28";"";"JOURNAL - TYPEEVENEMENT - CREATION | JOURNAL - SOURCE - MANUEL | JOURNAL - RESULTAT - SUCCES";"";"";"";"";"";"";"";"";"09/17/2026 13:42:44";"09/10/2026 05:49:32";"";""
"94";"JRN-GEO-20260910074933110";"";"";"";"10/09/2026 07:49:33";"Creation langue : Guarani";"";"";"";"Non";"Non";"Non";"Operation : IMPORT-GEO-LANGUE-20260910-074827
ID=ID-GEO-LAN-000029; Code=GN; ISO=gn; SharePoint=29";"";"JOURNAL - TYPEEVENEMENT - CREATION | JOURNAL - SOURCE - MANUEL | JOURNAL - RESULTAT - SUCCES";"";"";"";"";"";"";"";"";"09/17/2026 13:42:44";"09/10/2026 05:49:34";"";""
"95";"JRN-GEO-20260910074935300";"";"";"";"10/09/2026 07:49:35";"Creation langue : Mannois";"";"";"";"Non";"Non";"Non";"Operation : IMPORT-GEO-LANGUE-20260910-074827
ID=ID-GEO-LAN-000030; Code=GV; ISO=gv; SharePoint=30";"";"JOURNAL - TYPEEVENEMENT - CREATION | JOURNAL - SOURCE - MANUEL | JOURNAL - RESULTAT - SUCCES";"";"";"";"";"";"";"";"";"09/17/2026 13:42:46";"09/10/2026 05:49:36";"";""
"96";"JRN-GEO-20260910074937309";"";"";"";"10/09/2026 07:49:37";"Creation langue : Hébreu";"";"";"";"Non";"Non";"Non";"Operation : IMPORT-GEO-LANGUE-20260910-074827
ID=ID-GEO-LAN-000031; Code=HE; ISO=he; SharePoint=31";"";"JOURNAL - TYPEEVENEMENT - CREATION | JOURNAL - SOURCE - MANUEL | JOURNAL - RESULTAT - SUCCES";"";"";"";"";"";"";"";"";"09/17/2026 13:42:47";"09/10/2026 05:49:38";"";""
"97";"JRN-GEO-20260910074939269";"";"";"";"10/09/2026 07:49:39";"Creation langue : Hindi";"";"";"";"Non";"Non";"Non";"Operation : IMPORT-GEO-LANGUE-20260910-074827
ID=ID-GEO-LAN-000032; Code=HI; ISO=hi; SharePoint=32";"";"JOURNAL - TYPEEVENEMENT - CREATION | JOURNAL - SOURCE - MANUEL | JOURNAL - RESULTAT - SUCCES";"";"";"";"";"";"";"";"";"09/17/2026 13:42:49";"09/10/2026 05:49:40";"";""
"98";"JRN-GEO-20260910074941334";"";"";"";"10/09/2026 07:49:41";"Creation langue : Croate";"";"";"";"Non";"Non";"Non";"Operation : IMPORT-GEO-LANGUE-20260910-074827
ID=ID-GEO-LAN-000033; Code=HR; ISO=hr; SharePoint=33";"";"JOURNAL - TYPEEVENEMENT - CREATION | JOURNAL - SOURCE - MANUEL | JOURNAL - RESULTAT - SUCCES";"";"";"";"";"";"";"";"";"09/17/2026 13:42:50";"09/10/2026 05:49:42";"";""
"99";"JRN-GEO-20260910074943290";"";"";"";"10/09/2026 07:49:43";"Creation langue : Créole haïtien";"";"";"";"Non";"Non";"Non";"Operation : IMPORT-GEO-LANGUE-20260910-074827
ID=ID-GEO-LAN-000034; Code=HT; ISO=ht; SharePoint=34";"";"JOURNAL - TYPEEVENEMENT - CREATION | JOURNAL - SOURCE - MANUEL | JOURNAL - RESULTAT - SUCCES";"";"";"";"";"";"";"";"";"09/17/2026 13:42:52";"09/10/2026 05:49:44";"";""
"100";"JRN-GEO-20260910074945238";"";"";"";"10/09/2026 07:49:45";"Creation langue : Hongrois";"";"";"";"Non";"Non";"Non";"Operation : IMPORT-GEO-LANGUE-20260910-074827
ID=ID-GEO-LAN-000035; Code=HU; ISO=hu; SharePoint=35";"";"JOURNAL - TYPEEVENEMENT - CREATION | JOURNAL - SOURCE - MANUEL | JOURNAL - RESULTAT - SUCCES";"";"";"";"";"";"";"";"";"09/17/2026 13:42:53";"09/10/2026 05:49:46";"";""
"101";"JRN-GEO-20260910074947254";"";"";"";"10/09/2026 07:49:47";"Creation langue : Arménien";"";"";"";"Non";"Non";"Non";"Operation : IMPORT-GEO-LANGUE-20260910-074827
ID=ID-GEO-LAN-000036; Code=HY; ISO=hy; SharePoint=36";"";"JOURNAL - TYPEEVENEMENT - CREATION | JOURNAL - SOURCE - MANUEL | JOURNAL - RESULTAT - SUCCES";"";"";"";"";"";"";"";"";"09/17/2026 13:42:55";"09/10/2026 05:49:48";"";""
"102";"JRN-GEO-20260910074949313";"";"";"";"10/09/2026 07:49:49";"Creation langue : Indonésien";"";"";"";"Non";"Non";"Non";"Operation : IMPORT-GEO-LANGUE-20260910-074827
ID=ID-GEO-LAN-000037; Code=ID; ISO=id; SharePoint=37";"";"JOURNAL - TYPEEVENEMENT - CREATION | JOURNAL - SOURCE - MANUEL | JOURNAL - RESULTAT - SUCCES";"";"";"";"";"";"";"";"";"09/17/2026 13:42:56";"09/10/2026 05:49:50";"";""
"103";"JRN-GEO-20260910074951387";"";"";"";"10/09/2026 07:49:51";"Creation langue : Islandais";"";"";"";"Non";"Non";"Non";"Operation : IMPORT-GEO-LANGUE-20260910-074827
ID=ID-GEO-LAN-000038; Code=IS; ISO=is; SharePoint=38";"";"JOURNAL - TYPEEVENEMENT - CREATION | JOURNAL - SOURCE - MANUEL | JOURNAL - RESULTAT - SUCCES";"";"";"";"";"";"";"";"";"09/17/2026 13:42:58";"09/10/2026 05:49:52";"";""
"104";"JRN-GEO-20260910074953557";"";"";"";"10/09/2026 07:49:53";"Creation langue : Italien";"";"";"";"Non";"Non";"Non";"Operation : IMPORT-GEO-LANGUE-20260910-074827
ID=ID-GEO-LAN-000039; Code=IT; ISO=it; SharePoint=39";"";"JOURNAL - TYPEEVENEMENT - CREATION | JOURNAL - SOURCE - MANUEL | JOURNAL - RESULTAT - SUCCES";"";"";"";"";"";"";"";"";"09/17/2026 13:42:59";"09/10/2026 05:49:54";"";""
"105";"JRN-GEO-20260910074955627";"";"";"";"10/09/2026 07:49:55";"Creation langue : Japonais";"";"";"";"Non";"Non";"Non";"Operation : IMPORT-GEO-LANGUE-20260910-074827
ID=ID-GEO-LAN-000040; Code=JA; ISO=ja; SharePoint=40";"";"JOURNAL - TYPEEVENEMENT - CREATION | JOURNAL - SOURCE - MANUEL | JOURNAL - RESULTAT - SUCCES";"";"";"";"";"";"";"";"";"09/17/2026 13:43:01";"09/10/2026 05:49:57";"";""
"106";"JRN-GEO-20260910074957823";"";"";"";"10/09/2026 07:49:57";"Creation langue : Géorgien";"";"";"";"Non";"Non";"Non";"Operation : IMPORT-GEO-LANGUE-20260910-074827
ID=ID-GEO-LAN-000041; Code=KA; ISO=ka; SharePoint=41";"";"JOURNAL - TYPEEVENEMENT - CREATION | JOURNAL - SOURCE - MANUEL | JOURNAL - RESULTAT - SUCCES";"";"";"";"";"";"";"";"";"09/17/2026 13:43:02";"09/10/2026 05:49:59";"";""
"107";"JRN-GEO-20260910074959951";"";"";"";"10/09/2026 07:49:59";"Creation langue : Kikongo";"";"";"";"Non";"Non";"Non";"Operation : IMPORT-GEO-LANGUE-20260910-074827
ID=ID-GEO-LAN-000042; Code=KG; ISO=kg; SharePoint=42";"";"JOURNAL - TYPEEVENEMENT - CREATION | JOURNAL - SOURCE - MANUEL | JOURNAL - RESULTAT - SUCCES";"";"";"";"";"";"";"";"";"09/17/2026 13:43:05";"09/10/2026 05:50:01";"";""
"108";"JRN-GEO-20260910075002278";"";"";"";"10/09/2026 07:50:02";"Creation langue : Kazakh";"";"";"";"Non";"Non";"Non";"Operation : IMPORT-GEO-LANGUE-20260910-074827
ID=ID-GEO-LAN-000043; Code=KK; ISO=kk; SharePoint=43";"";"JOURNAL - TYPEEVENEMENT - CREATION | JOURNAL - SOURCE - MANUEL | JOURNAL - RESULTAT - SUCCES";"";"";"";"";"";"";"";"";"09/17/2026 13:43:05";"09/10/2026 05:50:03";"";""
"109";"JRN-GEO-20260910075004254";"";"";"";"10/09/2026 07:50:04";"Creation langue : Groenlandais";"";"";"";"Non";"Non";"Non";"Operation : IMPORT-GEO-LANGUE-20260910-074827
ID=ID-GEO-LAN-000044; Code=KL; ISO=kl; SharePoint=44";"";"JOURNAL - TYPEEVENEMENT - CREATION | JOURNAL - SOURCE - MANUEL | JOURNAL - RESULTAT - SUCCES";"";"";"";"";"";"";"";"";"09/17/2026 13:43:07";"09/10/2026 05:50:05";"";""
"110";"JRN-GEO-20260910075006290";"";"";"";"10/09/2026 07:50:06";"Creation langue : Khmer";"";"";"";"Non";"Non";"Non";"Operation : IMPORT-GEO-LANGUE-20260910-074827
ID=ID-GEO-LAN-000045; Code=KM; ISO=km; SharePoint=45";"";"JOURNAL - TYPEEVENEMENT - CREATION | JOURNAL - SOURCE - MANUEL | JOURNAL - RESULTAT - SUCCES";"";"";"";"";"";"";"";"";"09/17/2026 13:43:08";"09/10/2026 05:50:07";"";""
"111";"JRN-GEO-20260910075008277";"";"";"";"10/09/2026 07:50:08";"Creation langue : Coréen";"";"";"";"Non";"Non";"Non";"Operation : IMPORT-GEO-LANGUE-20260910-074827
ID=ID-GEO-LAN-000046; Code=KO; ISO=ko; SharePoint=46";"";"JOURNAL - TYPEEVENEMENT - CREATION | JOURNAL - SOURCE - MANUEL | JOURNAL - RESULTAT - SUCCES";"";"";"";"";"";"";"";"";"09/17/2026 13:43:10";"09/10/2026 05:50:09";"";""
"112";"JRN-GEO-20260910075010300";"";"";"";"10/09/2026 07:50:10";"Creation langue : Kurde";"";"";"";"Non";"Non";"Non";"Operation : IMPORT-GEO-LANGUE-20260910-074827
ID=ID-GEO-LAN-000047; Code=KU; ISO=ku; SharePoint=47";"";"JOURNAL - TYPEEVENEMENT - CREATION | JOURNAL - SOURCE - MANUEL | JOURNAL - RESULTAT - SUCCES";"";"";"";"";"";"";"";"";"09/17/2026 13:43:11";"09/10/2026 05:50:11";"";""
"113";"JRN-GEO-20260910075012309";"";"";"";"10/09/2026 07:50:12";"Creation langue : Kirghize";"";"";"";"Non";"Non";"Non";"Operation : IMPORT-GEO-LANGUE-20260910-074827
ID=ID-GEO-LAN-000048; Code=KY; ISO=ky; SharePoint=48";"";"JOURNAL - TYPEEVENEMENT - CREATION | JOURNAL - SOURCE - MANUEL | JOURNAL - RESULTAT - SUCCES";"";"";"";"";"";"";"";"";"09/17/2026 13:43:13";"09/10/2026 05:50:13";"";""
"114";"JRN-GEO-20260910075014334";"";"";"";"10/09/2026 07:50:14";"Creation langue : Latin";"";"";"";"Non";"Non";"Non";"Operation : IMPORT-GEO-LANGUE-20260910-074827
ID=ID-GEO-LAN-000049; Code=LA; ISO=la; SharePoint=49";"";"JOURNAL - TYPEEVENEMENT - CREATION | JOURNAL - SOURCE - MANUEL | JOURNAL - RESULTAT - SUCCES";"";"";"";"";"";"";"";"";"09/17/2026 13:43:15";"09/10/2026 05:50:15";"";""
"115";"JRN-GEO-20260910075016434";"";"";"";"10/09/2026 07:50:16";"Creation langue : Luxembourgeois";"";"";"";"Non";"Non";"Non";"Operation : IMPORT-GEO-LANGUE-20260910-074827
ID=ID-GEO-LAN-000050; Code=LB; ISO=lb; SharePoint=50";"";"JOURNAL - TYPEEVENEMENT - CREATION | JOURNAL - SOURCE - MANUEL | JOURNAL - RESULTAT - SUCCES";"";"";"";"";"";"";"";"";"09/17/2026 13:43:15";"09/10/2026 05:50:17";"";""
"116";"JRN-GEO-20260910075018445";"";"";"";"10/09/2026 07:50:18";"Creation langue : Lingala";"";"";"";"Non";"Non";"Non";"Operation : IMPORT-GEO-LANGUE-20260910-074827
ID=ID-GEO-LAN-000051; Code=LN; ISO=ln; SharePoint=51";"";"JOURNAL - TYPEEVENEMENT - CREATION | JOURNAL - SOURCE - MANUEL | JOURNAL - RESULTAT - SUCCES";"";"";"";"";"";"";"";"";"09/17/2026 13:43:18";"09/10/2026 05:50:19";"";""
"117";"JRN-GEO-20260910075020456";"";"";"";"10/09/2026 07:50:20";"Creation langue : Lao";"";"";"";"Non";"Non";"Non";"Operation : IMPORT-GEO-LANGUE-20260910-074827
ID=ID-GEO-LAN-000052; Code=LO; ISO=lo; SharePoint=52";"";"JOURNAL - TYPEEVENEMENT - CREATION | JOURNAL - SOURCE - MANUEL | JOURNAL - RESULTAT - SUCCES";"";"";"";"";"";"";"";"";"09/17/2026 13:43:18";"09/10/2026 05:50:21";"";""
"118";"JRN-GEO-20260910075022605";"";"";"";"10/09/2026 07:50:22";"Creation langue : Lituanien";"";"";"";"Non";"Non";"Non";"Operation : IMPORT-GEO-LANGUE-20260910-074827
ID=ID-GEO-LAN-000053; Code=LT; ISO=lt; SharePoint=53";"";"JOURNAL - TYPEEVENEMENT - CREATION | JOURNAL - SOURCE - MANUEL | JOURNAL - RESULTAT - SUCCES";"";"";"";"";"";"";"";"";"09/17/2026 13:43:20";"09/10/2026 05:50:24";"";""
"119";"JRN-GEO-20260910075024659";"";"";"";"10/09/2026 07:50:24";"Creation langue : Tshiluba";"";"";"";"Non";"Non";"Non";"Operation : IMPORT-GEO-LANGUE-20260910-074827
ID=ID-GEO-LAN-000054; Code=LU; ISO=lu; SharePoint=54";"";"JOURNAL - TYPEEVENEMENT - CREATION | JOURNAL - SOURCE - MANUEL | JOURNAL - RESULTAT - SUCCES";"";"";"";"";"";"";"";"";"09/17/2026 13:43:21";"09/10/2026 05:50:26";"";""
"120";"JRN-GEO-20260910075026698";"";"";"";"10/09/2026 07:50:26";"Creation langue : Letton";"";"";"";"Non";"Non";"Non";"Operation : IMPORT-GEO-LANGUE-20260910-074827
ID=ID-GEO-LAN-000055; Code=LV; ISO=lv; SharePoint=55";"";"JOURNAL - TYPEEVENEMENT - CREATION | JOURNAL - SOURCE - MANUEL | JOURNAL - RESULTAT - SUCCES";"";"";"";"";"";"";"";"";"09/17/2026 13:43:23";"09/10/2026 05:50:28";"";""
"121";"JRN-GEO-20260910075028707";"";"";"";"10/09/2026 07:50:28";"Creation langue : Malgache";"";"";"";"Non";"Non";"Non";"Operation : IMPORT-GEO-LANGUE-20260910-074827
ID=ID-GEO-LAN-000056; Code=MG; ISO=mg; SharePoint=56";"";"JOURNAL - TYPEEVENEMENT - CREATION | JOURNAL - SOURCE - MANUEL | JOURNAL - RESULTAT - SUCCES";"";"";"";"";"";"";"";"";"09/17/2026 13:43:24";"09/10/2026 05:50:30";"";""
"122";"JRN-GEO-20260910075030769";"";"";"";"10/09/2026 07:50:30";"Creation langue : Marshallais";"";"";"";"Non";"Non";"Non";"Operation : IMPORT-GEO-LANGUE-20260910-074827
ID=ID-GEO-LAN-000057; Code=MH; ISO=mh; SharePoint=57";"";"JOURNAL - TYPEEVENEMENT - CREATION | JOURNAL - SOURCE - MANUEL | JOURNAL - RESULTAT - SUCCES";"";"";"";"";"";"";"";"";"09/17/2026 13:43:26";"09/10/2026 05:50:32";"";""
"123";"JRN-GEO-20260910075032915";"";"";"";"10/09/2026 07:50:32";"Creation langue : Maori";"";"";"";"Non";"Non";"Non";"Operation : IMPORT-GEO-LANGUE-20260910-074827
ID=ID-GEO-LAN-000058; Code=MI; ISO=mi; SharePoint=58";"";"JOURNAL - TYPEEVENEMENT - CREATION | JOURNAL - SOURCE - MANUEL | JOURNAL - RESULTAT - SUCCES";"";"";"";"";"";"";"";"";"09/17/2026 13:43:27";"09/10/2026 05:50:34";"";""
"124";"JRN-GEO-20260910075034875";"";"";"";"10/09/2026 07:50:34";"Creation langue : Macédonien";"";"";"";"Non";"Non";"Non";"Operation : IMPORT-GEO-LANGUE-20260910-074827
ID=ID-GEO-LAN-000059; Code=MK; ISO=mk; SharePoint=59";"";"JOURNAL - TYPEEVENEMENT - CREATION | JOURNAL - SOURCE - MANUEL | JOURNAL - RESULTAT - SUCCES";"";"";"";"";"";"";"";"";"09/17/2026 13:43:28";"09/10/2026 05:50:36";"";""
"125";"JRN-GEO-20260910075036832";"";"";"";"10/09/2026 07:50:36";"Creation langue : Mongol";"";"";"";"Non";"Non";"Non";"Operation : IMPORT-GEO-LANGUE-20260910-074827
ID=ID-GEO-LAN-000060; Code=MN; ISO=mn; SharePoint=60";"";"JOURNAL - TYPEEVENEMENT - CREATION | JOURNAL - SOURCE - MANUEL | JOURNAL - RESULTAT - SUCCES";"";"";"";"";"";"";"";"";"09/17/2026 13:43:30";"09/10/2026 05:50:38";"";""
"126";"JRN-GEO-20260910075038834";"";"";"";"10/09/2026 07:50:38";"Creation langue : Malais";"";"";"";"Non";"Non";"Non";"Operation : IMPORT-GEO-LANGUE-20260910-074827
ID=ID-GEO-LAN-000061; Code=MS; ISO=ms; SharePoint=61";"";"JOURNAL - TYPEEVENEMENT - CREATION | JOURNAL - SOURCE - MANUEL | JOURNAL - RESULTAT - SUCCES";"";"";"";"";"";"";"";"";"09/17/2026 13:43:31";"09/10/2026 05:50:40";"";""
"127";"JRN-GEO-20260910075040867";"";"";"";"10/09/2026 07:50:40";"Creation langue : Maltais";"";"";"";"Non";"Non";"Non";"Operation : IMPORT-GEO-LANGUE-20260910-074827
ID=ID-GEO-LAN-000062; Code=MT; ISO=mt; SharePoint=62";"";"JOURNAL - TYPEEVENEMENT - CREATION | JOURNAL - SOURCE - MANUEL | JOURNAL - RESULTAT - SUCCES";"";"";"";"";"";"";"";"";"09/17/2026 13:43:33";"09/10/2026 05:50:42";"";""
"128";"JRN-GEO-20260910075042883";"";"";"";"10/09/2026 07:50:42";"Creation langue : Birman";"";"";"";"Non";"Non";"Non";"Operation : IMPORT-GEO-LANGUE-20260910-074827
ID=ID-GEO-LAN-000063; Code=MY; ISO=my; SharePoint=63";"";"JOURNAL - TYPEEVENEMENT - CREATION | JOURNAL - SOURCE - MANUEL | JOURNAL - RESULTAT - SUCCES";"";"";"";"";"";"";"";"";"09/17/2026 13:43:34";"09/10/2026 05:50:44";"";""
"129";"JRN-GEO-20260910075044907";"";"";"";"10/09/2026 07:50:44";"Creation langue : Nauruan";"";"";"";"Non";"Non";"Non";"Operation : IMPORT-GEO-LANGUE-20260910-074827
ID=ID-GEO-LAN-000064; Code=NA; ISO=na; SharePoint=64";"";"JOURNAL - TYPEEVENEMENT - CREATION | JOURNAL - SOURCE - MANUEL | JOURNAL - RESULTAT - SUCCES";"";"";"";"";"";"";"";"";"09/17/2026 13:43:36";"09/10/2026 05:50:46";"";""
"130";"JRN-GEO-20260910075046869";"";"";"";"10/09/2026 07:50:46";"Creation langue : Norvégien bokmål";"";"";"";"Non";"Non";"Non";"Operation : IMPORT-GEO-LANGUE-20260910-074827
ID=ID-GEO-LAN-000065; Code=NB; ISO=nb; SharePoint=65";"";"JOURNAL - TYPEEVENEMENT - CREATION | JOURNAL - SOURCE - MANUEL | JOURNAL - RESULTAT - SUCCES";"";"";"";"";"";"";"";"";"09/17/2026 13:43:37";"09/10/2026 05:50:48";"";""
"131";"JRN-GEO-20260910075048899";"";"";"";"10/09/2026 07:50:48";"Creation langue : Sindebele";"";"";"";"Non";"Non";"Non";"Operation : IMPORT-GEO-LANGUE-20260910-074827
ID=ID-GEO-LAN-000066; Code=ND; ISO=nd; SharePoint=66";"";"JOURNAL - TYPEEVENEMENT - CREATION | JOURNAL - SOURCE - MANUEL | JOURNAL - RESULTAT - SUCCES";"";"";"";"";"";"";"";"";"09/17/2026 13:43:39";"09/10/2026 05:50:50";"";""
"132";"JRN-GEO-20260910075050927";"";"";"";"10/09/2026 07:50:50";"Creation langue : Népalais";"";"";"";"Non";"Non";"Non";"Operation : IMPORT-GEO-LANGUE-20260910-074827
ID=ID-GEO-LAN-000067; Code=NE; ISO=ne; SharePoint=67";"";"JOURNAL - TYPEEVENEMENT - CREATION | JOURNAL - SOURCE - MANUEL | JOURNAL - RESULTAT - SUCCES";"";"";"";"";"";"";"";"";"09/17/2026 13:43:41";"09/10/2026 05:50:52";"";""
"133";"JRN-GEO-20260910075052889";"";"";"";"10/09/2026 07:50:52";"Creation langue : Néerlandais";"";"";"";"Non";"Non";"Non";"Operation : IMPORT-GEO-LANGUE-20260910-074827
ID=ID-GEO-LAN-000068; Code=NL; ISO=nl; SharePoint=68";"";"JOURNAL - TYPEEVENEMENT - CREATION | JOURNAL - SOURCE - MANUEL | JOURNAL - RESULTAT - SUCCES";"";"";"";"";"";"";"";"";"09/17/2026 13:43:41";"09/10/2026 05:50:54";"";""
"134";"JRN-GEO-20260910075054938";"";"";"";"10/09/2026 07:50:54";"Creation langue : Norvégien nynorsk";"";"";"";"Non";"Non";"Non";"Operation : IMPORT-GEO-LANGUE-20260910-074827
ID=ID-GEO-LAN-000069; Code=NN; ISO=nn; SharePoint=69";"";"JOURNAL - TYPEEVENEMENT - CREATION | JOURNAL - SOURCE - MANUEL | JOURNAL - RESULTAT - SUCCES";"";"";"";"";"";"";"";"";"09/17/2026 13:43:43";"09/10/2026 05:50:56";"";""
"135";"JRN-GEO-20260910075056991";"";"";"";"10/09/2026 07:50:56";"Creation langue : Norvégien";"";"";"";"Non";"Non";"Non";"Operation : IMPORT-GEO-LANGUE-20260910-074827
ID=ID-GEO-LAN-000070; Code=NO; ISO=no; SharePoint=70";"";"JOURNAL - TYPEEVENEMENT - CREATION | JOURNAL - SOURCE - MANUEL | JOURNAL - RESULTAT - SUCCES";"";"";"";"";"";"";"";"";"09/17/2026 13:43:44";"09/10/2026 05:50:58";"";""
"136";"JRN-GEO-20260910075059016";"";"";"";"10/09/2026 07:50:59";"Creation langue : Ndébélé du Sud";"";"";"";"Non";"Non";"Non";"Operation : IMPORT-GEO-LANGUE-20260910-074827
ID=ID-GEO-LAN-000071; Code=NR; ISO=nr; SharePoint=71";"";"JOURNAL - TYPEEVENEMENT - CREATION | JOURNAL - SOURCE - MANUEL | JOURNAL - RESULTAT - SUCCES";"";"";"";"";"";"";"";"";"09/17/2026 13:43:46";"09/10/2026 05:51:00";"";""
"137";"JRN-GEO-20260910075100988";"";"";"";"10/09/2026 07:51:00";"Creation langue : Chichewa";"";"";"";"Non";"Non";"Non";"Operation : IMPORT-GEO-LANGUE-20260910-074827
ID=ID-GEO-LAN-000072; Code=NY; ISO=ny; SharePoint=72";"";"JOURNAL - TYPEEVENEMENT - CREATION | JOURNAL - SOURCE - MANUEL | JOURNAL - RESULTAT - SUCCES";"";"";"";"";"";"";"";"";"09/17/2026 13:43:47";"09/10/2026 05:51:02";"";""
"138";"JRN-GEO-20260910075103077";"";"";"";"10/09/2026 07:51:03";"Creation langue : Pendjabi";"";"";"";"Non";"Non";"Non";"Operation : IMPORT-GEO-LANGUE-20260910-074827
ID=ID-GEO-LAN-000073; Code=PA; ISO=pa; SharePoint=73";"";"JOURNAL - TYPEEVENEMENT - CREATION | JOURNAL - SOURCE - MANUEL | JOURNAL - RESULTAT - SUCCES";"";"";"";"";"";"";"";"";"09/17/2026 13:43:49";"09/10/2026 05:51:04";"";""
"139";"JRN-GEO-20260910075105161";"";"";"";"10/09/2026 07:51:05";"Creation langue : Polonais";"";"";"";"Non";"Non";"Non";"Operation : IMPORT-GEO-LANGUE-20260910-074827
ID=ID-GEO-LAN-000074; Code=PL; ISO=pl; SharePoint=74";"";"JOURNAL - TYPEEVENEMENT - CREATION | JOURNAL - SOURCE - MANUEL | JOURNAL - RESULTAT - SUCCES";"";"";"";"";"";"";"";"";"09/17/2026 13:43:51";"09/10/2026 05:51:06";"";""
"140";"JRN-GEO-20260910075107210";"";"";"";"10/09/2026 07:51:07";"Creation langue : Pachto";"";"";"";"Non";"Non";"Non";"Operation : IMPORT-GEO-LANGUE-20260910-074827
ID=ID-GEO-LAN-000075; Code=PS; ISO=ps; SharePoint=75";"";"JOURNAL - TYPEEVENEMENT - CREATION | JOURNAL - SOURCE - MANUEL | JOURNAL - RESULTAT - SUCCES";"";"";"";"";"";"";"";"";"09/17/2026 13:43:51";"09/10/2026 05:51:08";"";""
"141";"JRN-GEO-20260910075109186";"";"";"";"10/09/2026 07:51:09";"Creation langue : Portugais";"";"";"";"Non";"Non";"Non";"Operation : IMPORT-GEO-LANGUE-20260910-074827
ID=ID-GEO-LAN-000076; Code=PT; ISO=pt; SharePoint=76";"";"JOURNAL - TYPEEVENEMENT - CREATION | JOURNAL - SOURCE - MANUEL | JOURNAL - RESULTAT - SUCCES";"";"";"";"";"";"";"";"";"09/17/2026 13:43:53";"09/10/2026 05:51:10";"";""
"142";"JRN-GEO-20260910075111163";"";"";"";"10/09/2026 07:51:11";"Creation langue : Quechua";"";"";"";"Non";"Non";"Non";"Operation : IMPORT-GEO-LANGUE-20260910-074827
ID=ID-GEO-LAN-000077; Code=QU; ISO=qu; SharePoint=77";"";"JOURNAL - TYPEEVENEMENT - CREATION | JOURNAL - SOURCE - MANUEL | JOURNAL - RESULTAT - SUCCES";"";"";"";"";"";"";"";"";"09/17/2026 13:43:54";"09/10/2026 05:51:12";"";""
"143";"JRN-GEO-20260910075113121";"";"";"";"10/09/2026 07:51:13";"Creation langue : Kirundi";"";"";"";"Non";"Non";"Non";"Operation : IMPORT-GEO-LANGUE-20260910-074827
ID=ID-GEO-LAN-000078; Code=RN; ISO=rn; SharePoint=78";"";"JOURNAL - TYPEEVENEMENT - CREATION | JOURNAL - SOURCE - MANUEL | JOURNAL - RESULTAT - SUCCES";"";"";"";"";"";"";"";"";"09/17/2026 13:43:56";"09/10/2026 05:51:14";"";""
"144";"JRN-GEO-20260910075115118";"";"";"";"10/09/2026 07:51:15";"Creation langue : Roumain";"";"";"";"Non";"Non";"Non";"Operation : IMPORT-GEO-LANGUE-20260910-074827
ID=ID-GEO-LAN-000079; Code=RO; ISO=ro; SharePoint=79";"";"JOURNAL - TYPEEVENEMENT - CREATION | JOURNAL - SOURCE - MANUEL | JOURNAL - RESULTAT - SUCCES";"";"";"";"";"";"";"";"";"09/17/2026 13:43:57";"09/10/2026 05:51:16";"";""
"145";"JRN-GEO-20260910075117300";"";"";"";"10/09/2026 07:51:17";"Creation langue : Serbe";"";"";"";"Non";"Non";"Non";"Operation : IMPORT-GEO-LANGUE-20260910-074827
ID=ID-GEO-LAN-000080; Code=RS; ISO=rs; SharePoint=80";"";"JOURNAL - TYPEEVENEMENT - CREATION | JOURNAL - SOURCE - MANUEL | JOURNAL - RESULTAT - SUCCES";"";"";"";"";"";"";"";"";"09/17/2026 13:43:59";"09/10/2026 05:51:18";"";""
"146";"JRN-GEO-20260910075119379";"";"";"";"10/09/2026 07:51:19";"Creation langue : Russe";"";"";"";"Non";"Non";"Non";"Operation : IMPORT-GEO-LANGUE-20260910-074827
ID=ID-GEO-LAN-000081; Code=RU; ISO=ru; SharePoint=81";"";"JOURNAL - TYPEEVENEMENT - CREATION | JOURNAL - SOURCE - MANUEL | JOURNAL - RESULTAT - SUCCES";"";"";"";"";"";"";"";"";"09/17/2026 13:44:00";"09/10/2026 05:51:20";"";""
"147";"JRN-GEO-20260910075121349";"";"";"";"10/09/2026 07:51:21";"Creation langue : Kinyarwanda";"";"";"";"Non";"Non";"Non";"Operation : IMPORT-GEO-LANGUE-20260910-074827
ID=ID-GEO-LAN-000082; Code=RW; ISO=rw; SharePoint=82";"";"JOURNAL - TYPEEVENEMENT - CREATION | JOURNAL - SOURCE - MANUEL | JOURNAL - RESULTAT - SUCCES";"";"";"";"";"";"";"";"";"09/17/2026 13:44:01";"09/10/2026 05:51:22";"";""
"148";"JRN-GEO-20260910075123483";"";"";"";"10/09/2026 07:51:23";"Creation langue : Sango";"";"";"";"Non";"Non";"Non";"Operation : IMPORT-GEO-LANGUE-20260910-074827
ID=ID-GEO-LAN-000083; Code=SG; ISO=sg; SharePoint=83";"";"JOURNAL - TYPEEVENEMENT - CREATION | JOURNAL - SOURCE - MANUEL | JOURNAL - RESULTAT - SUCCES";"";"";"";"";"";"";"";"";"09/17/2026 13:44:04";"09/10/2026 05:51:24";"";""
"149";"JRN-GEO-20260910075125599";"";"";"";"10/09/2026 07:51:25";"Creation langue : Singhalais";"";"";"";"Non";"Non";"Non";"Operation : IMPORT-GEO-LANGUE-20260910-074827
ID=ID-GEO-LAN-000084; Code=SI; ISO=si; SharePoint=84";"";"JOURNAL - TYPEEVENEMENT - CREATION | JOURNAL - SOURCE - MANUEL | JOURNAL - RESULTAT - SUCCES";"";"";"";"";"";"";"";"";"09/17/2026 13:44:04";"09/10/2026 05:51:27";"";""
"150";"JRN-GEO-20260910075127655";"";"";"";"10/09/2026 07:51:27";"Creation langue : Slovaque";"";"";"";"Non";"Non";"Non";"Operation : IMPORT-GEO-LANGUE-20260910-074827
ID=ID-GEO-LAN-000085; Code=SK; ISO=sk; SharePoint=85";"";"JOURNAL - TYPEEVENEMENT - CREATION | JOURNAL - SOURCE - MANUEL | JOURNAL - RESULTAT - SUCCES";"";"";"";"";"";"";"";"";"09/17/2026 13:44:06";"09/10/2026 05:51:29";"";""
"151";"JRN-GEO-20260910075129826";"";"";"";"10/09/2026 07:51:29";"Creation langue : Slovène";"";"";"";"Non";"Non";"Non";"Operation : IMPORT-GEO-LANGUE-20260910-074827
ID=ID-GEO-LAN-000086; Code=SL; ISO=sl; SharePoint=86";"";"JOURNAL - TYPEEVENEMENT - CREATION | JOURNAL - SOURCE - MANUEL | JOURNAL - RESULTAT - SUCCES";"";"";"";"";"";"";"";"";"09/17/2026 13:44:07";"09/10/2026 05:51:31";"";""
"152";"JRN-GEO-20260910075131982";"";"";"";"10/09/2026 07:51:31";"Creation langue : Samoan";"";"";"";"Non";"Non";"Non";"Operation : IMPORT-GEO-LANGUE-20260910-074827
ID=ID-GEO-LAN-000087; Code=SM; ISO=sm; SharePoint=87";"";"JOURNAL - TYPEEVENEMENT - CREATION | JOURNAL - SOURCE - MANUEL | JOURNAL - RESULTAT - SUCCES";"";"";"";"";"";"";"";"";"09/17/2026 13:44:09";"09/10/2026 05:51:33";"";""
"153";"JRN-GEO-20260910075134075";"";"";"";"10/09/2026 07:51:34";"Creation langue : Shona";"";"";"";"Non";"Non";"Non";"Operation : IMPORT-GEO-LANGUE-20260910-074827
ID=ID-GEO-LAN-000088; Code=SN; ISO=sn; SharePoint=88";"";"JOURNAL - TYPEEVENEMENT - CREATION | JOURNAL - SOURCE - MANUEL | JOURNAL - RESULTAT - SUCCES";"";"";"";"";"";"";"";"";"09/17/2026 13:44:10";"09/10/2026 05:51:36";"";""
"154";"JRN-GEO-20260910075136088";"";"";"";"10/09/2026 07:51:36";"Creation langue : Somali";"";"";"";"Non";"Non";"Non";"Operation : IMPORT-GEO-LANGUE-20260910-074827
ID=ID-GEO-LAN-000089; Code=SO; ISO=so; SharePoint=89";"";"JOURNAL - TYPEEVENEMENT - CREATION | JOURNAL - SOURCE - MANUEL | JOURNAL - RESULTAT - SUCCES";"";"";"";"";"";"";"";"";"09/17/2026 13:44:12";"09/10/2026 05:51:37";"";""
"155";"JRN-GEO-20260910075138258";"";"";"";"10/09/2026 07:51:38";"Creation langue : Albanais";"";"";"";"Non";"Non";"Non";"Operation : IMPORT-GEO-LANGUE-20260910-074827
ID=ID-GEO-LAN-000090; Code=SQ; ISO=sq; SharePoint=90";"";"JOURNAL - TYPEEVENEMENT - CREATION | JOURNAL - SOURCE - MANUEL | JOURNAL - RESULTAT - SUCCES";"";"";"";"";"";"";"";"";"09/17/2026 13:44:13";"09/10/2026 05:51:39";"";""
"156";"JRN-GEO-20260910075140362";"";"";"";"10/09/2026 07:51:40";"Creation langue : Serbe";"";"";"";"Non";"Non";"Non";"Operation : IMPORT-GEO-LANGUE-20260910-074827
ID=ID-GEO-LAN-000091; Code=SR; ISO=sr; SharePoint=91";"";"JOURNAL - TYPEEVENEMENT - CREATION | JOURNAL - SOURCE - MANUEL | JOURNAL - RESULTAT - SUCCES";"";"";"";"";"";"";"";"";"09/17/2026 13:44:15";"09/10/2026 05:51:41";"";""
"157";"JRN-GEO-20260910075142486";"";"";"";"10/09/2026 07:51:42";"Creation langue : Swati";"";"";"";"Non";"Non";"Non";"Operation : IMPORT-GEO-LANGUE-20260910-074827
ID=ID-GEO-LAN-000092; Code=SS; ISO=ss; SharePoint=92";"";"JOURNAL - TYPEEVENEMENT - CREATION | JOURNAL - SOURCE - MANUEL | JOURNAL - RESULTAT - SUCCES";"";"";"";"";"";"";"";"";"09/17/2026 13:44:16";"09/10/2026 05:51:43";"";""
"158";"JRN-GEO-20260910075144553";"";"";"";"10/09/2026 07:51:44";"Creation langue : Sotho du Sud";"";"";"";"Non";"Non";"Non";"Operation : IMPORT-GEO-LANGUE-20260910-074827
ID=ID-GEO-LAN-000093; Code=ST; ISO=st; SharePoint=93";"";"JOURNAL - TYPEEVENEMENT - CREATION | JOURNAL - SOURCE - MANUEL | JOURNAL - RESULTAT - SUCCES";"";"";"";"";"";"";"";"";"09/17/2026 13:44:18";"09/10/2026 05:51:45";"";""
"159";"JRN-GEO-20260910075146578";"";"";"";"10/09/2026 07:51:46";"Creation langue : Suédois";"";"";"";"Non";"Non";"Non";"Operation : IMPORT-GEO-LANGUE-20260910-074827
ID=ID-GEO-LAN-000094; Code=SV; ISO=sv; SharePoint=94";"";"JOURNAL - TYPEEVENEMENT - CREATION | JOURNAL - SOURCE - MANUEL | JOURNAL - RESULTAT - SUCCES";"";"";"";"";"";"";"";"";"09/17/2026 13:44:19";"09/10/2026 05:51:47";"";""
"160";"JRN-GEO-20260910075148509";"";"";"";"10/09/2026 07:51:48";"Creation langue : Swahili";"";"";"";"Non";"Non";"Non";"Operation : IMPORT-GEO-LANGUE-20260910-074827
ID=ID-GEO-LAN-000095; Code=SW; ISO=sw; SharePoint=95";"";"JOURNAL - TYPEEVENEMENT - CREATION | JOURNAL - SOURCE - MANUEL | JOURNAL - RESULTAT - SUCCES";"";"";"";"";"";"";"";"";"09/17/2026 13:44:21";"09/10/2026 05:51:49";"";""
"161";"JRN-GEO-20260910075150592";"";"";"";"10/09/2026 07:51:50";"Creation langue : Tamoul";"";"";"";"Non";"Non";"Non";"Operation : IMPORT-GEO-LANGUE-20260910-074827
ID=ID-GEO-LAN-000096; Code=TA; ISO=ta; SharePoint=96";"";"JOURNAL - TYPEEVENEMENT - CREATION | JOURNAL - SOURCE - MANUEL | JOURNAL - RESULTAT - SUCCES";"";"";"";"";"";"";"";"";"09/17/2026 13:44:23";"09/10/2026 05:51:52";"";""
"162";"JRN-GEO-20260910075152663";"";"";"";"10/09/2026 07:51:52";"Creation langue : Tadjik";"";"";"";"Non";"Non";"Non";"Operation : IMPORT-GEO-LANGUE-20260910-074827
ID=ID-GEO-LAN-000097; Code=TG; ISO=tg; SharePoint=97";"";"JOURNAL - TYPEEVENEMENT - CREATION | JOURNAL - SOURCE - MANUEL | JOURNAL - RESULTAT - SUCCES";"";"";"";"";"";"";"";"";"09/17/2026 13:44:23";"09/10/2026 05:51:54";"";""
"163";"JRN-GEO-20260910075154883";"";"";"";"10/09/2026 07:51:54";"Creation langue : Thaï";"";"";"";"Non";"Non";"Non";"Operation : IMPORT-GEO-LANGUE-20260910-074827
ID=ID-GEO-LAN-000098; Code=TH; ISO=th; SharePoint=98";"";"JOURNAL - TYPEEVENEMENT - CREATION | JOURNAL - SOURCE - MANUEL | JOURNAL - RESULTAT - SUCCES";"";"";"";"";"";"";"";"";"09/17/2026 13:44:26";"09/10/2026 05:51:56";"";""
"164";"JRN-GEO-20260910075156998";"";"";"";"10/09/2026 07:51:56";"Creation langue : Tigrigna";"";"";"";"Non";"Non";"Non";"Operation : IMPORT-GEO-LANGUE-20260910-074827
ID=ID-GEO-LAN-000099; Code=TI; ISO=ti; SharePoint=99";"";"JOURNAL - TYPEEVENEMENT - CREATION | JOURNAL - SOURCE - MANUEL | JOURNAL - RESULTAT - SUCCES";"";"";"";"";"";"";"";"";"09/17/2026 13:44:26";"09/10/2026 05:51:58";"";""
"165";"JRN-GEO-20260910075159177";"";"";"";"10/09/2026 07:51:59";"Creation langue : Turkmène";"";"";"";"Non";"Non";"Non";"Operation : IMPORT-GEO-LANGUE-20260910-074827
ID=ID-GEO-LAN-000100; Code=TK; ISO=tk; SharePoint=100";"";"JOURNAL - TYPEEVENEMENT - CREATION | JOURNAL - SOURCE - MANUEL | JOURNAL - RESULTAT - SUCCES";"";"";"";"";"";"";"";"";"09/17/2026 13:44:29";"09/10/2026 05:52:00";"";""
"166";"JRN-GEO-20260910075201205";"";"";"";"10/09/2026 07:52:01";"Creation langue : Tswana";"";"";"";"Non";"Non";"Non";"Operation : IMPORT-GEO-LANGUE-20260910-074827
ID=ID-GEO-LAN-000101; Code=TN; ISO=tn; SharePoint=101";"";"JOURNAL - TYPEEVENEMENT - CREATION | JOURNAL - SOURCE - MANUEL | JOURNAL - RESULTAT - SUCCES";"";"";"";"";"";"";"";"";"09/17/2026 13:44:29";"09/10/2026 05:52:02";"";""
"167";"JRN-GEO-20260910075203484";"";"";"";"10/09/2026 07:52:03";"Creation langue : Tongien";"";"";"";"Non";"Non";"Non";"Operation : IMPORT-GEO-LANGUE-20260910-074827
ID=ID-GEO-LAN-000102; Code=TO; ISO=to; SharePoint=102";"";"JOURNAL - TYPEEVENEMENT - CREATION | JOURNAL - SOURCE - MANUEL | JOURNAL - RESULTAT - SUCCES";"";"";"";"";"";"";"";"";"09/17/2026 13:44:32";"09/10/2026 05:52:04";"";""
"168";"JRN-GEO-20260910075205536";"";"";"";"10/09/2026 07:52:05";"Creation langue : Turc";"";"";"";"Non";"Non";"Non";"Operation : IMPORT-GEO-LANGUE-20260910-074827
ID=ID-GEO-LAN-000103; Code=TR; ISO=tr; SharePoint=103";"";"JOURNAL - TYPEEVENEMENT - CREATION | JOURNAL - SOURCE - MANUEL | JOURNAL - RESULTAT - SUCCES";"";"";"";"";"";"";"";"";"09/17/2026 13:44:32";"09/10/2026 05:52:06";"";""
"169";"JRN-GEO-20260910075207549";"";"";"";"10/09/2026 07:52:07";"Creation langue : Tsonga";"";"";"";"Non";"Non";"Non";"Operation : IMPORT-GEO-LANGUE-20260910-074827
ID=ID-GEO-LAN-000104; Code=TS; ISO=ts; SharePoint=104";"";"JOURNAL - TYPEEVENEMENT - CREATION | JOURNAL - SOURCE - MANUEL | JOURNAL - RESULTAT - SUCCES";"";"";"";"";"";"";"";"";"09/17/2026 13:44:34";"09/10/2026 05:52:08";"";""
"170";"JRN-GEO-20260910075209537";"";"";"";"10/09/2026 07:52:09";"Creation langue : Ukrainien";"";"";"";"Non";"Non";"Non";"Operation : IMPORT-GEO-LANGUE-20260910-074827
ID=ID-GEO-LAN-000105; Code=UK; ISO=uk; SharePoint=105";"";"JOURNAL - TYPEEVENEMENT - CREATION | JOURNAL - SOURCE - MANUEL | JOURNAL - RESULTAT - SUCCES";"";"";"";"";"";"";"";"";"09/17/2026 13:44:35";"09/10/2026 05:52:10";"";""
"171";"JRN-GEO-20260910075211560";"";"";"";"10/09/2026 07:52:11";"Creation langue : Ourdou";"";"";"";"Non";"Non";"Non";"Operation : IMPORT-GEO-LANGUE-20260910-074827
ID=ID-GEO-LAN-000106; Code=UR; ISO=ur; SharePoint=106";"";"JOURNAL - TYPEEVENEMENT - CREATION | JOURNAL - SOURCE - MANUEL | JOURNAL - RESULTAT - SUCCES";"";"";"";"";"";"";"";"";"09/17/2026 13:44:37";"09/10/2026 05:52:12";"";""
"172";"JRN-GEO-20260910075214066";"";"";"";"10/09/2026 07:52:14";"Creation langue : Ouzbek";"";"";"";"Non";"Non";"Non";"Operation : IMPORT-GEO-LANGUE-20260910-074827
ID=ID-GEO-LAN-000107; Code=UZ; ISO=uz; SharePoint=107";"";"JOURNAL - TYPEEVENEMENT - CREATION | JOURNAL - SOURCE - MANUEL | JOURNAL - RESULTAT - SUCCES";"";"";"";"";"";"";"";"";"09/17/2026 13:44:38";"09/10/2026 05:52:16";"";""
"173";"JRN-GEO-20260910075216123";"";"";"";"10/09/2026 07:52:16";"Creation langue : Venda";"";"";"";"Non";"Non";"Non";"Operation : IMPORT-GEO-LANGUE-20260910-074827
ID=ID-GEO-LAN-000108; Code=VE; ISO=ve; SharePoint=108";"";"JOURNAL - TYPEEVENEMENT - CREATION | JOURNAL - SOURCE - MANUEL | JOURNAL - RESULTAT - SUCCES";"";"";"";"";"";"";"";"";"09/17/2026 13:44:40";"09/10/2026 05:52:17";"";""
"174";"JRN-GEO-20260910075218101";"";"";"";"10/09/2026 07:52:18";"Creation langue : Vietnamien";"";"";"";"Non";"Non";"Non";"Operation : IMPORT-GEO-LANGUE-20260910-074827
ID=ID-GEO-LAN-000109; Code=VI; ISO=vi; SharePoint=109";"";"JOURNAL - TYPEEVENEMENT - CREATION | JOURNAL - SOURCE - MANUEL | JOURNAL - RESULTAT - SUCCES";"";"";"";"";"";"";"";"";"09/17/2026 13:44:41";"09/10/2026 05:52:19";"";""
"175";"JRN-GEO-20260910075220130";"";"";"";"10/09/2026 07:52:20";"Creation langue : Xhosa";"";"";"";"Non";"Non";"Non";"Operation : IMPORT-GEO-LANGUE-20260910-074827
ID=ID-GEO-LAN-000110; Code=XH; ISO=xh; SharePoint=110";"";"JOURNAL - TYPEEVENEMENT - CREATION | JOURNAL - SOURCE - MANUEL | JOURNAL - RESULTAT - SUCCES";"";"";"";"";"";"";"";"";"09/17/2026 13:44:43";"09/10/2026 05:52:21";"";""
"176";"JRN-GEO-20260910075222235";"";"";"";"10/09/2026 07:52:22";"Creation langue : Chinois";"";"";"";"Non";"Non";"Non";"Operation : IMPORT-GEO-LANGUE-20260910-074827
ID=ID-GEO-LAN-000111; Code=ZH; ISO=zh; SharePoint=111";"";"JOURNAL - TYPEEVENEMENT - CREATION | JOURNAL - SOURCE - MANUEL | JOURNAL - RESULTAT - SUCCES";"";"";"";"";"";"";"";"";"09/17/2026 13:44:44";"09/10/2026 05:52:23";"";""
"177";"JRN-GEO-20260910075224328";"";"";"";"10/09/2026 07:52:24";"Creation langue : Zoulou";"";"";"";"Non";"Non";"Non";"Operation : IMPORT-GEO-LANGUE-20260910-074827
ID=ID-GEO-LAN-000112; Code=ZU; ISO=zu; SharePoint=112";"";"JOURNAL - TYPEEVENEMENT - CREATION | JOURNAL - SOURCE - MANUEL | JOURNAL - RESULTAT - SUCCES";"";"";"";"";"";"";"";"";"09/17/2026 13:44:46";"09/10/2026 05:52:25";"";""
"178";"JRN-GEO-20260910075225659";"";"";"";"10/09/2026 07:52:25";"Fin import OBJ-GEO-LANGUE";"";"";"";"Non";"Non";"Non";"Operation : IMPORT-GEO-LANGUE-20260910-074827
Analysees=112; Creees=112; Ignorees=0; Erreurs=0";"";"JOURNAL - TYPEEVENEMENT - CREATION | JOURNAL - SOURCE - MANUEL | JOURNAL - RESULTAT - SUCCES";"";"";"";"";"";"";"";"";"09/17/2026 13:44:47";"09/10/2026 05:52:27";"";""
"179";"JRN-GEO-20260910081222639";"";"";"";"10/09/2026 08:12:22";"Debut creation OBJ-GEO-CONTINENT";"";"";"";"Non";"Non";"Non";"Operation : DSE-GEO-CONTINENT-20260910-081220
Etape : DEBUT
Resultat : SUCCES
Source : OBJ.ContinentPays";"";"JOURNAL - TYPEEVENEMENT - CREATION | JOURNAL - SOURCE - MANUEL | JOURNAL - RESULTAT - SUCCES";"";"";"";"";"";"";"";"";"09/17/2026 13:44:49";"09/10/2026 06:12:24";"";""
"180";"JRN-GEO-20260910081225752";"";"";"";"10/09/2026 08:12:25";"Creation liste OBJ-GEO-CONTINENT";"";"";"";"Non";"Non";"Non";"Operation : DSE-GEO-CONTINENT-20260910-081220
Etape : ACTION
Resultat : SUCCES
Liste generique SharePoint";"";"JOURNAL - TYPEEVENEMENT - CREATION | JOURNAL - SOURCE - MANUEL | JOURNAL - RESULTAT - SUCCES";"";"";"";"";"";"";"";"";"09/17/2026 13:44:50";"09/10/2026 06:12:27";"";""
"181";"JRN-GEO-20260910081231171";"";"";"";"10/09/2026 08:12:31";"Creation colonne ID-GEO-CONTINENT";"";"";"";"Non";"Non";"Non";"Operation : DSE-GEO-CONTINENT-20260910-081220
Etape : ACTION
Resultat : SUCCES
Liste : OBJ-GEO-CONTINENT; Type : Text";"";"JOURNAL - TYPEEVENEMENT - CREATION | JOURNAL - SOURCE - MANUEL | JOURNAL - RESULTAT - SUCCES";"";"";"";"";"";"";"";"";"09/17/2026 13:44:52";"09/10/2026 06:12:32";"";""
"182";"JRN-GEO-20260910081234757";"";"";"";"10/09/2026 08:12:34";"Creation colonne CODE-CONTINENT";"";"";"";"Non";"Non";"Non";"Operation : DSE-GEO-CONTINENT-20260910-081220
Etape : ACTION
Resultat : SUCCES
Liste : OBJ-GEO-CONTINENT; Type : Text";"";"JOURNAL - TYPEEVENEMENT - CREATION | JOURNAL - SOURCE - MANUEL | JOURNAL - RESULTAT - SUCCES";"";"";"";"";"";"";"";"";"09/17/2026 13:44:54";"09/10/2026 06:12:36";"";""
"183";"JRN-GEO-20260910081237448";"";"";"";"10/09/2026 08:12:37";"Creation colonne CODE-REGION-ONU";"";"";"";"Non";"Non";"Non";"Operation : DSE-GEO-CONTINENT-20260910-081220
Etape : ACTION
Resultat : SUCCES
Liste : OBJ-GEO-CONTINENT; Type : Text";"";"JOURNAL - TYPEEVENEMENT - CREATION | JOURNAL - SOURCE - MANUEL | JOURNAL - RESULTAT - SUCCES";"";"";"";"";"";"";"";"";"09/17/2026 13:44:55";"09/10/2026 06:12:38";"";""
"184";"JRN-GEO-20260910081240016";"";"";"";"10/09/2026 08:12:40";"Creation colonne ACTIF";"";"";"";"Non";"Non";"Non";"Operation : DSE-GEO-CONTINENT-20260910-081220
Etape : ACTION
Resultat : SUCCES
Liste : OBJ-GEO-CONTINENT; Type : Boolean";"";"JOURNAL - TYPEEVENEMENT - CREATION | JOURNAL - SOURCE - MANUEL | JOURNAL - RESULTAT - SUCCES";"";"";"";"";"";"";"";"";"09/17/2026 13:44:57";"09/10/2026 06:12:42";"";""
"185";"JRN-GEO-20260910081242667";"";"";"";"10/09/2026 08:12:42";"Creation colonne ORDRE-AFFICHAGE";"";"";"";"Non";"Non";"Non";"Operation : DSE-GEO-CONTINENT-20260910-081220
Etape : ACTION
Resultat : SUCCES
Liste : OBJ-GEO-CONTINENT; Type : Number";"";"JOURNAL - TYPEEVENEMENT - CREATION | JOURNAL - SOURCE - MANUEL | JOURNAL - RESULTAT - SUCCES";"";"";"";"";"";"";"";"";"09/17/2026 13:44:58";"09/10/2026 06:12:44";"";""
"186";"JRN-GEO-20260910081245378";"";"";"";"10/09/2026 08:12:45";"Creation colonne VALIDATION-DSE";"";"";"";"Non";"Non";"Non";"Operation : DSE-GEO-CONTINENT-20260910-081220
Etape : ACTION
Resultat : SUCCES
Liste : OBJ-GEO-CONTINENT; Type : Boolean";"";"JOURNAL - TYPEEVENEMENT - CREATION | JOURNAL - SOURCE - MANUEL | JOURNAL - RESULTAT - SUCCES";"";"";"";"";"";"";"";"";"09/17/2026 13:45:00";"09/10/2026 06:12:46";"";""
"187";"JRN-GEO-20260910081247937";"";"";"";"10/09/2026 08:12:47";"Creation colonne VERROUILLE";"";"";"";"Non";"Non";"Non";"Operation : DSE-GEO-CONTINENT-20260910-081220
Etape : ACTION
Resultat : SUCCES
Liste : OBJ-GEO-CONTINENT; Type : Boolean";"";"JOURNAL - TYPEEVENEMENT - CREATION | JOURNAL - SOURCE - MANUEL | JOURNAL - RESULTAT - SUCCES";"";"";"";"";"";"";"";"";"09/17/2026 13:45:01";"09/10/2026 06:12:49";"";""
"188";"JRN-GEO-20260910081250682";"";"";"";"10/09/2026 08:12:50";"Creation colonne CONTROLE-PASC-ARA";"";"";"";"Non";"Non";"Non";"Operation : DSE-GEO-CONTINENT-20260910-081220
Etape : ACTION
Resultat : SUCCES
Liste : OBJ-GEO-CONTINENT; Type : Boolean";"";"JOURNAL - TYPEEVENEMENT - CREATION | JOURNAL - SOURCE - MANUEL | JOURNAL - RESULTAT - SUCCES";"";"";"";"";"";"";"";"";"09/17/2026 13:45:02";"09/10/2026 06:12:52";"";""
"189";"JRN-GEO-20260910081253194";"";"";"";"10/09/2026 08:12:53";"Creation colonne ANOMALIE-DETECTEE";"";"";"";"Non";"Non";"Non";"Operation : DSE-GEO-CONTINENT-20260910-081220
Etape : ACTION
Resultat : SUCCES
Liste : OBJ-GEO-CONTINENT; Type : Boolean";"";"JOURNAL - TYPEEVENEMENT - CREATION | JOURNAL - SOURCE - MANUEL | JOURNAL - RESULTAT - SUCCES";"";"";"";"";"";"";"";"";"09/17/2026 13:45:04";"09/10/2026 06:12:54";"";""
"190";"JRN-GEO-20260910081255845";"";"";"";"10/09/2026 08:12:55";"Creation colonne NOTES";"";"";"";"Non";"Non";"Non";"Operation : DSE-GEO-CONTINENT-20260910-081220
Etape : ACTION
Resultat : SUCCES
Liste : OBJ-GEO-CONTINENT; Type : Note";"";"JOURNAL - TYPEEVENEMENT - CREATION | JOURNAL - SOURCE - MANUEL | JOURNAL - RESULTAT - SUCCES";"";"";"";"";"";"";"";"";"09/17/2026 13:45:05";"09/10/2026 06:12:57";"";""
"191";"JRN-GEO-20260910081259293";"";"";"";"10/09/2026 08:12:59";"Echec global OBJ-GEO-CONTINENT";"";"";"";"Oui";"Non";"Non";"Operation : DSE-GEO-CONTINENT-20260910-081220
Etape : ERREUR
Resultat : ERREUR
The term 'Add-PnPViewField' is not recognized as a name of a cmdlet, function, script file, or executable program.
Check the spelling of the name, or if a path was included, verify that the path is correct and try again.";"";"JOURNAL - TYPEEVENEMENT - CREATION | JOURNAL - SOURCE - MANUEL | JOURNAL - RESULTAT - SUCCES";"";"";"";"";"";"";"";"";"09/17/2026 13:45:07";"09/10/2026 06:13:00";"";""
"192";"JRN-GEO-20260910081300835";"";"";"";"10/09/2026 08:13:00";"Fin avec erreur OBJ-GEO-CONTINENT";"";"";"";"Oui";"Non";"Non";"Operation : DSE-GEO-CONTINENT-20260910-081220
Etape : FIN
Resultat : ERREUR
The term 'Add-PnPViewField' is not recognized as a name of a cmdlet, function, script file, or executable program.
Check the spelling of the name, or if a path was included, verify that the path is correct and try again.";"";"JOURNAL - TYPEEVENEMENT - CREATION | JOURNAL - SOURCE - MANUEL | JOURNAL - RESULTAT - SUCCES";"";"";"";"";"";"";"";"";"09/17/2026 13:45:08";"09/10/2026 06:13:02";"";""
"193";"ERREUR - Completion CONTINENT des villes";"";"";"";"";"";"";"";"";"Non";"Non";"Non";"Operation GEO-VILLE-CONTINENT-20260910-230645; Invalid URI: The hostname could not be parsed.";"";"JOURNAL - HISTORIQUE NON CLASSIFIE";"";"";"";"";"";"";"";"";"09/17/2026 14:04:09";"09/10/2026 21:06:48";"";""
"194";"DSE-ORG-008-REV-A-20260911-152327 - FIN - Creees=12; Maj=0; Erreurs=0";"";"";"";"";"";"";"";"";"Non";"Non";"Non";"";"";"JOURNAL - HISTORIQUE NON CLASSIFIE";"";"";"";"";"";"";"";"";"09/17/2026 14:04:10";"09/11/2026 13:24:09";"";""
"195";"DSE-ORG-008-REV-A - Chargement organisations";"";"";"";"";"";"";"";"";"Non";"Non";"Non";"";"";"JOURNAL - HISTORIQUE NON CLASSIFIE";"";"";"";"";"";"";"";"";"09/17/2026 14:04:12";"09/11/2026 13:26:06";"";""
"196";"DSE-ORG-009-REV-A - Chargement contacts";"";"";"";"";"";"";"";"";"Non";"Non";"Non";"";"";"JOURNAL - HISTORIQUE NON CLASSIFIE";"";"";"";"";"";"";"";"";"09/17/2026 14:04:13";"09/11/2026 13:28:51";"";""
"197";"DSE-ORG-010-REV-A - Chargement comptes techniques";"";"";"";"";"";"";"";"";"Non";"Non";"Non";"";"";"JOURNAL - HISTORIQUE NON CLASSIFIE";"";"";"";"";"";"";"";"";"09/17/2026 14:04:14";"09/11/2026 13:31:02";"";""
"198";"DSE-ORG-AUDIT-GLOBAL-REV-A";"";"";"";"";"";"";"";"";"Non";"Non";"Non";"";"";"JOURNAL - HISTORIQUE NON CLASSIFIE";"";"";"";"";"";"";"";"";"09/17/2026 14:04:16";"09/11/2026 13:43:02";"";""
"199";"DSE-LST-001-REV-A-20260911-161121 | DEBUT | Inventaire automatique des conteneurs SharePoint vers OBJ-LST";"";"";"";"";"";"";"";"";"Non";"Non";"Non";"";"";"JOURNAL - HISTORIQUE NON CLASSIFIE";"";"";"";"";"";"";"";"";"09/17/2026 14:04:16";"09/11/2026 14:11:26";"";""
"200";"DSE-LST-001-REV-A-20260911-161121 | ACTION | DOC - Documents | Domaine=CORE | Type=Catalogue | Elements=458";"";"";"";"";"";"";"";"";"Non";"Non";"Non";"";"";"JOURNAL - HISTORIQUE NON CLASSIFIE";"";"";"";"";"";"";"";"";"09/17/2026 14:04:17";"09/11/2026 14:11:33";"";""
"201";"DSE-LST-001-REV-A-20260911-161121 | ACTION | DSE - Coffre Ford | Domaine=CORE | Type=Catalogue | Elements=1259";"";"";"";"";"";"";"";"";"Non";"Non";"Non";"";"";"JOURNAL - HISTORIQUE NON CLASSIFIE";"";"";"";"";"";"";"";"";"09/17/2026 14:04:18";"09/11/2026 14:11:36";"";""
"202";"DSE-LST-001-REV-A-20260911-161121 | ACTION | OBJ | Domaine=CORE | Type=Catalogue | Elements=237";"";"";"";"";"";"";"";"";"Non";"Non";"Non";"";"";"JOURNAL - HISTORIQUE NON CLASSIFIE";"";"";"";"";"";"";"";"";"09/17/2026 14:04:19";"09/11/2026 14:11:39";"";""
"203";"DSE-LST-001-REV-A-20260911-161121 | ERREUR | OBJ-ACT | Valeur 'ACT' introuvable dans OBJ-REF-DOMAINE.";"";"";"";"";"";"";"";"";"Non";"Non";"Non";"";"";"JOURNAL - HISTORIQUE NON CLASSIFIE";"";"";"";"";"";"";"";"";"09/17/2026 14:04:20";"09/11/2026 14:11:40";"";""
"204";"DSE-LST-001-REV-A-20260911-161121 | ACTION | OBJ-AUDIT | Domaine=CORE | Type=Audit | Elements=2";"";"";"";"";"";"";"";"";"Non";"Non";"Non";"";"";"JOURNAL - HISTORIQUE NON CLASSIFIE";"";"";"";"";"";"";"";"";"09/17/2026 14:04:22";"09/11/2026 14:11:44";"";""
"205";"DSE-LST-001-REV-A-20260911-161121 | ACTION | OBJ-GEO-CAPITALE | Domaine=GEO | Type=Référentiel | Elements=249";"";"";"";"";"";"";"";"";"Non";"Non";"Non";"";"";"JOURNAL - HISTORIQUE NON CLASSIFIE";"";"";"";"";"";"";"";"";"09/17/2026 14:04:23";"09/11/2026 14:11:48";"";""
"206";"DSE-LST-001-REV-A-20260911-161121 | ACTION | OBJ-GEO-CONTINENT | Domaine=GEO | Type=Référentiel | Elements=7";"";"";"";"";"";"";"";"";"Non";"Non";"Non";"";"";"JOURNAL - HISTORIQUE NON CLASSIFIE";"";"";"";"";"";"";"";"";"09/17/2026 14:04:24";"09/11/2026 14:11:52";"";""
"207";"DSE-LST-001-REV-A-20260911-161121 | ACTION | OBJ-GEO-DEPARTEMENT | Domaine=GEO | Type=Référentiel | Elements=101";"";"";"";"";"";"";"";"";"Non";"Non";"Non";"";"";"JOURNAL - HISTORIQUE NON CLASSIFIE";"";"";"";"";"";"";"";"";"09/17/2026 14:04:25";"09/11/2026 14:11:55";"";""
"208";"DSE-LST-001-REV-A-20260911-161121 | ACTION | OBJ-GEO-DEVISE | Domaine=GEO | Type=Référentiel | Elements=154";"";"";"";"";"";"";"";"";"Non";"Non";"Non";"";"";"JOURNAL - HISTORIQUE NON CLASSIFIE";"";"";"";"";"";"";"";"";"09/17/2026 14:04:27";"09/11/2026 14:11:58";"";""
"209";"DSE-LST-001-REV-A-20260911-161121 | ACTION | OBJ-GEO-FUSEAU-HORAIRE | Domaine=GEO | Type=Référentiel | Elements=38";"";"";"";"";"";"";"";"";"Non";"Non";"Non";"";"";"JOURNAL - HISTORIQUE NON CLASSIFIE";"";"";"";"";"";"";"";"";"09/17/2026 14:04:27";"09/11/2026 14:12:01";"";""
"210";"DSE-LST-001-REV-A-20260911-161121 | ACTION | OBJ-GEO-LANGUE | Domaine=GEO | Type=Référentiel | Elements=112";"";"";"";"";"";"";"";"";"Non";"Non";"Non";"";"";"JOURNAL - HISTORIQUE NON CLASSIFIE";"";"";"";"";"";"";"";"";"09/17/2026 14:04:28";"09/11/2026 14:12:04";"";""
"211";"DSE-LST-001-REV-A-20260911-161121 | ACTION | OBJ-GEO-NATIONALITE | Domaine=GEO | Type=Référentiel | Elements=249";"";"";"";"";"";"";"";"";"Non";"Non";"Non";"";"";"JOURNAL - HISTORIQUE NON CLASSIFIE";"";"";"";"";"";"";"";"";"09/17/2026 14:04:30";"09/11/2026 14:12:07";"";""
"212";"DSE-LST-001-REV-A-20260911-161121 | ACTION | OBJ-GEO-PAYS | Domaine=GEO | Type=Référentiel | Elements=249";"";"";"";"";"";"";"";"";"Non";"Non";"Non";"";"";"JOURNAL - HISTORIQUE NON CLASSIFIE";"";"";"";"";"";"";"";"";"09/17/2026 14:04:31";"09/11/2026 14:12:09";"";""
"213";"DSE-LST-001-REV-A-20260911-161121 | ACTION | OBJ-GEO-REGION | Domaine=GEO | Type=Référentiel | Elements=18";"";"";"";"";"";"";"";"";"Non";"Non";"Non";"";"";"JOURNAL - HISTORIQUE NON CLASSIFIE";"";"";"";"";"";"";"";"";"09/17/2026 14:04:32";"09/11/2026 14:12:12";"";""
"214";"DSE-LST-001-REV-A-20260911-161121 | ACTION | OBJ-GEO-SOURCE | Domaine=GEO | Type=Référentiel | Elements=6";"";"";"";"";"";"";"";"";"Non";"Non";"Non";"";"";"JOURNAL - HISTORIQUE NON CLASSIFIE";"";"";"";"";"";"";"";"";"09/17/2026 14:04:33";"09/11/2026 14:12:16";"";""
"215";"DSE-LST-001-REV-A-20260911-161121 | ACTION | OBJ-GEO-STATUT | Domaine=GEO | Type=Référentiel | Elements=22";"";"";"";"";"";"";"";"";"Non";"Non";"Non";"";"";"JOURNAL - HISTORIQUE NON CLASSIFIE";"";"";"";"";"";"";"";"";"09/17/2026 14:04:34";"09/11/2026 14:12:19";"";""
"216";"DSE-LST-001-REV-A-20260911-161121 | ACTION | OBJ-GEO-TERRITOIRE | Domaine=GEO | Type=Référentiel | Elements=9";"";"";"";"";"";"";"";"";"Non";"Non";"Non";"";"";"JOURNAL - HISTORIQUE NON CLASSIFIE";"";"";"";"";"";"";"";"";"09/17/2026 14:04:35";"09/11/2026 14:12:22";"";""
"217";"DSE-LST-001-REV-A-20260911-161121 | ACTION | OBJ-GEO-VILLE | Domaine=GEO | Type=Référentiel | Elements=34868";"";"";"";"";"";"";"";"";"Non";"Non";"Non";"";"";"JOURNAL - HISTORIQUE NON CLASSIFIE";"";"";"";"";"";"";"";"";"09/17/2026 14:04:36";"09/11/2026 14:12:25";"";""
"218";"DSE-LST-001-REV-A-20260911-161121 | ACTION | OBJ-GEO-ZONE | Domaine=GEO | Type=Référentiel | Elements=35";"";"";"";"";"";"";"";"";"Non";"Non";"Non";"";"";"JOURNAL - HISTORIQUE NON CLASSIFIE";"";"";"";"";"";"";"";"";"09/17/2026 14:04:37";"09/11/2026 14:12:27";"";""
"219";"DSE-LST-001-REV-A-20260911-161121 | ACTION | OBJ-JRN | Domaine=CORE | Type=Journal | Elements=198";"";"";"";"";"";"";"";"";"Non";"Non";"Non";"";"";"JOURNAL - HISTORIQUE NON CLASSIFIE";"";"";"";"";"";"";"";"";"09/17/2026 14:04:38";"09/11/2026 14:12:31";"";""
"220";"DSE-LST-001-REV-A-20260911-161121 | ACTION | OBJ-JRN-GEO | Domaine=CORE | Type=Journal | Elements=74";"";"";"";"";"";"";"";"";"Non";"Non";"Non";"";"";"JOURNAL - HISTORIQUE NON CLASSIFIE";"";"";"";"";"";"";"";"";"09/17/2026 14:04:40";"09/11/2026 14:12:34";"";""
"221";"DSE-LST-001-REV-A-20260911-161121 | ACTION | OBJ-MODULE | Domaine=CORE | Type=Métier | Elements=0";"";"";"";"";"";"";"";"";"Non";"Non";"Non";"";"";"JOURNAL - HISTORIQUE NON CLASSIFIE";"";"";"";"";"";"";"";"";"09/17/2026 14:04:41";"09/11/2026 14:12:38";"";""
"222";"DSE-LST-001-REV-A-20260911-161121 | ACTION | OBJ-ORG | Domaine=ORG | Type=Métier | Elements=4";"";"";"";"";"";"";"";"";"Non";"Non";"Non";"";"";"JOURNAL - HISTORIQUE NON CLASSIFIE";"";"";"";"";"";"";"";"";"09/17/2026 14:04:42";"09/11/2026 14:12:42";"";""
"223";"DSE-LST-001-REV-A-20260911-161121 | ACTION | OBJ-ORG-COMPTE | Domaine=ORG | Type=Métier | Elements=4";"";"";"";"";"";"";"";"";"Non";"Non";"Non";"";"";"JOURNAL - HISTORIQUE NON CLASSIFIE";"";"";"";"";"";"";"";"";"09/17/2026 14:04:43";"09/11/2026 14:12:45";"";""
"224";"DSE-LST-001-REV-A-20260911-161121 | ACTION | OBJ-ORG-CONTACT | Domaine=ORG | Type=Métier | Elements=2";"";"";"";"";"";"";"";"";"Non";"Non";"Non";"";"";"JOURNAL - HISTORIQUE NON CLASSIFIE";"";"";"";"";"";"";"";"";"09/17/2026 14:04:45";"09/11/2026 14:12:48";"";""
"225";"DSE-LST-001-REV-A-20260911-161121 | ACTION | OBJ-PWS | Domaine=DEV | Type=Métier | Elements=0";"";"";"";"";"";"";"";"";"Non";"Non";"Non";"";"";"JOURNAL - HISTORIQUE NON CLASSIFIE";"";"";"";"";"";"";"";"";"09/17/2026 14:04:45";"09/11/2026 14:12:51";"";""
"226";"DSE-LST-001-REV-A-20260911-161121 | ACTION | OBJ-REF-00 | Domaine=CORE | Type=Référentiel | Elements=22";"";"";"";"";"";"";"";"";"Non";"Non";"Non";"";"";"JOURNAL - HISTORIQUE NON CLASSIFIE";"";"";"";"";"";"";"";"";"09/17/2026 14:04:46";"09/11/2026 14:12:54";"";""
"227";"DSE-LST-001-REV-A-20260911-161121 | ACTION | OBJ-REF-10 | Domaine=CORE | Type=Référentiel | Elements=49";"";"";"";"";"";"";"";"";"Non";"Non";"Non";"";"";"JOURNAL - HISTORIQUE NON CLASSIFIE";"";"";"";"";"";"";"";"";"09/17/2026 14:04:47";"09/11/2026 14:12:57";"";""
"228";"DSE-LST-001-REV-A-20260911-161121 | ACTION | OBJ-REF-20 | Domaine=CORE | Type=Référentiel | Elements=17";"";"";"";"";"";"";"";"";"Non";"Non";"Non";"";"";"JOURNAL - HISTORIQUE NON CLASSIFIE";"";"";"";"";"";"";"";"";"09/17/2026 14:04:48";"09/11/2026 14:13:00";"";""
"229";"DSE-LST-001-REV-A-20260911-161121 | ACTION | OBJ-REF-30 | Domaine=CORE | Type=Référentiel | Elements=20";"";"";"";"";"";"";"";"";"Non";"Non";"Non";"";"";"JOURNAL - HISTORIQUE NON CLASSIFIE";"";"";"";"";"";"";"";"";"09/17/2026 14:04:49";"09/11/2026 14:13:03";"";""
"230";"DSE-LST-001-REV-A-20260911-161121 | ACTION | OBJ-REF-40 | Domaine=CORE | Type=Référentiel | Elements=18";"";"";"";"";"";"";"";"";"Non";"Non";"Non";"";"";"JOURNAL - HISTORIQUE NON CLASSIFIE";"";"";"";"";"";"";"";"";"09/17/2026 14:04:51";"09/11/2026 14:13:06";"";""
"231";"DSE-LST-001-REV-A-20260911-161121 | ACTION | OBJ-REF-50 | Domaine=CORE | Type=Référentiel | Elements=11";"";"";"";"";"";"";"";"";"Non";"Non";"Non";"";"";"JOURNAL - HISTORIQUE NON CLASSIFIE";"";"";"";"";"";"";"";"";"09/17/2026 14:04:52";"09/11/2026 14:13:09";"";""
"232";"DSE-LST-001-REV-A-20260911-161121 | ACTION | OBJ-REF-60 | Domaine=CORE | Type=Référentiel | Elements=16";"";"";"";"";"";"";"";"";"Non";"Non";"Non";"";"";"JOURNAL - HISTORIQUE NON CLASSIFIE";"";"";"";"";"";"";"";"";"09/17/2026 14:04:54";"09/11/2026 14:13:12";"";""
"233";"DSE-LST-001-REV-A-20260911-161121 | ACTION | OBJ-REF-70 | Domaine=CORE | Type=Référentiel | Elements=19";"";"";"";"";"";"";"";"";"Non";"Non";"Non";"";"";"JOURNAL - HISTORIQUE NON CLASSIFIE";"";"";"";"";"";"";"";"";"09/17/2026 14:04:54";"09/11/2026 14:13:15";"";""
"234";"DSE-LST-001-REV-A-20260911-161121 | ACTION | OBJ-REF-80 | Domaine=CORE | Type=Référentiel | Elements=15";"";"";"";"";"";"";"";"";"Non";"Non";"Non";"";"";"JOURNAL - HISTORIQUE NON CLASSIFIE";"";"";"";"";"";"";"";"";"09/17/2026 14:04:55";"09/11/2026 14:13:18";"";""
"235";"DSE-LST-001-REV-A-20260911-161121 | ACTION | OBJ-REF-90 | Domaine=CORE | Type=Référentiel | Elements=18";"";"";"";"";"";"";"";"";"Non";"Non";"Non";"";"";"JOURNAL - HISTORIQUE NON CLASSIFIE";"";"";"";"";"";"";"";"";"09/17/2026 14:04:56";"09/11/2026 14:13:22";"";""
"236";"DSE-LST-001-REV-A-20260911-161121 | ACTION | OBJ-REF-95 | Domaine=CORE | Type=Référentiel | Elements=8";"";"";"";"";"";"";"";"";"Non";"Non";"Non";"";"";"JOURNAL - HISTORIQUE NON CLASSIFIE";"";"";"";"";"";"";"";"";"09/17/2026 14:04:57";"09/11/2026 14:13:25";"";""
"237";"DSE-LST-001-REV-A-20260911-161121 | ACTION | OBJ-REF-DOMAINE | Domaine=CORE | Type=Référentiel | Elements=14";"";"";"";"";"";"";"";"";"Non";"Non";"Non";"";"";"JOURNAL - HISTORIQUE NON CLASSIFIE";"";"";"";"";"";"";"";"";"09/17/2026 14:04:58";"09/11/2026 14:13:27";"";""
"238";"DSE-LST-001-REV-A-20260911-161121 | ACTION | OBJ-REF-LST-STATUT | Domaine=CORE | Type=Référentiel | Elements=7";"";"";"";"";"";"";"";"";"Non";"Non";"Non";"";"";"JOURNAL - HISTORIQUE NON CLASSIFIE";"";"";"";"";"";"";"";"";"09/17/2026 14:05:00";"09/11/2026 14:13:30";"";""
"239";"DSE-LST-001-REV-A-20260911-161121 | ACTION | OBJ-REF-LST-TYPE | Domaine=CORE | Type=Référentiel | Elements=11";"";"";"";"";"";"";"";"";"Non";"Non";"Non";"";"";"JOURNAL - HISTORIQUE NON CLASSIFIE";"";"";"";"";"";"";"";"";"09/17/2026 14:05:01";"09/11/2026 14:13:33";"";""
"240";"DSE-LST-001-REV-A-20260911-161121 | ACTION | OBJ-REF-ORG-COMPTE-TYPE | Domaine=CORE | Type=Référentiel | Elements=11";"";"";"";"";"";"";"";"";"Non";"Non";"Non";"";"";"JOURNAL - HISTORIQUE NON CLASSIFIE";"";"";"";"";"";"";"";"";"09/17/2026 14:05:02";"09/11/2026 14:13:36";"";""
"241";"DSE-LST-001-REV-A-20260911-161121 | ACTION | OBJ-REF-ORG-CONTACT-TYPE | Domaine=CORE | Type=Référentiel | Elements=8";"";"";"";"";"";"";"";"";"Non";"Non";"Non";"";"";"JOURNAL - HISTORIQUE NON CLASSIFIE";"";"";"";"";"";"";"";"";"09/17/2026 14:05:03";"09/11/2026 14:13:39";"";""
"242";"DSE-LST-001-REV-A-20260911-161121 | ACTION | OBJ-REF-ORG-SECTEUR | Domaine=CORE | Type=Référentiel | Elements=9";"";"";"";"";"";"";"";"";"Non";"Non";"Non";"";"";"JOURNAL - HISTORIQUE NON CLASSIFIE";"";"";"";"";"";"";"";"";"09/17/2026 14:05:04";"09/11/2026 14:13:42";"";""
"243";"DSE-LST-001-REV-A-20260911-161121 | ACTION | OBJ-REF-ORG-STATUT | Domaine=CORE | Type=Référentiel | Elements=6";"";"";"";"";"";"";"";"";"Non";"Non";"Non";"";"";"JOURNAL - HISTORIQUE NON CLASSIFIE";"";"";"";"";"";"";"";"";"09/17/2026 14:05:05";"09/11/2026 14:13:45";"";""
"244";"DSE-LST-001-REV-A-20260911-161121 | ACTION | OBJ-REF-ORG-TYPE | Domaine=CORE | Type=Référentiel | Elements=12";"";"";"";"";"";"";"";"";"Non";"Non";"Non";"";"";"JOURNAL - HISTORIQUE NON CLASSIFIE";"";"";"";"";"";"";"";"";"09/17/2026 14:05:06";"09/11/2026 14:13:48";"";""
"245";"DSE-LST-001-REV-A-20260911-161121 | ACTION | OBJ-REL | Domaine=CORE | Type=Relation | Elements=32";"";"";"";"";"";"";"";"";"Non";"Non";"Non";"";"";"JOURNAL - HISTORIQUE NON CLASSIFIE";"";"";"";"";"";"";"";"";"09/17/2026 14:05:08";"09/11/2026 14:13:51";"";""
"246";"DSE-LST-001-REV-A-20260911-161121 | ACTION | OBJ-SITE | Domaine=SITE | Type=Métier | Elements=0";"";"";"";"";"";"";"";"";"Non";"Non";"Non";"";"";"JOURNAL - HISTORIQUE NON CLASSIFIE";"";"";"";"";"";"";"";"";"09/17/2026 14:05:09";"09/11/2026 14:13:55";"";""
"247";"DSE-LST-001-REV-A-20260911-161121 | ACTION | OBJ-STATUT | Domaine=CORE | Type=Métier | Elements=0";"";"";"";"";"";"";"";"";"Non";"Non";"Non";"";"";"JOURNAL - HISTORIQUE NON CLASSIFIE";"";"";"";"";"";"";"";"";"09/17/2026 14:05:10";"09/11/2026 14:13:58";"";""
"248";"DSE-LST-001-REV-A-20260911-161121 | ACTION | Pages | Domaine=CORE | Type=Catalogue | Elements=14";"";"";"";"";"";"";"";"";"Non";"Non";"Non";"";"";"JOURNAL - HISTORIQUE NON CLASSIFIE";"";"";"";"";"";"";"";"";"09/17/2026 14:05:12";"09/11/2026 14:14:01";"";""
"249";"DSE-LST-001-REV-A-20260911-161121 | ACTION | Pièces jointes | Domaine=CORE | Type=Catalogue | Elements=20";"";"";"";"";"";"";"";"";"Non";"Non";"Non";"";"";"JOURNAL - HISTORIQUE NON CLASSIFIE";"";"";"";"";"";"";"";"";"09/17/2026 14:05:12";"09/11/2026 14:14:04";"";""
"250";"DSE-LST-001-REV-A-20260911-161121 | ACTION | ZZ-ARCHIVE-DSE-AUTRE - Bibliothèque de styles | Domaine=CORE | Type=Archive | Elements=0";"";"";"";"";"";"";"";"";"Non";"Non";"Non";"";"";"JOURNAL - HISTORIQUE NON CLASSIFIE";"";"";"";"";"";"";"";"";"09/17/2026 14:05:13";"09/11/2026 14:14:08";"";""
"251";"DSE-LST-001-REV-A-20260911-161121 | ACTION | ZZ-ARCHIVE-DSE-AUTRE - Modèles de formulaire | Domaine=CORE | Type=Archive | Elements=0";"";"";"";"";"";"";"";"";"Non";"Non";"Non";"";"";"JOURNAL - HISTORIQUE NON CLASSIFIE";"";"";"";"";"";"";"";"";"09/17/2026 14:05:14";"09/11/2026 14:14:11";"";""
"252";"DSE-LST-001-REV-A-20260911-161121 | ACTION | ZZ-ARCHIVE-DSE-Ressources d’assistant | Domaine=CORE | Type=Archive | Elements=4";"";"";"";"";"";"";"";"";"Non";"Non";"Non";"";"";"JOURNAL - HISTORIQUE NON CLASSIFIE";"";"";"";"";"";"";"";"";"09/17/2026 14:05:15";"09/11/2026 14:14:14";"";""
"253";"DSE-LST-001-REV-A-20260911-161121 | FIN | Statut=A CONTROLER | Conteneurs=53 | Creations=52 | MisesAJour=0 | Erreurs=1 | OBJ-LST=52 | Rapport=C:\Users\PascalZIMMER_b9lyro1\OneDrive - DemainSite\Bureau\RAPPORT-DSE-LST-001-REV-A-20260911-161121.csv";"";"";"";"";"";"";"";"";"Non";"Non";"Non";"";"";"JOURNAL - HISTORIQUE NON CLASSIFIE";"";"";"";"";"";"";"";"";"09/17/2026 14:05:16";"09/11/2026 14:14:15";"";""
"254";"DSE-LST-001-REV-B-20260911-161929 | DEBUT | Inventaire automatique des conteneurs SharePoint vers OBJ-LST";"";"";"";"";"";"";"";"";"Non";"Non";"Non";"";"";"JOURNAL - HISTORIQUE NON CLASSIFIE";"";"";"";"";"";"";"";"";"09/17/2026 14:05:18";"09/11/2026 14:19:33";"";""
"255";"DSE-LST-001-REV-B-20260911-161929 | ACTION | DOC - Documents | Domaine=CORE | Type=Catalogue | Elements=458";"";"";"";"";"";"";"";"";"Non";"Non";"Non";"";"";"JOURNAL - HISTORIQUE NON CLASSIFIE";"";"";"";"";"";"";"";"";"09/17/2026 14:05:19";"09/11/2026 14:19:39";"";""
"256";"DSE-LST-001-REV-B-20260911-161929 | ACTION | DSE - Coffre Ford | Domaine=CORE | Type=Catalogue | Elements=1259";"";"";"";"";"";"";"";"";"Non";"Non";"Non";"";"";"JOURNAL - HISTORIQUE NON CLASSIFIE";"";"";"";"";"";"";"";"";"09/17/2026 14:05:20";"09/11/2026 14:19:43";"";""
"257";"DSE-LST-001-REV-B-20260911-161929 | ACTION | OBJ | Domaine=CORE | Type=Catalogue | Elements=237";"";"";"";"";"";"";"";"";"Non";"Non";"Non";"";"";"JOURNAL - HISTORIQUE NON CLASSIFIE";"";"";"";"";"";"";"";"";"09/17/2026 14:05:21";"09/11/2026 14:19:46";"";""
"258";"DSE-LST-001-REV-B-20260911-161929 | ACTION | OBJ-ACT | Domaine=ACT | Type=Métier | Elements=0";"";"";"";"";"";"";"";"";"Non";"Non";"Non";"";"";"JOURNAL - HISTORIQUE NON CLASSIFIE";"";"";"";"";"";"";"";"";"09/17/2026 14:05:23";"09/11/2026 14:19:50";"";""
"259";"DSE-LST-001-REV-B-20260911-161929 | ACTION | OBJ-AUDIT | Domaine=CORE | Type=Audit | Elements=2";"";"";"";"";"";"";"";"";"Non";"Non";"Non";"";"";"JOURNAL - HISTORIQUE NON CLASSIFIE";"";"";"";"";"";"";"";"";"09/17/2026 14:05:23";"09/11/2026 14:19:54";"";""
"260";"DSE-LST-001-REV-B-20260911-161929 | ACTION | OBJ-GEO-CAPITALE | Domaine=GEO | Type=Référentiel | Elements=249";"";"";"";"";"";"";"";"";"Non";"Non";"Non";"";"";"JOURNAL - HISTORIQUE NON CLASSIFIE";"";"";"";"";"";"";"";"";"09/17/2026 14:05:24";"09/11/2026 14:19:58";"";""
"261";"DSE-LST-001-REV-B-20260911-161929 | ACTION | OBJ-GEO-CONTINENT | Domaine=GEO | Type=Référentiel | Elements=7";"";"";"";"";"";"";"";"";"Non";"Non";"Non";"";"";"JOURNAL - HISTORIQUE NON CLASSIFIE";"";"";"";"";"";"";"";"";"09/17/2026 14:05:25";"09/11/2026 14:20:01";"";""
"262";"DSE-LST-001-REV-B-20260911-161929 | ACTION | OBJ-GEO-DEPARTEMENT | Domaine=GEO | Type=Référentiel | Elements=101";"";"";"";"";"";"";"";"";"Non";"Non";"Non";"";"";"JOURNAL - HISTORIQUE NON CLASSIFIE";"";"";"";"";"";"";"";"";"09/17/2026 14:05:27";"09/11/2026 14:20:05";"";""
"263";"DSE-LST-001-REV-B-20260911-161929 | ACTION | OBJ-GEO-DEVISE | Domaine=GEO | Type=Référentiel | Elements=154";"";"";"";"";"";"";"";"";"Non";"Non";"Non";"";"";"JOURNAL - HISTORIQUE NON CLASSIFIE";"";"";"";"";"";"";"";"";"09/17/2026 14:05:28";"09/11/2026 14:20:08";"";""
"264";"DSE-LST-001-REV-B-20260911-161929 | ACTION | OBJ-GEO-FUSEAU-HORAIRE | Domaine=GEO | Type=Référentiel | Elements=38";"";"";"";"";"";"";"";"";"Non";"Non";"Non";"";"";"JOURNAL - HISTORIQUE NON CLASSIFIE";"";"";"";"";"";"";"";"";"09/17/2026 14:05:29";"09/11/2026 14:20:11";"";""
"265";"DSE-LST-001-REV-B-20260911-161929 | ACTION | OBJ-GEO-LANGUE | Domaine=GEO | Type=Référentiel | Elements=112";"";"";"";"";"";"";"";"";"Non";"Non";"Non";"";"";"JOURNAL - HISTORIQUE NON CLASSIFIE";"";"";"";"";"";"";"";"";"09/17/2026 14:05:31";"09/11/2026 14:20:14";"";""
"266";"DSE-LST-001-REV-B-20260911-161929 | ACTION | OBJ-GEO-NATIONALITE | Domaine=GEO | Type=Référentiel | Elements=249";"";"";"";"";"";"";"";"";"Non";"Non";"Non";"";"";"JOURNAL - HISTORIQUE NON CLASSIFIE";"";"";"";"";"";"";"";"";"09/17/2026 14:05:31";"09/11/2026 14:20:17";"";""
"267";"DSE-LST-001-REV-B-20260911-161929 | ACTION | OBJ-GEO-PAYS | Domaine=GEO | Type=Référentiel | Elements=249";"";"";"";"";"";"";"";"";"Non";"Non";"Non";"";"";"JOURNAL - HISTORIQUE NON CLASSIFIE";"";"";"";"";"";"";"";"";"09/17/2026 14:05:32";"09/11/2026 14:20:20";"";""
"268";"DSE-LST-001-REV-B-20260911-161929 | ACTION | OBJ-GEO-REGION | Domaine=GEO | Type=Référentiel | Elements=18";"";"";"";"";"";"";"";"";"Non";"Non";"Non";"";"";"JOURNAL - HISTORIQUE NON CLASSIFIE";"";"";"";"";"";"";"";"";"09/17/2026 14:05:33";"09/11/2026 14:20:24";"";""
"269";"DSE-LST-001-REV-B-20260911-161929 | ACTION | OBJ-GEO-SOURCE | Domaine=GEO | Type=Référentiel | Elements=6";"";"";"";"";"";"";"";"";"Non";"Non";"Non";"";"";"JOURNAL - HISTORIQUE NON CLASSIFIE";"";"";"";"";"";"";"";"";"09/17/2026 14:05:34";"09/11/2026 14:20:27";"";""
"270";"DSE-LST-001-REV-B-20260911-161929 | ACTION | OBJ-GEO-STATUT | Domaine=GEO | Type=Référentiel | Elements=22";"";"";"";"";"";"";"";"";"Non";"Non";"Non";"";"";"JOURNAL - HISTORIQUE NON CLASSIFIE";"";"";"";"";"";"";"";"";"09/17/2026 14:05:36";"09/11/2026 14:20:30";"";""
"271";"DSE-LST-001-REV-B-20260911-161929 | ACTION | OBJ-GEO-TERRITOIRE | Domaine=GEO | Type=Référentiel | Elements=9";"";"";"";"";"";"";"";"";"Non";"Non";"Non";"";"";"JOURNAL - HISTORIQUE NON CLASSIFIE";"";"";"";"";"";"";"";"";"09/17/2026 14:05:37";"09/11/2026 14:20:33";"";""
"272";"DSE-LST-001-REV-B-20260911-161929 | ACTION | OBJ-GEO-VILLE | Domaine=GEO | Type=Référentiel | Elements=34868";"";"";"";"";"";"";"";"";"Non";"Non";"Non";"";"";"JOURNAL - HISTORIQUE NON CLASSIFIE";"";"";"";"";"";"";"";"";"09/17/2026 14:05:38";"09/11/2026 14:20:36";"";""
"273";"DSE-LST-001-REV-B-20260911-161929 | ACTION | OBJ-GEO-ZONE | Domaine=GEO | Type=Référentiel | Elements=35";"";"";"";"";"";"";"";"";"Non";"Non";"Non";"";"";"JOURNAL - HISTORIQUE NON CLASSIFIE";"";"";"";"";"";"";"";"";"09/17/2026 14:05:39";"09/11/2026 14:20:40";"";""
"274";"DSE-LST-001-REV-B-20260911-161929 | ACTION | OBJ-JRN | Domaine=CORE | Type=Journal | Elements=253";"";"";"";"";"";"";"";"";"Non";"Non";"Non";"";"";"JOURNAL - HISTORIQUE NON CLASSIFIE";"";"";"";"";"";"";"";"";"09/17/2026 14:05:41";"09/11/2026 14:20:44";"";""
"275";"DSE-LST-001-REV-B-20260911-161929 | ACTION | OBJ-JRN-GEO | Domaine=CORE | Type=Journal | Elements=74";"";"";"";"";"";"";"";"";"Non";"Non";"Non";"";"";"JOURNAL - HISTORIQUE NON CLASSIFIE";"";"";"";"";"";"";"";"";"09/17/2026 14:05:41";"09/11/2026 14:20:47";"";""
"276";"DSE-LST-001-REV-B-20260911-161929 | ACTION | OBJ-MODULE | Domaine=CORE | Type=Métier | Elements=0";"";"";"";"";"";"";"";"";"Non";"Non";"Non";"";"";"JOURNAL - HISTORIQUE NON CLASSIFIE";"";"";"";"";"";"";"";"";"09/17/2026 14:05:42";"09/11/2026 14:20:51";"";""
"277";"DSE-LST-001-REV-B-20260911-161929 | ACTION | OBJ-ORG | Domaine=ORG | Type=Métier | Elements=4";"";"";"";"";"";"";"";"";"Non";"Non";"Non";"";"";"JOURNAL - HISTORIQUE NON CLASSIFIE";"";"";"";"";"";"";"";"";"09/17/2026 14:05:43";"09/11/2026 14:20:54";"";""
"278";"DSE-LST-001-REV-B-20260911-161929 | ACTION | OBJ-ORG-COMPTE | Domaine=ORG | Type=Métier | Elements=4";"";"";"";"";"";"";"";"";"Non";"Non";"Non";"";"";"JOURNAL - HISTORIQUE NON CLASSIFIE";"";"";"";"";"";"";"";"";"09/17/2026 14:05:44";"09/11/2026 14:20:58";"";""
"279";"DSE-LST-001-REV-B-20260911-161929 | ACTION | OBJ-ORG-CONTACT | Domaine=ORG | Type=Métier | Elements=2";"";"";"";"";"";"";"";"";"Non";"Non";"Non";"";"";"JOURNAL - HISTORIQUE NON CLASSIFIE";"";"";"";"";"";"";"";"";"09/17/2026 14:05:45";"09/11/2026 14:21:01";"";""
"280";"DSE-LST-001-REV-B-20260911-161929 | ACTION | OBJ-PWS | Domaine=DEV | Type=Métier | Elements=0";"";"";"";"";"";"";"";"";"Non";"Non";"Non";"";"";"JOURNAL - HISTORIQUE NON CLASSIFIE";"";"";"";"";"";"";"";"";"09/17/2026 14:05:47";"09/11/2026 14:21:06";"";""
"281";"DSE-LST-001-REV-B-20260911-161929 | ACTION | OBJ-REF-00 | Domaine=CORE | Type=Référentiel | Elements=22";"";"";"";"";"";"";"";"";"Non";"Non";"Non";"";"";"JOURNAL - HISTORIQUE NON CLASSIFIE";"";"";"";"";"";"";"";"";"09/17/2026 14:05:48";"09/11/2026 14:21:09";"";""
"282";"DSE-LST-001-REV-B-20260911-161929 | ACTION | OBJ-REF-10 | Domaine=CORE | Type=Référentiel | Elements=49";"";"";"";"";"";"";"";"";"Non";"Non";"Non";"";"";"JOURNAL - HISTORIQUE NON CLASSIFIE";"";"";"";"";"";"";"";"";"09/17/2026 14:05:49";"09/11/2026 14:21:12";"";""
"283";"DSE-LST-001-REV-B-20260911-161929 | ACTION | OBJ-REF-20 | Domaine=CORE | Type=Référentiel | Elements=17";"";"";"";"";"";"";"";"";"Non";"Non";"Non";"";"";"JOURNAL - HISTORIQUE NON CLASSIFIE";"";"";"";"";"";"";"";"";"09/17/2026 14:05:50";"09/11/2026 14:21:15";"";""
"284";"DSE-LST-001-REV-B-20260911-161929 | ACTION | OBJ-REF-30 | Domaine=CORE | Type=Référentiel | Elements=20";"";"";"";"";"";"";"";"";"Non";"Non";"Non";"";"";"JOURNAL - HISTORIQUE NON CLASSIFIE";"";"";"";"";"";"";"";"";"09/17/2026 14:05:51";"09/11/2026 14:21:18";"";""
"285";"DSE-LST-001-REV-B-20260911-161929 | ACTION | OBJ-REF-40 | Domaine=CORE | Type=Référentiel | Elements=18";"";"";"";"";"";"";"";"";"Non";"Non";"Non";"";"";"JOURNAL - HISTORIQUE NON CLASSIFIE";"";"";"";"";"";"";"";"";"09/17/2026 14:05:52";"09/11/2026 14:21:21";"";""
"286";"DSE-LST-001-REV-B-20260911-161929 | ACTION | OBJ-REF-50 | Domaine=CORE | Type=Référentiel | Elements=11";"";"";"";"";"";"";"";"";"Non";"Non";"Non";"";"";"JOURNAL - HISTORIQUE NON CLASSIFIE";"";"";"";"";"";"";"";"";"09/17/2026 14:05:53";"09/11/2026 14:21:25";"";""
"287";"DSE-LST-001-REV-B-20260911-161929 | ACTION | OBJ-REF-60 | Domaine=CORE | Type=Référentiel | Elements=16";"";"";"";"";"";"";"";"";"Non";"Non";"Non";"";"";"JOURNAL - HISTORIQUE NON CLASSIFIE";"";"";"";"";"";"";"";"";"09/17/2026 14:05:55";"09/11/2026 14:21:28";"";""
"288";"DSE-LST-001-REV-B-20260911-161929 | ACTION | OBJ-REF-70 | Domaine=CORE | Type=Référentiel | Elements=19";"";"";"";"";"";"";"";"";"Non";"Non";"Non";"";"";"JOURNAL - HISTORIQUE NON CLASSIFIE";"";"";"";"";"";"";"";"";"09/17/2026 14:05:56";"09/11/2026 14:21:32";"";""
"289";"DSE-LST-001-REV-B-20260911-161929 | ACTION | OBJ-REF-80 | Domaine=CORE | Type=Référentiel | Elements=15";"";"";"";"";"";"";"";"";"Non";"Non";"Non";"";"";"JOURNAL - HISTORIQUE NON CLASSIFIE";"";"";"";"";"";"";"";"";"09/17/2026 14:05:57";"09/11/2026 14:21:35";"";""
"290";"DSE-LST-001-REV-B-20260911-161929 | ACTION | OBJ-REF-90 | Domaine=CORE | Type=Référentiel | Elements=18";"";"";"";"";"";"";"";"";"Non";"Non";"Non";"";"";"JOURNAL - HISTORIQUE NON CLASSIFIE";"";"";"";"";"";"";"";"";"09/17/2026 14:05:59";"09/11/2026 14:21:38";"";""
"291";"DSE-LST-001-REV-B-20260911-161929 | ACTION | OBJ-REF-95 | Domaine=CORE | Type=Référentiel | Elements=8";"";"";"";"";"";"";"";"";"Non";"Non";"Non";"";"";"JOURNAL - HISTORIQUE NON CLASSIFIE";"";"";"";"";"";"";"";"";"09/17/2026 14:05:59";"09/11/2026 14:21:41";"";""
"292";"DSE-LST-001-REV-B-20260911-161929 | ACTION | OBJ-REF-DOMAINE | Domaine=CORE | Type=Référentiel | Elements=14";"";"";"";"";"";"";"";"";"Non";"Non";"Non";"";"";"JOURNAL - HISTORIQUE NON CLASSIFIE";"";"";"";"";"";"";"";"";"09/17/2026 14:06:00";"09/11/2026 14:21:45";"";""
"293";"DSE-LST-001-REV-B-20260911-161929 | ACTION | OBJ-REF-LST-STATUT | Domaine=CORE | Type=Référentiel | Elements=7";"";"";"";"";"";"";"";"";"Non";"Non";"Non";"";"";"JOURNAL - HISTORIQUE NON CLASSIFIE";"";"";"";"";"";"";"";"";"09/17/2026 14:06:01";"09/11/2026 14:21:48";"";""
"294";"DSE-LST-001-REV-B-20260911-161929 | ACTION | OBJ-REF-LST-TYPE | Domaine=CORE | Type=Référentiel | Elements=11";"";"";"";"";"";"";"";"";"Non";"Non";"Non";"";"";"JOURNAL - HISTORIQUE NON CLASSIFIE";"";"";"";"";"";"";"";"";"09/17/2026 14:06:02";"09/11/2026 14:21:51";"";""
"295";"DSE-LST-001-REV-B-20260911-161929 | ACTION | OBJ-REF-ORG-COMPTE-TYPE | Domaine=CORE | Type=Référentiel | Elements=11";"";"";"";"";"";"";"";"";"Non";"Non";"Non";"";"";"JOURNAL - HISTORIQUE NON CLASSIFIE";"";"";"";"";"";"";"";"";"09/17/2026 14:06:03";"09/11/2026 14:21:54";"";""
"296";"DSE-LST-001-REV-B-20260911-161929 | ACTION | OBJ-REF-ORG-CONTACT-TYPE | Domaine=CORE | Type=Référentiel | Elements=8";"";"";"";"";"";"";"";"";"Non";"Non";"Non";"";"";"JOURNAL - HISTORIQUE NON CLASSIFIE";"";"";"";"";"";"";"";"";"09/17/2026 14:06:05";"09/11/2026 14:21:57";"";""
"297";"DSE-LST-001-REV-B-20260911-161929 | ACTION | OBJ-REF-ORG-SECTEUR | Domaine=CORE | Type=Référentiel | Elements=9";"";"";"";"";"";"";"";"";"Non";"Non";"Non";"";"";"JOURNAL - HISTORIQUE NON CLASSIFIE";"";"";"";"";"";"";"";"";"09/17/2026 14:06:06";"09/11/2026 14:22:00";"";""
"298";"DSE-LST-001-REV-B-20260911-161929 | ACTION | OBJ-REF-ORG-STATUT | Domaine=CORE | Type=Référentiel | Elements=6";"";"";"";"";"";"";"";"";"Non";"Non";"Non";"";"";"JOURNAL - HISTORIQUE NON CLASSIFIE";"";"";"";"";"";"";"";"";"09/17/2026 14:06:08";"09/11/2026 14:22:04";"";""
"299";"DSE-LST-001-REV-B-20260911-161929 | ACTION | OBJ-REF-ORG-TYPE | Domaine=CORE | Type=Référentiel | Elements=12";"";"";"";"";"";"";"";"";"Non";"Non";"Non";"";"";"JOURNAL - HISTORIQUE NON CLASSIFIE";"";"";"";"";"";"";"";"";"09/17/2026 14:06:08";"09/11/2026 14:22:07";"";""
"300";"DSE-LST-001-REV-B-20260911-161929 | ACTION | OBJ-REL | Domaine=CORE | Type=Relation | Elements=32";"";"";"";"";"";"";"";"";"Non";"Non";"Non";"";"";"JOURNAL - HISTORIQUE NON CLASSIFIE";"";"";"";"";"";"";"";"";"09/17/2026 14:06:09";"09/11/2026 14:22:11";"";""
"301";"DSE-LST-001-REV-B-20260911-161929 | ACTION | OBJ-SITE | Domaine=SITE | Type=Métier | Elements=0";"";"";"";"";"";"";"";"";"Non";"Non";"Non";"";"";"JOURNAL - HISTORIQUE NON CLASSIFIE";"";"";"";"";"";"";"";"";"09/17/2026 14:06:10";"09/11/2026 14:22:15";"";""
"302";"DSE-LST-001-REV-B-20260911-161929 | ACTION | OBJ-STATUT | Domaine=CORE | Type=Métier | Elements=0";"";"";"";"";"";"";"";"";"Non";"Non";"Non";"";"";"JOURNAL - HISTORIQUE NON CLASSIFIE";"";"";"";"";"";"";"";"";"09/17/2026 14:06:11";"09/11/2026 14:22:18";"";""
"303";"DSE-LST-001-REV-B-20260911-161929 | ACTION | Pages | Domaine=CORE | Type=Catalogue | Elements=14";"";"";"";"";"";"";"";"";"Non";"Non";"Non";"";"";"JOURNAL - HISTORIQUE NON CLASSIFIE";"";"";"";"";"";"";"";"";"09/17/2026 14:06:13";"09/11/2026 14:22:21";"";""
"304";"DSE-LST-001-REV-B-20260911-161929 | ACTION | Pièces jointes | Domaine=CORE | Type=Catalogue | Elements=20";"";"";"";"";"";"";"";"";"Non";"Non";"Non";"";"";"JOURNAL - HISTORIQUE NON CLASSIFIE";"";"";"";"";"";"";"";"";"09/17/2026 14:06:14";"09/11/2026 14:22:24";"";""
"305";"DSE-LST-001-REV-B-20260911-161929 | ACTION | ZZ-ARCHIVE-DSE-AUTRE - Bibliothèque de styles | Domaine=CORE | Type=Archive | Elements=0";"";"";"";"";"";"";"";"";"Non";"Non";"Non";"";"";"JOURNAL - HISTORIQUE NON CLASSIFIE";"";"";"";"";"";"";"";"";"09/17/2026 14:06:15";"09/11/2026 14:22:28";"";""
"306";"DSE-LST-001-REV-B-20260911-161929 | ACTION | ZZ-ARCHIVE-DSE-AUTRE - Modèles de formulaire | Domaine=CORE | Type=Archive | Elements=0";"";"";"";"";"";"";"";"";"Non";"Non";"Non";"";"";"JOURNAL - HISTORIQUE NON CLASSIFIE";"";"";"";"";"";"";"";"";"09/17/2026 14:06:16";"09/11/2026 14:22:31";"";""
"307";"DSE-LST-001-REV-B-20260911-161929 | ACTION | ZZ-ARCHIVE-DSE-Ressources d’assistant | Domaine=CORE | Type=Archive | Elements=4";"";"";"";"";"";"";"";"";"Non";"Non";"Non";"";"";"JOURNAL - HISTORIQUE NON CLASSIFIE";"";"";"";"";"";"";"";"";"09/17/2026 14:06:17";"09/11/2026 14:22:34";"";""
"308";"DSE-LST-001-REV-B-20260911-161929 | FIN | Statut=SUCCES | Conteneurs=53 | Creations=1 | MisesAJour=52 | Erreurs=0 | OBJ-LST=53 | Rapport=C:\Users\PascalZIMMER_b9lyro1\OneDrive - DemainSite\Bureau\RAPPORT-DSE-LST-001-REV-B-20260911-161929.csv";"";"";"";"";"";"";"";"";"Non";"Non";"Non";"";"";"JOURNAL - HISTORIQUE NON CLASSIFIE";"";"";"";"";"";"";"";"";"09/17/2026 14:06:18";"09/11/2026 14:22:36";"";""
"309";"DSE-LST-002-AUDIT-REV-A-20260911-162815 | DEBUT | Audit qualite OBJ-LST sans correction";"";"";"";"";"";"";"";"";"Non";"Non";"Non";"";"";"JOURNAL - HISTORIQUE NON CLASSIFIE";"";"";"";"";"";"";"";"";"09/17/2026 14:06:20";"09/11/2026 14:28:18";"";""
"310";"DSE-LST-003-REV-A-20260911-163355 - FIN - MAJ=";"";"";"";"";"";"";"";"";"Non";"Non";"Non";"";"";"JOURNAL - HISTORIQUE NON CLASSIFIE";"";"";"";"";"";"";"";"";"09/17/2026 14:06:21";"09/11/2026 14:33:57";"";""
"311";"DSE-LST-003-REV-B-20260911-172459 - DEBUT";"";"";"";"";"";"";"";"";"Non";"Non";"Non";"";"";"JOURNAL - HISTORIQUE NON CLASSIFIE";"";"";"";"";"";"";"";"";"09/17/2026 14:06:22";"09/11/2026 15:25:03";"";""
"312";"DSE-LST-003-REV-B-20260911-172459 - FIN - MAJ=1";"";"";"";"";"";"";"";"";"Non";"Non";"Non";"";"";"JOURNAL - HISTORIQUE NON CLASSIFIE";"";"";"";"";"";"";"";"";"09/17/2026 14:06:23";"09/11/2026 15:25:05";"";""
"313";"DSE-AUDIT-001-20260912-025114-DEBUT";"";"";"";"12/09/2026 02:51:18";"DEBUT";"";"";"";"Non";"Non";"Non";"Demarrage du MVP d'audit DSE. Aucune correction automatique.";"DSE-AUDIT-001-20260912-025114-DEBUT";"JOURNAL - TYPEEVENEMENT - CONTROLE | JOURNAL - SOURCE - WORKFLOW | JOURNAL - RESULTAT - SUCCES";"";"";"";"";"";"";"";"";"09/17/2026 13:45:09";"09/12/2026 00:51:20";"";""
"314";"DSE-AUDIT-001-20260912-025114-CONTROLE-1";"";"";"";"12/09/2026 02:51:22";"AUDIT OBJ-LST";"Catalogue : elements=458; colonnes=50; vues=5; URL=https://blogssite.sharepoint.com/sites/Bibliotheque/Documents partages";"Reel : elements=458; colonnes=50; vues=5; URL=https://blogssite.sharepoint.com/sites/Bibliotheque/Documents partages";"";"Non";"Non";"Non";"IDLST=LST-000001; NOMLISTE=DOC - Documents; STATUT=CONFORME; DETAIL=Catalogue coherent avec SharePoint.";"DSE-AUDIT-001-20260912-025114-CONTROLE-1";"JOURNAL - TYPEEVENEMENT - CONTROLE | JOURNAL - SOURCE - WORKFLOW | JOURNAL - RESULTAT - SUCCES";"";"";"";"";"";"";"";"";"09/17/2026 13:45:11";"09/12/2026 00:51:24";"";""
"315";"DSE-AUDIT-001-20260912-025114-CONTROLE-2";"";"";"";"12/09/2026 02:51:24";"AUDIT OBJ-LST";"Catalogue : elements=1259; colonnes=2; vues=1; URL=https://blogssite.sharepoint.com/sites/Bibliotheque/DSE  Coffre ZIP";"Reel : elements=1259; colonnes=2; vues=1; URL=https://blogssite.sharepoint.com/sites/Bibliotheque/DSE  Coffre ZIP";"";"Non";"Non";"Non";"IDLST=LST-000002; NOMLISTE=DSE - Coffre Ford; STATUT=CONFORME; DETAIL=Catalogue coherent avec SharePoint.";"DSE-AUDIT-001-20260912-025114-CONTROLE-2";"JOURNAL - TYPEEVENEMENT - CONTROLE | JOURNAL - SOURCE - WORKFLOW | JOURNAL - RESULTAT - SUCCES";"";"";"";"";"";"";"";"";"09/17/2026 13:45:12";"09/12/2026 00:51:26";"";""
"316";"DSE-AUDIT-001-20260912-025114-CONTROLE-3";"";"";"";"12/09/2026 02:51:26";"AUDIT OBJ-LST";"Catalogue : elements=237; colonnes=48; vues=8; URL=https://blogssite.sharepoint.com/sites/Bibliotheque/Lists/OBJ";"Reel : elements=237; colonnes=48; vues=8; URL=https://blogssite.sharepoint.com/sites/Bibliotheque/Lists/OBJ";"";"Non";"Non";"Non";"IDLST=LST-000003; NOMLISTE=OBJ; STATUT=CONFORME; DETAIL=Catalogue coherent avec SharePoint.";"DSE-AUDIT-001-20260912-025114-CONTROLE-3";"JOURNAL - TYPEEVENEMENT - CONTROLE | JOURNAL - SOURCE - WORKFLOW | JOURNAL - RESULTAT - SUCCES";"";"";"";"";"";"";"";"";"09/17/2026 13:45:14";"09/12/2026 00:51:27";"";""
"317";"DSE-AUDIT-001-20260912-025114-CONTROLE-4";"";"";"";"12/09/2026 02:51:28";"AUDIT OBJ-LST";"Catalogue : elements=2; colonnes=14; vues=1; URL=https://blogssite.sharepoint.com/sites/Bibliotheque/Lists/OBJAUDIT";"Reel : elements=2; colonnes=14; vues=1; URL=https://blogssite.sharepoint.com/sites/Bibliotheque/Lists/OBJAUDIT";"";"Non";"Non";"Non";"IDLST=LST-000005; NOMLISTE=OBJ-AUDIT; STATUT=CONFORME; DETAIL=Catalogue coherent avec SharePoint.";"DSE-AUDIT-001-20260912-025114-CONTROLE-4";"JOURNAL - TYPEEVENEMENT - CONTROLE | JOURNAL - SOURCE - WORKFLOW | JOURNAL - RESULTAT - SUCCES";"";"";"";"";"";"";"";"";"09/17/2026 13:45:15";"09/12/2026 00:51:29";"";""
"318";"DSE-AUDIT-001-20260912-025114-CONTROLE-5";"";"";"";"12/09/2026 02:51:29";"AUDIT OBJ-LST";"Catalogue : elements=249; colonnes=26; vues=6; URL=https://blogssite.sharepoint.com/sites/Bibliotheque/Lists/OBJGEOCAPITALE";"Reel : elements=249; colonnes=26; vues=6; URL=https://blogssite.sharepoint.com/sites/Bibliotheque/Lists/OBJGEOCAPITALE";"";"Non";"Non";"Non";"IDLST=LST-000006; NOMLISTE=OBJ-GEO-CAPITALE; STATUT=CONFORME; DETAIL=Catalogue coherent avec SharePoint.";"DSE-AUDIT-001-20260912-025114-CONTROLE-5";"JOURNAL - TYPEEVENEMENT - CONTROLE | JOURNAL - SOURCE - WORKFLOW | JOURNAL - RESULTAT - SUCCES";"";"";"";"";"";"";"";"";"09/17/2026 13:45:17";"09/12/2026 00:51:31";"";""
"319";"DSE-AUDIT-001-20260912-025114-CONTROLE-6";"";"";"";"12/09/2026 02:51:31";"AUDIT OBJ-LST";"Catalogue : elements=7; colonnes=20; vues=6; URL=https://blogssite.sharepoint.com/sites/Bibliotheque/Lists/OBJGEOCONTINENT";"Reel : elements=7; colonnes=20; vues=6; URL=https://blogssite.sharepoint.com/sites/Bibliotheque/Lists/OBJGEOCONTINENT";"";"Non";"Non";"Non";"IDLST=LST-000007; NOMLISTE=OBJ-GEO-CONTINENT; STATUT=CONFORME; DETAIL=Catalogue coherent avec SharePoint.";"DSE-AUDIT-001-20260912-025114-CONTROLE-6";"JOURNAL - TYPEEVENEMENT - CONTROLE | JOURNAL - SOURCE - WORKFLOW | JOURNAL - RESULTAT - SUCCES";"";"";"";"";"";"";"";"";"09/17/2026 13:45:18";"09/12/2026 00:51:33";"";""
"320";"DSE-AUDIT-001-20260912-025114-CONTROLE-7";"";"";"";"12/09/2026 02:51:33";"AUDIT OBJ-LST";"Catalogue : elements=101; colonnes=32; vues=6; URL=https://blogssite.sharepoint.com/sites/Bibliotheque/Lists/OBJGEODEPARTEMENT";"Reel : elements=101; colonnes=32; vues=6; URL=https://blogssite.sharepoint.com/sites/Bibliotheque/Lists/OBJGEODEPARTEMENT";"";"Non";"Non";"Non";"IDLST=LST-000008; NOMLISTE=OBJ-GEO-DEPARTEMENT; STATUT=CONFORME; DETAIL=Catalogue coherent avec SharePoint.";"DSE-AUDIT-001-20260912-025114-CONTROLE-7";"JOURNAL - TYPEEVENEMENT - CONTROLE | JOURNAL - SOURCE - WORKFLOW | JOURNAL - RESULTAT - SUCCES";"";"";"";"";"";"";"";"";"09/17/2026 13:45:19";"09/12/2026 00:51:34";"";""
"321";"DSE-AUDIT-001-20260912-025114-CONTROLE-8";"";"";"";"12/09/2026 02:51:35";"AUDIT OBJ-LST";"Catalogue : elements=154; colonnes=21; vues=6; URL=https://blogssite.sharepoint.com/sites/Bibliotheque/Lists/OBJGEODEVISE";"Reel : elements=154; colonnes=21; vues=6; URL=https://blogssite.sharepoint.com/sites/Bibliotheque/Lists/OBJGEODEVISE";"";"Non";"Non";"Non";"IDLST=LST-000009; NOMLISTE=OBJ-GEO-DEVISE; STATUT=CONFORME; DETAIL=Catalogue coherent avec SharePoint.";"DSE-AUDIT-001-20260912-025114-CONTROLE-8";"JOURNAL - TYPEEVENEMENT - CONTROLE | JOURNAL - SOURCE - WORKFLOW | JOURNAL - RESULTAT - SUCCES";"";"";"";"";"";"";"";"";"09/17/2026 13:45:21";"09/12/2026 00:51:36";"";""
"322";"DSE-AUDIT-001-20260912-025114-CONTROLE-9";"";"";"";"12/09/2026 02:51:36";"AUDIT OBJ-LST";"Catalogue : elements=38; colonnes=22; vues=6; URL=https://blogssite.sharepoint.com/sites/Bibliotheque/Lists/OBJGEOFUSEAUHORAIRE";"Reel : elements=38; colonnes=22; vues=6; URL=https://blogssite.sharepoint.com/sites/Bibliotheque/Lists/OBJGEOFUSEAUHORAIRE";"";"Non";"Non";"Non";"IDLST=LST-000010; NOMLISTE=OBJ-GEO-FUSEAU-HORAIRE; STATUT=CONFORME; DETAIL=Catalogue coherent avec SharePoint.";"DSE-AUDIT-001-20260912-025114-CONTROLE-9";"JOURNAL - TYPEEVENEMENT - CONTROLE | JOURNAL - SOURCE - WORKFLOW | JOURNAL - RESULTAT - SUCCES";"";"";"";"";"";"";"";"";"09/17/2026 13:45:22";"09/12/2026 00:51:38";"";""
"323";"DSE-AUDIT-001-20260912-025114-CONTROLE-10";"";"";"";"12/09/2026 02:51:38";"AUDIT OBJ-LST";"Catalogue : elements=112; colonnes=22; vues=16; URL=https://blogssite.sharepoint.com/sites/Bibliotheque/Lists/OBJGEOLANGUE";"Reel : elements=112; colonnes=22; vues=16; URL=https://blogssite.sharepoint.com/sites/Bibliotheque/Lists/OBJGEOLANGUE";"";"Non";"Non";"Non";"IDLST=LST-000011; NOMLISTE=OBJ-GEO-LANGUE; STATUT=CONFORME; DETAIL=Catalogue coherent avec SharePoint.";"DSE-AUDIT-001-20260912-025114-CONTROLE-10";"JOURNAL - TYPEEVENEMENT - CONTROLE | JOURNAL - SOURCE - WORKFLOW | JOURNAL - RESULTAT - SUCCES";"";"";"";"";"";"";"";"";"09/17/2026 13:45:24";"09/12/2026 00:51:40";"";""
"324";"DSE-AUDIT-001-20260912-025114-CONTROLE-11";"";"";"";"12/09/2026 02:51:40";"AUDIT OBJ-LST";"Catalogue : elements=249; colonnes=26; vues=6; URL=https://blogssite.sharepoint.com/sites/Bibliotheque/Lists/OBJGEONATIONALITE";"Reel : elements=249; colonnes=26; vues=6; URL=https://blogssite.sharepoint.com/sites/Bibliotheque/Lists/OBJGEONATIONALITE";"";"Non";"Non";"Non";"IDLST=LST-000012; NOMLISTE=OBJ-GEO-NATIONALITE; STATUT=CONFORME; DETAIL=Catalogue coherent avec SharePoint.";"DSE-AUDIT-001-20260912-025114-CONTROLE-11";"JOURNAL - TYPEEVENEMENT - CONTROLE | JOURNAL - SOURCE - WORKFLOW | JOURNAL - RESULTAT - SUCCES";"";"";"";"";"";"";"";"";"09/17/2026 13:45:25";"09/12/2026 00:51:42";"";""
"325";"DSE-AUDIT-001-20260912-025114-CONTROLE-12";"";"";"";"12/09/2026 02:51:42";"AUDIT OBJ-LST";"Catalogue : elements=249; colonnes=32; vues=6; URL=https://blogssite.sharepoint.com/sites/Bibliotheque/Lists/OBJGEOPAYS";"Reel : elements=249; colonnes=32; vues=6; URL=https://blogssite.sharepoint.com/sites/Bibliotheque/Lists/OBJGEOPAYS";"";"Non";"Non";"Non";"IDLST=LST-000013; NOMLISTE=OBJ-GEO-PAYS; STATUT=CONFORME; DETAIL=Catalogue coherent avec SharePoint.";"DSE-AUDIT-001-20260912-025114-CONTROLE-12";"JOURNAL - TYPEEVENEMENT - CONTROLE | JOURNAL - SOURCE - WORKFLOW | JOURNAL - RESULTAT - SUCCES";"";"";"";"";"";"";"";"";"09/17/2026 13:45:26";"09/12/2026 00:51:43";"";""
"326";"DSE-AUDIT-001-20260912-025114-CONTROLE-13";"";"";"";"12/09/2026 02:51:43";"AUDIT OBJ-LST";"Catalogue : elements=18; colonnes=34; vues=6; URL=https://blogssite.sharepoint.com/sites/Bibliotheque/Lists/OBJGEOREGION";"Reel : elements=18; colonnes=34; vues=6; URL=https://blogssite.sharepoint.com/sites/Bibliotheque/Lists/OBJGEOREGION";"";"Non";"Non";"Non";"IDLST=LST-000014; NOMLISTE=OBJ-GEO-REGION; STATUT=CONFORME; DETAIL=Catalogue coherent avec SharePoint.";"DSE-AUDIT-001-20260912-025114-CONTROLE-13";"JOURNAL - TYPEEVENEMENT - CONTROLE | JOURNAL - SOURCE - WORKFLOW | JOURNAL - RESULTAT - SUCCES";"";"";"";"";"";"";"";"";"09/17/2026 13:45:29";"09/12/2026 00:51:45";"";""
"327";"DSE-AUDIT-001-20260912-025114-CONTROLE-14";"";"";"";"12/09/2026 02:51:45";"AUDIT OBJ-LST";"Catalogue : elements=6; colonnes=32; vues=4; URL=https://blogssite.sharepoint.com/sites/Bibliotheque/Lists/OBJGEOSOURCE";"Reel : elements=6; colonnes=32; vues=4; URL=https://blogssite.sharepoint.com/sites/Bibliotheque/Lists/OBJGEOSOURCE";"";"Non";"Non";"Non";"IDLST=LST-000015; NOMLISTE=OBJ-GEO-SOURCE; STATUT=CONFORME; DETAIL=Catalogue coherent avec SharePoint.";"DSE-AUDIT-001-20260912-025114-CONTROLE-14";"JOURNAL - TYPEEVENEMENT - CONTROLE | JOURNAL - SOURCE - WORKFLOW | JOURNAL - RESULTAT - SUCCES";"";"";"";"";"";"";"";"";"09/17/2026 13:45:31";"09/12/2026 00:51:47";"";""
"328";"DSE-AUDIT-001-20260912-025114-CONTROLE-15";"";"";"";"12/09/2026 02:51:47";"AUDIT OBJ-LST";"Catalogue : elements=22; colonnes=21; vues=6; URL=https://blogssite.sharepoint.com/sites/Bibliotheque/Lists/OBJGEOSTATUT";"Reel : elements=22; colonnes=21; vues=6; URL=https://blogssite.sharepoint.com/sites/Bibliotheque/Lists/OBJGEOSTATUT";"";"Non";"Non";"Non";"IDLST=LST-000016; NOMLISTE=OBJ-GEO-STATUT; STATUT=CONFORME; DETAIL=Catalogue coherent avec SharePoint.";"DSE-AUDIT-001-20260912-025114-CONTROLE-15";"JOURNAL - TYPEEVENEMENT - CONTROLE | JOURNAL - SOURCE - WORKFLOW | JOURNAL - RESULTAT - SUCCES";"";"";"";"";"";"";"";"";"09/17/2026 13:45:31";"09/12/2026 00:51:49";"";""
"329";"DSE-AUDIT-001-20260912-025114-CONTROLE-16";"";"";"";"12/09/2026 02:51:49";"AUDIT OBJ-LST";"Catalogue : elements=9; colonnes=29; vues=5; URL=https://blogssite.sharepoint.com/sites/Bibliotheque/Lists/OBJGEOTERRITOIRE";"Reel : elements=9; colonnes=29; vues=5; URL=https://blogssite.sharepoint.com/sites/Bibliotheque/Lists/OBJGEOTERRITOIRE";"";"Non";"Non";"Non";"IDLST=LST-000017; NOMLISTE=OBJ-GEO-TERRITOIRE; STATUT=CONFORME; DETAIL=Catalogue coherent avec SharePoint.";"DSE-AUDIT-001-20260912-025114-CONTROLE-16";"JOURNAL - TYPEEVENEMENT - CONTROLE | JOURNAL - SOURCE - WORKFLOW | JOURNAL - RESULTAT - SUCCES";"";"";"";"";"";"";"";"";"09/17/2026 13:45:33";"09/12/2026 00:51:50";"";""
"330";"DSE-AUDIT-001-20260912-025114-CONTROLE-17";"";"";"";"12/09/2026 02:51:50";"AUDIT OBJ-LST";"Catalogue : elements=34868; colonnes=28; vues=6; URL=https://blogssite.sharepoint.com/sites/Bibliotheque/Lists/OBJGEOVILLE";"Reel : elements=34868; colonnes=28; vues=6; URL=https://blogssite.sharepoint.com/sites/Bibliotheque/Lists/OBJGEOVILLE";"";"Non";"Non";"Non";"IDLST=LST-000018; NOMLISTE=OBJ-GEO-VILLE; STATUT=CONFORME; DETAIL=Catalogue coherent avec SharePoint.";"DSE-AUDIT-001-20260912-025114-CONTROLE-17";"JOURNAL - TYPEEVENEMENT - CONTROLE | JOURNAL - SOURCE - WORKFLOW | JOURNAL - RESULTAT - SUCCES";"";"";"";"";"";"";"";"";"09/17/2026 13:45:34";"09/12/2026 00:51:52";"";""
"331";"DSE-AUDIT-001-20260912-025114-CONTROLE-18";"";"";"";"12/09/2026 02:51:52";"AUDIT OBJ-LST";"Catalogue : elements=35; colonnes=19; vues=5; URL=https://blogssite.sharepoint.com/sites/Bibliotheque/Lists/OBJGEOZONE";"Reel : elements=35; colonnes=19; vues=5; URL=https://blogssite.sharepoint.com/sites/Bibliotheque/Lists/OBJGEOZONE";"";"Non";"Non";"Non";"IDLST=LST-000019; NOMLISTE=OBJ-GEO-ZONE; STATUT=CONFORME; DETAIL=Catalogue coherent avec SharePoint.";"DSE-AUDIT-001-20260912-025114-CONTROLE-18";"JOURNAL - TYPEEVENEMENT - CONTROLE | JOURNAL - SOURCE - WORKFLOW | JOURNAL - RESULTAT - SUCCES";"";"";"";"";"";"";"";"";"09/17/2026 13:45:36";"09/12/2026 00:51:54";"";""
"332";"DSE-AUDIT-001-20260912-025114-CONTROLE-19";"";"";"";"12/09/2026 02:51:54";"AUDIT OBJ-LST";"Catalogue : elements=253; colonnes=16; vues=1; URL=https://blogssite.sharepoint.com/sites/Bibliotheque/Lists/OBJJRN";"Reel : elements=312; colonnes=16; vues=1; URL=https://blogssite.sharepoint.com/sites/Bibliotheque/Lists/OBJJRN";"";"Oui";"Non";"Non";"IDLST=LST-000020; NOMLISTE=OBJ-JRN; STATUT=ECART; DETAIL=Ecarts : ELEMENTS";"DSE-AUDIT-001-20260912-025114-CONTROLE-19";"JOURNAL - TYPEEVENEMENT - CONTROLE | JOURNAL - SOURCE - WORKFLOW | JOURNAL - RESULTAT - AVERTISSEMENT";"";"";"";"";"";"";"";"";"09/17/2026 13:45:37";"09/12/2026 00:51:56";"";""
"333";"DSE-AUDIT-001-20260912-025114-CONTROLE-20";"";"";"";"12/09/2026 02:51:56";"AUDIT OBJ-LST";"Catalogue : elements=74; colonnes=25; vues=1; URL=https://blogssite.sharepoint.com/sites/Bibliotheque/Lists/OBJJRNGEO";"Reel : elements=74; colonnes=25; vues=1; URL=https://blogssite.sharepoint.com/sites/Bibliotheque/Lists/OBJJRNGEO";"";"Non";"Non";"Non";"IDLST=LST-000021; NOMLISTE=OBJ-JRN-GEO; STATUT=CONFORME; DETAIL=Catalogue coherent avec SharePoint.";"DSE-AUDIT-001-20260912-025114-CONTROLE-20";"JOURNAL - TYPEEVENEMENT - CONTROLE | JOURNAL - SOURCE - WORKFLOW | JOURNAL - RESULTAT - SUCCES";"";"";"";"";"";"";"";"";"09/17/2026 13:45:39";"09/12/2026 00:51:57";"";""
"334";"DSE-AUDIT-001-20260912-025114-CONTROLE-21";"";"";"";"12/09/2026 02:51:57";"AUDIT OBJ-LST";"Catalogue : elements=0; colonnes=0; vues=1; URL=https://blogssite.sharepoint.com/sites/Bibliotheque/Lists/OBJMODULE";"Reel : elements=0; colonnes=0; vues=1; URL=https://blogssite.sharepoint.com/sites/Bibliotheque/Lists/OBJMODULE";"";"Non";"Non";"Non";"IDLST=LST-000022; NOMLISTE=OBJ-MODULE; STATUT=CONFORME; DETAIL=Catalogue coherent avec SharePoint.";"DSE-AUDIT-001-20260912-025114-CONTROLE-21";"JOURNAL - TYPEEVENEMENT - CONTROLE | JOURNAL - SOURCE - WORKFLOW | JOURNAL - RESULTAT - SUCCES";"";"";"";"";"";"";"";"";"09/17/2026 13:45:40";"09/12/2026 00:52:00";"";""
"335";"DSE-AUDIT-001-20260912-025114-CONTROLE-22";"";"";"";"12/09/2026 02:51:59";"AUDIT OBJ-LST";"Catalogue : elements=4; colonnes=23; vues=10; URL=https://blogssite.sharepoint.com/sites/Bibliotheque/Lists/OBJORG";"Reel : elements=4; colonnes=23; vues=10; URL=https://blogssite.sharepoint.com/sites/Bibliotheque/Lists/OBJORG";"";"Non";"Non";"Non";"IDLST=LST-000023; NOMLISTE=OBJ-ORG; STATUT=CONFORME; DETAIL=Catalogue coherent avec SharePoint.";"DSE-AUDIT-001-20260912-025114-CONTROLE-22";"JOURNAL - TYPEEVENEMENT - CONTROLE | JOURNAL - SOURCE - WORKFLOW | JOURNAL - RESULTAT - SUCCES";"";"";"";"";"";"";"";"";"09/17/2026 13:45:42";"09/12/2026 00:52:01";"";""
"336";"DSE-AUDIT-001-20260912-025114-CONTROLE-23";"";"";"";"12/09/2026 02:52:01";"AUDIT OBJ-LST";"Catalogue : elements=4; colonnes=16; vues=4; URL=https://blogssite.sharepoint.com/sites/Bibliotheque/Lists/OBJORGCOMPTE";"Reel : elements=4; colonnes=16; vues=4; URL=https://blogssite.sharepoint.com/sites/Bibliotheque/Lists/OBJORGCOMPTE";"";"Non";"Non";"Non";"IDLST=LST-000024; NOMLISTE=OBJ-ORG-COMPTE; STATUT=CONFORME; DETAIL=Catalogue coherent avec SharePoint.";"DSE-AUDIT-001-20260912-025114-CONTROLE-23";"JOURNAL - TYPEEVENEMENT - CONTROLE | JOURNAL - SOURCE - WORKFLOW | JOURNAL - RESULTAT - SUCCES";"";"";"";"";"";"";"";"";"09/17/2026 13:45:43";"09/12/2026 00:52:03";"";""
"337";"DSE-AUDIT-001-20260912-025114-CONTROLE-24";"";"";"";"12/09/2026 02:52:03";"AUDIT OBJ-LST";"Catalogue : elements=2; colonnes=20; vues=4; URL=https://blogssite.sharepoint.com/sites/Bibliotheque/Lists/OBJORGCONTACT";"Reel : elements=2; colonnes=20; vues=4; URL=https://blogssite.sharepoint.com/sites/Bibliotheque/Lists/OBJORGCONTACT";"";"Non";"Non";"Non";"IDLST=LST-000025; NOMLISTE=OBJ-ORG-CONTACT; STATUT=CONFORME; DETAIL=Catalogue coherent avec SharePoint.";"DSE-AUDIT-001-20260912-025114-CONTROLE-24";"JOURNAL - TYPEEVENEMENT - CONTROLE | JOURNAL - SOURCE - WORKFLOW | JOURNAL - RESULTAT - SUCCES";"";"";"";"";"";"";"";"";"09/17/2026 13:45:44";"09/12/2026 00:52:04";"";""
"338";"DSE-AUDIT-001-20260912-025114-CONTROLE-25";"";"";"";"12/09/2026 02:52:04";"AUDIT OBJ-LST";"Catalogue : elements=0; colonnes=0; vues=1; URL=https://blogssite.sharepoint.com/sites/Bibliotheque/Lists/OBJPWS";"Reel : elements=0; colonnes=0; vues=1; URL=https://blogssite.sharepoint.com/sites/Bibliotheque/Lists/OBJPWS";"";"Non";"Non";"Non";"IDLST=LST-000026; NOMLISTE=OBJ-PWS; STATUT=CONFORME; DETAIL=Catalogue coherent avec SharePoint.";"DSE-AUDIT-001-20260912-025114-CONTROLE-25";"JOURNAL - TYPEEVENEMENT - CONTROLE | JOURNAL - SOURCE - WORKFLOW | JOURNAL - RESULTAT - SUCCES";"";"";"";"";"";"";"";"";"09/17/2026 13:45:46";"09/12/2026 00:52:06";"";""
"339";"DSE-AUDIT-001-20260912-025114-CONTROLE-26";"";"";"";"12/09/2026 02:52:06";"AUDIT OBJ-LST";"Catalogue : elements=22; colonnes=5; vues=4; URL=https://blogssite.sharepoint.com/sites/Bibliotheque/Lists/OBJREF00";"Reel : elements=22; colonnes=5; vues=4; URL=https://blogssite.sharepoint.com/sites/Bibliotheque/Lists/OBJREF00";"";"Non";"Non";"Non";"IDLST=LST-000027; NOMLISTE=OBJ-REF-00; STATUT=CONFORME; DETAIL=Catalogue coherent avec SharePoint.";"DSE-AUDIT-001-20260912-025114-CONTROLE-26";"JOURNAL - TYPEEVENEMENT - CONTROLE | JOURNAL - SOURCE - WORKFLOW | JOURNAL - RESULTAT - SUCCES";"";"";"";"";"";"";"";"";"09/17/2026 13:45:47";"09/12/2026 00:52:08";"";""
"340";"DSE-AUDIT-001-20260912-025114-CONTROLE-27";"";"";"";"12/09/2026 02:52:08";"AUDIT OBJ-LST";"Catalogue : elements=49; colonnes=10; vues=1; URL=https://blogssite.sharepoint.com/sites/Bibliotheque/Lists/OBJREF10";"Reel : elements=49; colonnes=10; vues=1; URL=https://blogssite.sharepoint.com/sites/Bibliotheque/Lists/OBJREF10";"";"Non";"Non";"Non";"IDLST=LST-000028; NOMLISTE=OBJ-REF-10; STATUT=CONFORME; DETAIL=Catalogue coherent avec SharePoint.";"DSE-AUDIT-001-20260912-025114-CONTROLE-27";"JOURNAL - TYPEEVENEMENT - CONTROLE | JOURNAL - SOURCE - WORKFLOW | JOURNAL - RESULTAT - SUCCES";"";"";"";"";"";"";"";"";"09/17/2026 13:45:49";"09/12/2026 00:52:10";"";""
"341";"DSE-AUDIT-001-20260912-025114-CONTROLE-28";"";"";"";"12/09/2026 02:52:10";"AUDIT OBJ-LST";"Catalogue : elements=17; colonnes=14; vues=1; URL=https://blogssite.sharepoint.com/sites/Bibliotheque/Lists/OBJREF20";"Reel : elements=17; colonnes=14; vues=1; URL=https://blogssite.sharepoint.com/sites/Bibliotheque/Lists/OBJREF20";"";"Non";"Non";"Non";"IDLST=LST-000029; NOMLISTE=OBJ-REF-20; STATUT=CONFORME; DETAIL=Catalogue coherent avec SharePoint.";"DSE-AUDIT-001-20260912-025114-CONTROLE-28";"JOURNAL - TYPEEVENEMENT - CONTROLE | JOURNAL - SOURCE - WORKFLOW | JOURNAL - RESULTAT - SUCCES";"";"";"";"";"";"";"";"";"09/17/2026 13:45:50";"09/12/2026 00:52:12";"";""
"342";"DSE-AUDIT-001-20260912-025114-CONTROLE-29";"";"";"";"12/09/2026 02:52:12";"AUDIT OBJ-LST";"Catalogue : elements=20; colonnes=14; vues=1; URL=https://blogssite.sharepoint.com/sites/Bibliotheque/Lists/OBJREF30";"Reel : elements=20; colonnes=14; vues=1; URL=https://blogssite.sharepoint.com/sites/Bibliotheque/Lists/OBJREF30";"";"Non";"Non";"Non";"IDLST=LST-000030; NOMLISTE=OBJ-REF-30; STATUT=CONFORME; DETAIL=Catalogue coherent avec SharePoint.";"DSE-AUDIT-001-20260912-025114-CONTROLE-29";"JOURNAL - TYPEEVENEMENT - CONTROLE | JOURNAL - SOURCE - WORKFLOW | JOURNAL - RESULTAT - SUCCES";"";"";"";"";"";"";"";"";"09/17/2026 13:45:52";"09/12/2026 00:52:13";"";""
"343";"DSE-AUDIT-001-20260912-025114-CONTROLE-30";"";"";"";"12/09/2026 02:52:13";"AUDIT OBJ-LST";"Catalogue : elements=18; colonnes=14; vues=1; URL=https://blogssite.sharepoint.com/sites/Bibliotheque/Lists/OBJREF40";"Reel : elements=18; colonnes=14; vues=1; URL=https://blogssite.sharepoint.com/sites/Bibliotheque/Lists/OBJREF40";"";"Non";"Non";"Non";"IDLST=LST-000031; NOMLISTE=OBJ-REF-40; STATUT=CONFORME; DETAIL=Catalogue coherent avec SharePoint.";"DSE-AUDIT-001-20260912-025114-CONTROLE-30";"JOURNAL - TYPEEVENEMENT - CONTROLE | JOURNAL - SOURCE - WORKFLOW | JOURNAL - RESULTAT - SUCCES";"";"";"";"";"";"";"";"";"09/17/2026 13:45:53";"09/12/2026 00:52:15";"";""
"344";"DSE-AUDIT-001-20260912-025114-CONTROLE-31";"";"";"";"12/09/2026 02:52:15";"AUDIT OBJ-LST";"Catalogue : elements=11; colonnes=14; vues=1; URL=https://blogssite.sharepoint.com/sites/Bibliotheque/Lists/OBJREF50";"Reel : elements=11; colonnes=14; vues=1; URL=https://blogssite.sharepoint.com/sites/Bibliotheque/Lists/OBJREF50";"";"Non";"Non";"Non";"IDLST=LST-000032; NOMLISTE=OBJ-REF-50; STATUT=CONFORME; DETAIL=Catalogue coherent avec SharePoint.";"DSE-AUDIT-001-20260912-025114-CONTROLE-31";"JOURNAL - TYPEEVENEMENT - CONTROLE | JOURNAL - SOURCE - WORKFLOW | JOURNAL - RESULTAT - SUCCES";"";"";"";"";"";"";"";"";"09/17/2026 13:45:55";"09/12/2026 00:52:17";"";""
"345";"DSE-AUDIT-001-20260912-025114-CONTROLE-32";"";"";"";"12/09/2026 02:52:17";"AUDIT OBJ-LST";"Catalogue : elements=16; colonnes=14; vues=1; URL=https://blogssite.sharepoint.com/sites/Bibliotheque/Lists/OBJREF60";"Reel : elements=16; colonnes=14; vues=1; URL=https://blogssite.sharepoint.com/sites/Bibliotheque/Lists/OBJREF60";"";"Non";"Non";"Non";"IDLST=LST-000033; NOMLISTE=OBJ-REF-60; STATUT=CONFORME; DETAIL=Catalogue coherent avec SharePoint.";"DSE-AUDIT-001-20260912-025114-CONTROLE-32";"JOURNAL - TYPEEVENEMENT - CONTROLE | JOURNAL - SOURCE - WORKFLOW | JOURNAL - RESULTAT - SUCCES";"";"";"";"";"";"";"";"";"09/17/2026 13:45:56";"09/12/2026 00:52:19";"";""
"346";"DSE-AUDIT-001-20260912-025114-CONTROLE-33";"";"";"";"12/09/2026 02:52:19";"AUDIT OBJ-LST";"Catalogue : elements=19; colonnes=14; vues=1; URL=https://blogssite.sharepoint.com/sites/Bibliotheque/Lists/OBJREF70";"Reel : elements=19; colonnes=14; vues=1; URL=https://blogssite.sharepoint.com/sites/Bibliotheque/Lists/OBJREF70";"";"Non";"Non";"Non";"IDLST=LST-000034; NOMLISTE=OBJ-REF-70; STATUT=CONFORME; DETAIL=Catalogue coherent avec SharePoint.";"DSE-AUDIT-001-20260912-025114-CONTROLE-33";"JOURNAL - TYPEEVENEMENT - CONTROLE | JOURNAL - SOURCE - WORKFLOW | JOURNAL - RESULTAT - SUCCES";"";"";"";"";"";"";"";"";"09/17/2026 13:45:58";"09/12/2026 00:52:20";"";""
"347";"DSE-AUDIT-001-20260912-025114-CONTROLE-34";"";"";"";"12/09/2026 02:52:20";"AUDIT OBJ-LST";"Catalogue : elements=15; colonnes=14; vues=1; URL=https://blogssite.sharepoint.com/sites/Bibliotheque/Lists/OBJREF80";"Reel : elements=15; colonnes=14; vues=1; URL=https://blogssite.sharepoint.com/sites/Bibliotheque/Lists/OBJREF80";"";"Non";"Non";"Non";"IDLST=LST-000035; NOMLISTE=OBJ-REF-80; STATUT=CONFORME; DETAIL=Catalogue coherent avec SharePoint.";"DSE-AUDIT-001-20260912-025114-CONTROLE-34";"JOURNAL - TYPEEVENEMENT - CONTROLE | JOURNAL - SOURCE - WORKFLOW | JOURNAL - RESULTAT - SUCCES";"";"";"";"";"";"";"";"";"09/17/2026 13:45:59";"09/12/2026 00:52:22";"";""
"348";"DSE-AUDIT-001-20260912-025114-CONTROLE-35";"";"";"";"12/09/2026 02:52:22";"AUDIT OBJ-LST";"Catalogue : elements=18; colonnes=14; vues=1; URL=https://blogssite.sharepoint.com/sites/Bibliotheque/Lists/OBJREF90";"Reel : elements=18; colonnes=14; vues=1; URL=https://blogssite.sharepoint.com/sites/Bibliotheque/Lists/OBJREF90";"";"Non";"Non";"Non";"IDLST=LST-000036; NOMLISTE=OBJ-REF-90; STATUT=CONFORME; DETAIL=Catalogue coherent avec SharePoint.";"DSE-AUDIT-001-20260912-025114-CONTROLE-35";"JOURNAL - TYPEEVENEMENT - CONTROLE | JOURNAL - SOURCE - WORKFLOW | JOURNAL - RESULTAT - SUCCES";"";"";"";"";"";"";"";"";"09/17/2026 13:46:01";"09/12/2026 00:52:24";"";""
"349";"DSE-AUDIT-001-20260912-025114-CONTROLE-36";"";"";"";"12/09/2026 02:52:24";"AUDIT OBJ-LST";"Catalogue : elements=8; colonnes=3; vues=1; URL=https://blogssite.sharepoint.com/sites/Bibliotheque/Lists/OBJREF95";"Reel : elements=8; colonnes=3; vues=1; URL=https://blogssite.sharepoint.com/sites/Bibliotheque/Lists/OBJREF95";"";"Non";"Non";"Non";"IDLST=LST-000037; NOMLISTE=OBJ-REF-95; STATUT=CONFORME; DETAIL=Catalogue coherent avec SharePoint.";"DSE-AUDIT-001-20260912-025114-CONTROLE-36";"JOURNAL - TYPEEVENEMENT - CONTROLE | JOURNAL - SOURCE - WORKFLOW | JOURNAL - RESULTAT - SUCCES";"";"";"";"";"";"";"";"";"09/17/2026 13:46:02";"09/12/2026 00:52:25";"";""
"350";"DSE-AUDIT-001-20260912-025114-CONTROLE-37";"";"";"";"12/09/2026 02:52:26";"AUDIT OBJ-LST";"Catalogue : elements=14; colonnes=4; vues=1; URL=https://blogssite.sharepoint.com/sites/Bibliotheque/Lists/OBJREFDOMAINE";"Reel : elements=14; colonnes=4; vues=1; URL=https://blogssite.sharepoint.com/sites/Bibliotheque/Lists/OBJREFDOMAINE";"";"Non";"Non";"Non";"IDLST=LST-000038; NOMLISTE=OBJ-REF-DOMAINE; STATUT=CONFORME; DETAIL=Catalogue coherent avec SharePoint.";"DSE-AUDIT-001-20260912-025114-CONTROLE-37";"JOURNAL - TYPEEVENEMENT - CONTROLE | JOURNAL - SOURCE - WORKFLOW | JOURNAL - RESULTAT - SUCCES";"";"";"";"";"";"";"";"";"09/17/2026 13:46:05";"09/12/2026 00:52:27";"";""
"351";"DSE-AUDIT-001-20260912-025114-CONTROLE-38";"";"";"";"12/09/2026 02:52:27";"AUDIT OBJ-LST";"Catalogue : elements=7; colonnes=4; vues=1; URL=https://blogssite.sharepoint.com/sites/Bibliotheque/Lists/OBJREFLSTSTATUT";"Reel : elements=7; colonnes=4; vues=1; URL=https://blogssite.sharepoint.com/sites/Bibliotheque/Lists/OBJREFLSTSTATUT";"";"Non";"Non";"Non";"IDLST=LST-000039; NOMLISTE=OBJ-REF-LST-STATUT; STATUT=CONFORME; DETAIL=Catalogue coherent avec SharePoint.";"DSE-AUDIT-001-20260912-025114-CONTROLE-38";"JOURNAL - TYPEEVENEMENT - CONTROLE | JOURNAL - SOURCE - WORKFLOW | JOURNAL - RESULTAT - SUCCES";"";"";"";"";"";"";"";"";"09/17/2026 13:46:05";"09/12/2026 00:52:29";"";""
"352";"DSE-AUDIT-001-20260912-025114-CONTROLE-39";"";"";"";"12/09/2026 02:52:29";"AUDIT OBJ-LST";"Catalogue : elements=11; colonnes=4; vues=1; URL=https://blogssite.sharepoint.com/sites/Bibliotheque/Lists/OBJREFLSTTYPE";"Reel : elements=11; colonnes=4; vues=1; URL=https://blogssite.sharepoint.com/sites/Bibliotheque/Lists/OBJREFLSTTYPE";"";"Non";"Non";"Non";"IDLST=LST-000040; NOMLISTE=OBJ-REF-LST-TYPE; STATUT=CONFORME; DETAIL=Catalogue coherent avec SharePoint.";"DSE-AUDIT-001-20260912-025114-CONTROLE-39";"JOURNAL - TYPEEVENEMENT - CONTROLE | JOURNAL - SOURCE - WORKFLOW | JOURNAL - RESULTAT - SUCCES";"";"";"";"";"";"";"";"";"09/17/2026 13:46:07";"09/12/2026 00:52:31";"";""
"353";"DSE-AUDIT-001-20260912-025114-CONTROLE-40";"";"";"";"12/09/2026 02:52:31";"AUDIT OBJ-LST";"Catalogue : elements=11; colonnes=4; vues=2; URL=https://blogssite.sharepoint.com/sites/Bibliotheque/Lists/OBJREFORGCOMPTETYPE";"Reel : elements=11; colonnes=4; vues=2; URL=https://blogssite.sharepoint.com/sites/Bibliotheque/Lists/OBJREFORGCOMPTETYPE";"";"Non";"Non";"Non";"IDLST=LST-000041; NOMLISTE=OBJ-REF-ORG-COMPTE-TYPE; STATUT=CONFORME; DETAIL=Catalogue coherent avec SharePoint.";"DSE-AUDIT-001-20260912-025114-CONTROLE-40";"JOURNAL - TYPEEVENEMENT - CONTROLE | JOURNAL - SOURCE - WORKFLOW | JOURNAL - RESULTAT - SUCCES";"";"";"";"";"";"";"";"";"09/17/2026 13:46:09";"09/12/2026 00:52:32";"";""
"354";"DSE-AUDIT-001-20260912-025114-CONTROLE-41";"";"";"";"12/09/2026 02:52:32";"AUDIT OBJ-LST";"Catalogue : elements=8; colonnes=4; vues=2; URL=https://blogssite.sharepoint.com/sites/Bibliotheque/Lists/OBJREFORGCONTACTTYPE";"Reel : elements=8; colonnes=4; vues=2; URL=https://blogssite.sharepoint.com/sites/Bibliotheque/Lists/OBJREFORGCONTACTTYPE";"";"Non";"Non";"Non";"IDLST=LST-000042; NOMLISTE=OBJ-REF-ORG-CONTACT-TYPE; STATUT=CONFORME; DETAIL=Catalogue coherent avec SharePoint.";"DSE-AUDIT-001-20260912-025114-CONTROLE-41";"JOURNAL - TYPEEVENEMENT - CONTROLE | JOURNAL - SOURCE - WORKFLOW | JOURNAL - RESULTAT - SUCCES";"";"";"";"";"";"";"";"";"09/17/2026 13:46:10";"09/12/2026 00:52:34";"";""
"355";"DSE-AUDIT-001-20260912-025114-CONTROLE-42";"";"";"";"12/09/2026 02:52:34";"AUDIT OBJ-LST";"Catalogue : elements=9; colonnes=4; vues=2; URL=https://blogssite.sharepoint.com/sites/Bibliotheque/Lists/OBJREFORGSECTEUR";"Reel : elements=9; colonnes=4; vues=2; URL=https://blogssite.sharepoint.com/sites/Bibliotheque/Lists/OBJREFORGSECTEUR";"";"Non";"Non";"Non";"IDLST=LST-000043; NOMLISTE=OBJ-REF-ORG-SECTEUR; STATUT=CONFORME; DETAIL=Catalogue coherent avec SharePoint.";"DSE-AUDIT-001-20260912-025114-CONTROLE-42";"JOURNAL - TYPEEVENEMENT - CONTROLE | JOURNAL - SOURCE - WORKFLOW | JOURNAL - RESULTAT - SUCCES";"";"";"";"";"";"";"";"";"09/17/2026 13:46:12";"09/12/2026 00:52:36";"";""
"356";"DSE-AUDIT-001-20260912-025114-CONTROLE-43";"";"";"";"12/09/2026 02:52:36";"AUDIT OBJ-LST";"Catalogue : elements=6; colonnes=4; vues=2; URL=https://blogssite.sharepoint.com/sites/Bibliotheque/Lists/OBJREFORGSTATUT";"Reel : elements=6; colonnes=4; vues=2; URL=https://blogssite.sharepoint.com/sites/Bibliotheque/Lists/OBJREFORGSTATUT";"";"Non";"Non";"Non";"IDLST=LST-000044; NOMLISTE=OBJ-REF-ORG-STATUT; STATUT=CONFORME; DETAIL=Catalogue coherent avec SharePoint.";"DSE-AUDIT-001-20260912-025114-CONTROLE-43";"JOURNAL - TYPEEVENEMENT - CONTROLE | JOURNAL - SOURCE - WORKFLOW | JOURNAL - RESULTAT - SUCCES";"";"";"";"";"";"";"";"";"09/17/2026 13:46:13";"09/12/2026 00:52:38";"";""
"357";"DSE-AUDIT-001-20260912-025114-CONTROLE-44";"";"";"";"12/09/2026 02:52:38";"AUDIT OBJ-LST";"Catalogue : elements=12; colonnes=4; vues=2; URL=https://blogssite.sharepoint.com/sites/Bibliotheque/Lists/OBJREFORGTYPE";"Reel : elements=12; colonnes=4; vues=2; URL=https://blogssite.sharepoint.com/sites/Bibliotheque/Lists/OBJREFORGTYPE";"";"Non";"Non";"Non";"IDLST=LST-000045; NOMLISTE=OBJ-REF-ORG-TYPE; STATUT=CONFORME; DETAIL=Catalogue coherent avec SharePoint.";"DSE-AUDIT-001-20260912-025114-CONTROLE-44";"JOURNAL - TYPEEVENEMENT - CONTROLE | JOURNAL - SOURCE - WORKFLOW | JOURNAL - RESULTAT - SUCCES";"";"";"";"";"";"";"";"";"09/17/2026 13:46:14";"09/12/2026 00:52:39";"";""
"358";"DSE-AUDIT-001-20260912-025114-CONTROLE-45";"";"";"";"12/09/2026 02:52:39";"AUDIT OBJ-LST";"Catalogue : elements=32; colonnes=10; vues=2; URL=https://blogssite.sharepoint.com/sites/Bibliotheque/Lists/OBJREL";"Reel : elements=32; colonnes=10; vues=2; URL=https://blogssite.sharepoint.com/sites/Bibliotheque/Lists/OBJREL";"";"Non";"Non";"Non";"IDLST=LST-000046; NOMLISTE=OBJ-REL; STATUT=CONFORME; DETAIL=Catalogue coherent avec SharePoint.";"DSE-AUDIT-001-20260912-025114-CONTROLE-45";"JOURNAL - TYPEEVENEMENT - CONTROLE | JOURNAL - SOURCE - WORKFLOW | JOURNAL - RESULTAT - SUCCES";"";"";"";"";"";"";"";"";"09/17/2026 13:46:17";"09/12/2026 00:52:41";"";""
"359";"DSE-AUDIT-001-20260912-025114-CONTROLE-46";"";"";"";"12/09/2026 02:52:41";"AUDIT OBJ-LST";"Catalogue : elements=0; colonnes=0; vues=1; URL=https://blogssite.sharepoint.com/sites/Bibliotheque/Lists/OBJSITE";"Reel : elements=0; colonnes=0; vues=1; URL=https://blogssite.sharepoint.com/sites/Bibliotheque/Lists/OBJSITE";"";"Non";"Non";"Non";"IDLST=LST-000047; NOMLISTE=OBJ-SITE; STATUT=CONFORME; DETAIL=Catalogue coherent avec SharePoint.";"DSE-AUDIT-001-20260912-025114-CONTROLE-46";"JOURNAL - TYPEEVENEMENT - CONTROLE | JOURNAL - SOURCE - WORKFLOW | JOURNAL - RESULTAT - SUCCES";"";"";"";"";"";"";"";"";"09/17/2026 13:46:17";"09/12/2026 00:52:43";"";""
"360";"DSE-AUDIT-001-20260912-025114-CONTROLE-47";"";"";"";"12/09/2026 02:52:43";"AUDIT OBJ-LST";"Catalogue : elements=0; colonnes=0; vues=1; URL=https://blogssite.sharepoint.com/sites/Bibliotheque/Lists/OBJSTATUT";"Reel : elements=0; colonnes=0; vues=1; URL=https://blogssite.sharepoint.com/sites/Bibliotheque/Lists/OBJSTATUT";"";"Non";"Non";"Non";"IDLST=LST-000048; NOMLISTE=OBJ-STATUT; STATUT=CONFORME; DETAIL=Catalogue coherent avec SharePoint.";"DSE-AUDIT-001-20260912-025114-CONTROLE-47";"JOURNAL - TYPEEVENEMENT - CONTROLE | JOURNAL - SOURCE - WORKFLOW | JOURNAL - RESULTAT - SUCCES";"";"";"";"";"";"";"";"";"09/17/2026 13:46:19";"09/12/2026 00:52:44";"";""
"361";"DSE-AUDIT-001-20260912-025114-CONTROLE-48";"";"";"";"12/09/2026 02:52:45";"AUDIT OBJ-LST";"Catalogue : elements=14; colonnes=18; vues=5; URL=https://blogssite.sharepoint.com/sites/Bibliotheque/SitePages";"Reel : elements=14; colonnes=18; vues=5; URL=https://blogssite.sharepoint.com/sites/Bibliotheque/SitePages";"";"Non";"Non";"Non";"IDLST=LST-000049; NOMLISTE=Pages; STATUT=CONFORME; DETAIL=Catalogue coherent avec SharePoint.";"DSE-AUDIT-001-20260912-025114-CONTROLE-48";"JOURNAL - TYPEEVENEMENT - CONTROLE | JOURNAL - SOURCE - WORKFLOW | JOURNAL - RESULTAT - SUCCES";"";"";"";"";"";"";"";"";"09/17/2026 13:46:20";"09/12/2026 00:52:46";"";""
"362";"DSE-AUDIT-001-20260912-025114-CONTROLE-49";"";"";"";"12/09/2026 02:52:46";"AUDIT OBJ-LST";"Catalogue : elements=20; colonnes=3; vues=1; URL=https://blogssite.sharepoint.com/sites/Bibliotheque/SiteAssets";"Reel : elements=20; colonnes=3; vues=1; URL=https://blogssite.sharepoint.com/sites/Bibliotheque/SiteAssets";"";"Non";"Non";"Non";"IDLST=LST-000050; NOMLISTE=Pièces jointes; STATUT=CONFORME; DETAIL=Catalogue coherent avec SharePoint.";"DSE-AUDIT-001-20260912-025114-CONTROLE-49";"JOURNAL - TYPEEVENEMENT - CONTROLE | JOURNAL - SOURCE - WORKFLOW | JOURNAL - RESULTAT - SUCCES";"";"";"";"";"";"";"";"";"09/17/2026 13:46:22";"09/12/2026 00:52:48";"";""
"363";"DSE-AUDIT-001-20260912-025114-CONTROLE-50";"";"";"";"12/09/2026 02:52:48";"AUDIT OBJ-LST";"Catalogue : elements=0; colonnes=2; vues=1; URL=https://blogssite.sharepoint.com/sites/Bibliotheque/Style Library";"Reel : elements=0; colonnes=2; vues=1; URL=https://blogssite.sharepoint.com/sites/Bibliotheque/Style Library";"";"Non";"Non";"Non";"IDLST=LST-000051; NOMLISTE=ZZ-ARCHIVE-DSE-AUTRE - Bibliothèque de styles; STATUT=CONFORME; DETAIL=Catalogue coherent avec SharePoint.";"DSE-AUDIT-001-20260912-025114-CONTROLE-50";"JOURNAL - TYPEEVENEMENT - CONTROLE | JOURNAL - SOURCE - WORKFLOW | JOURNAL - RESULTAT - SUCCES";"";"";"";"";"";"";"";"";"09/17/2026 13:46:23";"09/12/2026 00:52:50";"";""
"364";"DSE-AUDIT-001-20260912-025114-CONTROLE-51";"";"";"";"12/09/2026 02:52:50";"AUDIT OBJ-LST";"Catalogue : elements=0; colonnes=10; vues=2; URL=https://blogssite.sharepoint.com/sites/Bibliotheque/FormServerTemplates";"Reel : elements=0; colonnes=10; vues=2; URL=https://blogssite.sharepoint.com/sites/Bibliotheque/FormServerTemplates";"";"Non";"Non";"Non";"IDLST=LST-000052; NOMLISTE=ZZ-ARCHIVE-DSE-AUTRE - Modèles de formulaire; STATUT=CONFORME; DETAIL=Catalogue coherent avec SharePoint.";"DSE-AUDIT-001-20260912-025114-CONTROLE-51";"JOURNAL - TYPEEVENEMENT - CONTROLE | JOURNAL - SOURCE - WORKFLOW | JOURNAL - RESULTAT - SUCCES";"";"";"";"";"";"";"";"";"09/17/2026 13:46:25";"09/12/2026 00:52:51";"";""
"365";"DSE-AUDIT-001-20260912-025114-CONTROLE-52";"";"";"";"12/09/2026 02:52:52";"AUDIT OBJ-LST";"Catalogue : elements=4; colonnes=2; vues=1; URL=https://blogssite.sharepoint.com/sites/Bibliotheque/AgentAssets";"Reel : elements=4; colonnes=2; vues=1; URL=https://blogssite.sharepoint.com/sites/Bibliotheque/AgentAssets";"";"Non";"Non";"Non";"IDLST=LST-000053; NOMLISTE=ZZ-ARCHIVE-DSE-Ressources d’assistant; STATUT=CONFORME; DETAIL=Catalogue coherent avec SharePoint.";"DSE-AUDIT-001-20260912-025114-CONTROLE-52";"JOURNAL - TYPEEVENEMENT - CONTROLE | JOURNAL - SOURCE - WORKFLOW | JOURNAL - RESULTAT - SUCCES";"";"";"";"";"";"";"";"";"09/17/2026 13:46:27";"09/12/2026 00:52:53";"";""
"366";"DSE-AUDIT-001-20260912-025114-CONTROLE-53";"";"";"";"12/09/2026 02:52:53";"AUDIT OBJ-LST";"Catalogue : elements=4; colonnes=2; vues=1; URL=https://blogssite.sharepoint.com/sites/Bibliotheque/AgentAssets";"Reel : elements=4; colonnes=2; vues=1; URL=https://blogssite.sharepoint.com/sites/Bibliotheque/AgentAssets";"";"Non";"Non";"Non";"IDLST=LST-000053; NOMLISTE=ZZ-ARCHIVE-DSE-Ressources d’assistant; STATUT=CONFORME; DETAIL=Catalogue coherent avec SharePoint.";"DSE-AUDIT-001-20260912-025114-CONTROLE-53";"JOURNAL - TYPEEVENEMENT - CONTROLE | JOURNAL - SOURCE - WORKFLOW | JOURNAL - RESULTAT - SUCCES";"";"";"";"";"";"";"";"";"09/17/2026 13:46:28";"09/12/2026 00:52:55";"";""
"367";"DSE-AUDIT-001-20260912-025114-FIN";"";"";"";"12/09/2026 02:52:55";"FIN";"";"";"";"Oui";"Non";"Non";"Controles=53; Conformes=52; Ecarts=1; Erreurs=0; CSV=C:\Users\PascalZIMMER_b9lyro1\OneDrive - DemainSite\Bureau\DSE-AUDIT-001-20260912-025114.csv; Aucune correction automatique.";"DSE-AUDIT-001-20260912-025114-FIN";"JOURNAL - TYPEEVENEMENT - CONTROLE | JOURNAL - SOURCE - WORKFLOW | JOURNAL - RESULTAT - AVERTISSEMENT";"";"";"";"";"";"";"";"";"09/17/2026 13:46:30";"09/12/2026 00:52:56";"";""
"368";"DSE-AUDIT-001-20260912-035054-DEBUT";"";"";"";"12/09/2026 03:50:58";"DEBUT";"";"";"";"Non";"Non";"Non";"Demarrage du MVP d'audit DSE. Aucune correction automatique.";"DSE-AUDIT-001-20260912-035054-DEBUT";"JOURNAL - TYPEEVENEMENT - CONTROLE | JOURNAL - SOURCE - WORKFLOW | JOURNAL - RESULTAT - SUCCES";"";"";"";"";"";"";"";"";"09/17/2026 13:46:31";"09/12/2026 01:51:00";"";""
"369";"DSE-AUDIT-001-20260912-035054-CONTROLE-1";"";"";"";"12/09/2026 03:51:02";"AUDIT OBJ-LST";"Catalogue : elements=458; colonnes=50; vues=5; URL=https://blogssite.sharepoint.com/sites/Bibliotheque/Documents partages";"Reel : elements=458; colonnes=50; vues=5; URL=https://blogssite.sharepoint.com/sites/Bibliotheque/Documents partages";"";"Non";"Non";"Non";"IDLST=LST-000001; NOMLISTE=DOC - Documents; STATUT=CONFORME; DETAIL=Catalogue coherent avec SharePoint.";"DSE-AUDIT-001-20260912-035054-CONTROLE-1";"JOURNAL - TYPEEVENEMENT - CONTROLE | JOURNAL - SOURCE - WORKFLOW | JOURNAL - RESULTAT - SUCCES";"";"";"";"";"";"";"";"";"09/17/2026 13:46:33";"09/12/2026 01:51:03";"";""
"370";"DSE-AUDIT-001-20260912-035054-CONTROLE-2";"";"";"";"12/09/2026 03:51:04";"AUDIT OBJ-LST";"Catalogue : elements=1259; colonnes=2; vues=1; URL=https://blogssite.sharepoint.com/sites/Bibliotheque/DSE  Coffre ZIP";"Reel : elements=1259; colonnes=2; vues=1; URL=https://blogssite.sharepoint.com/sites/Bibliotheque/DSE  Coffre ZIP";"";"Non";"Non";"Non";"IDLST=LST-000002; NOMLISTE=DSE - Coffre Ford; STATUT=CONFORME; DETAIL=Catalogue coherent avec SharePoint.";"DSE-AUDIT-001-20260912-035054-CONTROLE-2";"JOURNAL - TYPEEVENEMENT - CONTROLE | JOURNAL - SOURCE - WORKFLOW | JOURNAL - RESULTAT - SUCCES";"";"";"";"";"";"";"";"";"09/17/2026 13:46:34";"09/12/2026 01:51:05";"";""
"371";"DSE-AUDIT-001-20260912-035054-CONTROLE-3";"";"";"";"12/09/2026 03:51:06";"AUDIT OBJ-LST";"Catalogue : elements=237; colonnes=48; vues=8; URL=https://blogssite.sharepoint.com/sites/Bibliotheque/Lists/OBJ";"Reel : elements=237; colonnes=48; vues=8; URL=https://blogssite.sharepoint.com/sites/Bibliotheque/Lists/OBJ";"";"Non";"Non";"Non";"IDLST=LST-000003; NOMLISTE=OBJ; STATUT=CONFORME; DETAIL=Catalogue coherent avec SharePoint.";"DSE-AUDIT-001-20260912-035054-CONTROLE-3";"JOURNAL - TYPEEVENEMENT - CONTROLE | JOURNAL - SOURCE - WORKFLOW | JOURNAL - RESULTAT - SUCCES";"";"";"";"";"";"";"";"";"09/17/2026 13:46:37";"09/12/2026 01:51:07";"";""
"372";"DSE-AUDIT-001-20260912-035054-CONTROLE-4";"";"";"";"12/09/2026 03:51:07";"AUDIT OBJ-LST";"Catalogue : elements=2; colonnes=14; vues=1; URL=https://blogssite.sharepoint.com/sites/Bibliotheque/Lists/OBJAUDIT";"Reel : elements=2; colonnes=14; vues=1; URL=https://blogssite.sharepoint.com/sites/Bibliotheque/Lists/OBJAUDIT";"";"Non";"Non";"Non";"IDLST=LST-000005; NOMLISTE=OBJ-AUDIT; STATUT=CONFORME; DETAIL=Catalogue coherent avec SharePoint.";"DSE-AUDIT-001-20260912-035054-CONTROLE-4";"JOURNAL - TYPEEVENEMENT - CONTROLE | JOURNAL - SOURCE - WORKFLOW | JOURNAL - RESULTAT - SUCCES";"";"";"";"";"";"";"";"";"09/17/2026 13:46:37";"09/12/2026 01:51:09";"";""
"373";"DSE-AUDIT-001-20260912-035054-CONTROLE-5";"";"";"";"12/09/2026 03:51:09";"AUDIT OBJ-LST";"Catalogue : elements=249; colonnes=26; vues=6; URL=https://blogssite.sharepoint.com/sites/Bibliotheque/Lists/OBJGEOCAPITALE";"Reel : elements=249; colonnes=26; vues=6; URL=https://blogssite.sharepoint.com/sites/Bibliotheque/Lists/OBJGEOCAPITALE";"";"Non";"Non";"Non";"IDLST=LST-000006; NOMLISTE=OBJ-GEO-CAPITALE; STATUT=CONFORME; DETAIL=Catalogue coherent avec SharePoint.";"DSE-AUDIT-001-20260912-035054-CONTROLE-5";"JOURNAL - TYPEEVENEMENT - CONTROLE | JOURNAL - SOURCE - WORKFLOW | JOURNAL - RESULTAT - SUCCES";"";"";"";"";"";"";"";"";"09/17/2026 13:46:40";"09/12/2026 01:51:11";"";""
"374";"DSE-AUDIT-001-20260912-035054-CONTROLE-6";"";"";"";"12/09/2026 03:51:11";"AUDIT OBJ-LST";"Catalogue : elements=7; colonnes=20; vues=6; URL=https://blogssite.sharepoint.com/sites/Bibliotheque/Lists/OBJGEOCONTINENT";"Reel : elements=7; colonnes=20; vues=6; URL=https://blogssite.sharepoint.com/sites/Bibliotheque/Lists/OBJGEOCONTINENT";"";"Non";"Non";"Non";"IDLST=LST-000007; NOMLISTE=OBJ-GEO-CONTINENT; STATUT=CONFORME; DETAIL=Catalogue coherent avec SharePoint.";"DSE-AUDIT-001-20260912-035054-CONTROLE-6";"JOURNAL - TYPEEVENEMENT - CONTROLE | JOURNAL - SOURCE - WORKFLOW | JOURNAL - RESULTAT - SUCCES";"";"";"";"";"";"";"";"";"09/17/2026 13:46:40";"09/12/2026 01:51:13";"";""
"375";"DSE-AUDIT-001-20260912-035054-CONTROLE-7";"";"";"";"12/09/2026 03:51:13";"AUDIT OBJ-LST";"Catalogue : elements=101; colonnes=32; vues=6; URL=https://blogssite.sharepoint.com/sites/Bibliotheque/Lists/OBJGEODEPARTEMENT";"Reel : elements=101; colonnes=32; vues=6; URL=https://blogssite.sharepoint.com/sites/Bibliotheque/Lists/OBJGEODEPARTEMENT";"";"Non";"Non";"Non";"IDLST=LST-000008; NOMLISTE=OBJ-GEO-DEPARTEMENT; STATUT=CONFORME; DETAIL=Catalogue coherent avec SharePoint.";"DSE-AUDIT-001-20260912-035054-CONTROLE-7";"JOURNAL - TYPEEVENEMENT - CONTROLE | JOURNAL - SOURCE - WORKFLOW | JOURNAL - RESULTAT - SUCCES";"";"";"";"";"";"";"";"";"09/17/2026 13:46:42";"09/12/2026 01:51:15";"";""
"376";"DSE-AUDIT-001-20260912-035054-CONTROLE-8";"";"";"";"12/09/2026 03:51:15";"AUDIT OBJ-LST";"Catalogue : elements=154; colonnes=21; vues=6; URL=https://blogssite.sharepoint.com/sites/Bibliotheque/Lists/OBJGEODEVISE";"Reel : elements=154; colonnes=21; vues=6; URL=https://blogssite.sharepoint.com/sites/Bibliotheque/Lists/OBJGEODEVISE";"";"Non";"Non";"Non";"IDLST=LST-000009; NOMLISTE=OBJ-GEO-DEVISE; STATUT=CONFORME; DETAIL=Catalogue coherent avec SharePoint.";"DSE-AUDIT-001-20260912-035054-CONTROLE-8";"JOURNAL - TYPEEVENEMENT - CONTROLE | JOURNAL - SOURCE - WORKFLOW | JOURNAL - RESULTAT - SUCCES";"";"";"";"";"";"";"";"";"09/17/2026 13:46:43";"09/12/2026 01:51:16";"";""
"377";"DSE-AUDIT-001-20260912-035054-CONTROLE-9";"";"";"";"12/09/2026 03:51:17";"AUDIT OBJ-LST";"Catalogue : elements=38; colonnes=22; vues=6; URL=https://blogssite.sharepoint.com/sites/Bibliotheque/Lists/OBJGEOFUSEAUHORAIRE";"Reel : elements=38; colonnes=22; vues=6; URL=https://blogssite.sharepoint.com/sites/Bibliotheque/Lists/OBJGEOFUSEAUHORAIRE";"";"Non";"Non";"Non";"IDLST=LST-000010; NOMLISTE=OBJ-GEO-FUSEAU-HORAIRE; STATUT=CONFORME; DETAIL=Catalogue coherent avec SharePoint.";"DSE-AUDIT-001-20260912-035054-CONTROLE-9";"JOURNAL - TYPEEVENEMENT - CONTROLE | JOURNAL - SOURCE - WORKFLOW | JOURNAL - RESULTAT - SUCCES";"";"";"";"";"";"";"";"";"09/17/2026 13:46:45";"09/12/2026 01:51:18";"";""
"378";"DSE-AUDIT-001-20260912-035054-CONTROLE-10";"";"";"";"12/09/2026 03:51:18";"AUDIT OBJ-LST";"Catalogue : elements=112; colonnes=22; vues=16; URL=https://blogssite.sharepoint.com/sites/Bibliotheque/Lists/OBJGEOLANGUE";"Reel : elements=112; colonnes=22; vues=16; URL=https://blogssite.sharepoint.com/sites/Bibliotheque/Lists/OBJGEOLANGUE";"";"Non";"Non";"Non";"IDLST=LST-000011; NOMLISTE=OBJ-GEO-LANGUE; STATUT=CONFORME; DETAIL=Catalogue coherent avec SharePoint.";"DSE-AUDIT-001-20260912-035054-CONTROLE-10";"JOURNAL - TYPEEVENEMENT - CONTROLE | JOURNAL - SOURCE - WORKFLOW | JOURNAL - RESULTAT - SUCCES";"";"";"";"";"";"";"";"";"09/17/2026 13:46:46";"09/12/2026 01:51:20";"";""
"379";"DSE-AUDIT-001-20260912-035054-CONTROLE-11";"";"";"";"12/09/2026 03:51:20";"AUDIT OBJ-LST";"Catalogue : elements=249; colonnes=26; vues=6; URL=https://blogssite.sharepoint.com/sites/Bibliotheque/Lists/OBJGEONATIONALITE";"Reel : elements=249; colonnes=26; vues=6; URL=https://blogssite.sharepoint.com/sites/Bibliotheque/Lists/OBJGEONATIONALITE";"";"Non";"Non";"Non";"IDLST=LST-000012; NOMLISTE=OBJ-GEO-NATIONALITE; STATUT=CONFORME; DETAIL=Catalogue coherent avec SharePoint.";"DSE-AUDIT-001-20260912-035054-CONTROLE-11";"JOURNAL - TYPEEVENEMENT - CONTROLE | JOURNAL - SOURCE - WORKFLOW | JOURNAL - RESULTAT - SUCCES";"";"";"";"";"";"";"";"";"09/17/2026 13:46:48";"09/12/2026 01:51:22";"";""
"380";"DSE-AUDIT-001-20260912-035054-CONTROLE-12";"";"";"";"12/09/2026 03:51:22";"AUDIT OBJ-LST";"Catalogue : elements=249; colonnes=32; vues=6; URL=https://blogssite.sharepoint.com/sites/Bibliotheque/Lists/OBJGEOPAYS";"Reel : elements=249; colonnes=32; vues=6; URL=https://blogssite.sharepoint.com/sites/Bibliotheque/Lists/OBJGEOPAYS";"";"Non";"Non";"Non";"IDLST=LST-000013; NOMLISTE=OBJ-GEO-PAYS; STATUT=CONFORME; DETAIL=Catalogue coherent avec SharePoint.";"DSE-AUDIT-001-20260912-035054-CONTROLE-12";"JOURNAL - TYPEEVENEMENT - CONTROLE | JOURNAL - SOURCE - WORKFLOW | JOURNAL - RESULTAT - SUCCES";"";"";"";"";"";"";"";"";"09/17/2026 13:46:49";"09/12/2026 01:51:24";"";""
"381";"DSE-AUDIT-001-20260912-035054-CONTROLE-13";"";"";"";"12/09/2026 03:51:24";"AUDIT OBJ-LST";"Catalogue : elements=18; colonnes=34; vues=6; URL=https://blogssite.sharepoint.com/sites/Bibliotheque/Lists/OBJGEOREGION";"Reel : elements=18; colonnes=34; vues=6; URL=https://blogssite.sharepoint.com/sites/Bibliotheque/Lists/OBJGEOREGION";"";"Non";"Non";"Non";"IDLST=LST-000014; NOMLISTE=OBJ-GEO-REGION; STATUT=CONFORME; DETAIL=Catalogue coherent avec SharePoint.";"DSE-AUDIT-001-20260912-035054-CONTROLE-13";"JOURNAL - TYPEEVENEMENT - CONTROLE | JOURNAL - SOURCE - WORKFLOW | JOURNAL - RESULTAT - SUCCES";"";"";"";"";"";"";"";"";"09/17/2026 13:46:51";"09/12/2026 01:51:26";"";""
"382";"DSE-AUDIT-001-20260912-035054-CONTROLE-14";"";"";"";"12/09/2026 03:51:26";"AUDIT OBJ-LST";"Catalogue : elements=6; colonnes=32; vues=4; URL=https://blogssite.sharepoint.com/sites/Bibliotheque/Lists/OBJGEOSOURCE";"Reel : elements=6; colonnes=32; vues=4; URL=https://blogssite.sharepoint.com/sites/Bibliotheque/Lists/OBJGEOSOURCE";"";"Non";"Non";"Non";"IDLST=LST-000015; NOMLISTE=OBJ-GEO-SOURCE; STATUT=CONFORME; DETAIL=Catalogue coherent avec SharePoint.";"DSE-AUDIT-001-20260912-035054-CONTROLE-14";"JOURNAL - TYPEEVENEMENT - CONTROLE | JOURNAL - SOURCE - WORKFLOW | JOURNAL - RESULTAT - SUCCES";"";"";"";"";"";"";"";"";"09/17/2026 13:46:52";"09/12/2026 01:51:28";"";""
"383";"DSE-AUDIT-001-20260912-035054-CONTROLE-15";"";"";"";"12/09/2026 03:51:28";"AUDIT OBJ-LST";"Catalogue : elements=22; colonnes=21; vues=6; URL=https://blogssite.sharepoint.com/sites/Bibliotheque/Lists/OBJGEOSTATUT";"Reel : elements=22; colonnes=21; vues=6; URL=https://blogssite.sharepoint.com/sites/Bibliotheque/Lists/OBJGEOSTATUT";"";"Non";"Non";"Non";"IDLST=LST-000016; NOMLISTE=OBJ-GEO-STATUT; STATUT=CONFORME; DETAIL=Catalogue coherent avec SharePoint.";"DSE-AUDIT-001-20260912-035054-CONTROLE-15";"JOURNAL - TYPEEVENEMENT - CONTROLE | JOURNAL - SOURCE - WORKFLOW | JOURNAL - RESULTAT - SUCCES";"";"";"";"";"";"";"";"";"09/17/2026 13:46:55";"09/12/2026 01:51:30";"";""
"384";"DSE-AUDIT-001-20260912-035054-CONTROLE-16";"";"";"";"12/09/2026 03:51:30";"AUDIT OBJ-LST";"Catalogue : elements=9; colonnes=29; vues=5; URL=https://blogssite.sharepoint.com/sites/Bibliotheque/Lists/OBJGEOTERRITOIRE";"Reel : elements=9; colonnes=29; vues=5; URL=https://blogssite.sharepoint.com/sites/Bibliotheque/Lists/OBJGEOTERRITOIRE";"";"Non";"Non";"Non";"IDLST=LST-000017; NOMLISTE=OBJ-GEO-TERRITOIRE; STATUT=CONFORME; DETAIL=Catalogue coherent avec SharePoint.";"DSE-AUDIT-001-20260912-035054-CONTROLE-16";"JOURNAL - TYPEEVENEMENT - CONTROLE | JOURNAL - SOURCE - WORKFLOW | JOURNAL - RESULTAT - SUCCES";"";"";"";"";"";"";"";"";"09/17/2026 13:46:55";"09/12/2026 01:51:31";"";""
"385";"DSE-AUDIT-001-20260912-035054-CONTROLE-17";"";"";"";"12/09/2026 03:51:32";"AUDIT OBJ-LST";"Catalogue : elements=34868; colonnes=28; vues=6; URL=https://blogssite.sharepoint.com/sites/Bibliotheque/Lists/OBJGEOVILLE";"Reel : elements=34868; colonnes=28; vues=6; URL=https://blogssite.sharepoint.com/sites/Bibliotheque/Lists/OBJGEOVILLE";"";"Non";"Non";"Non";"IDLST=LST-000018; NOMLISTE=OBJ-GEO-VILLE; STATUT=CONFORME; DETAIL=Catalogue coherent avec SharePoint.";"DSE-AUDIT-001-20260912-035054-CONTROLE-17";"JOURNAL - TYPEEVENEMENT - CONTROLE | JOURNAL - SOURCE - WORKFLOW | JOURNAL - RESULTAT - SUCCES";"";"";"";"";"";"";"";"";"09/17/2026 13:46:57";"09/12/2026 01:51:33";"";""
"386";"DSE-AUDIT-001-20260912-035054-CONTROLE-18";"";"";"";"12/09/2026 03:51:33";"AUDIT OBJ-LST";"Catalogue : elements=35; colonnes=19; vues=5; URL=https://blogssite.sharepoint.com/sites/Bibliotheque/Lists/OBJGEOZONE";"Reel : elements=35; colonnes=19; vues=5; URL=https://blogssite.sharepoint.com/sites/Bibliotheque/Lists/OBJGEOZONE";"";"Non";"Non";"Non";"IDLST=LST-000019; NOMLISTE=OBJ-GEO-ZONE; STATUT=CONFORME; DETAIL=Catalogue coherent avec SharePoint.";"DSE-AUDIT-001-20260912-035054-CONTROLE-18";"JOURNAL - TYPEEVENEMENT - CONTROLE | JOURNAL - SOURCE - WORKFLOW | JOURNAL - RESULTAT - SUCCES";"";"";"";"";"";"";"";"";"09/17/2026 13:46:58";"09/12/2026 01:51:35";"";""
"387";"DSE-AUDIT-001-20260912-035054-CONTROLE-19";"";"";"";"12/09/2026 03:51:35";"AUDIT OBJ-LST";"Catalogue : elements=253; colonnes=16; vues=1; URL=https://blogssite.sharepoint.com/sites/Bibliotheque/Lists/OBJJRN";"Reel : elements=367; colonnes=16; vues=1; URL=https://blogssite.sharepoint.com/sites/Bibliotheque/Lists/OBJJRN";"";"Oui";"Non";"Non";"IDLST=LST-000020; NOMLISTE=OBJ-JRN; STATUT=ECART; DETAIL=Ecarts : ELEMENTS";"DSE-AUDIT-001-20260912-035054-CONTROLE-19";"JOURNAL - TYPEEVENEMENT - CONTROLE | JOURNAL - SOURCE - WORKFLOW | JOURNAL - RESULTAT - AVERTISSEMENT";"";"";"";"";"";"";"";"";"09/17/2026 13:47:00";"09/12/2026 01:51:37";"";""
"388";"DSE-AUDIT-001-20260912-035054-CONTROLE-20";"";"";"";"12/09/2026 03:51:37";"AUDIT OBJ-LST";"Catalogue : elements=74; colonnes=25; vues=1; URL=https://blogssite.sharepoint.com/sites/Bibliotheque/Lists/OBJJRNGEO";"Reel : elements=74; colonnes=25; vues=1; URL=https://blogssite.sharepoint.com/sites/Bibliotheque/Lists/OBJJRNGEO";"";"Non";"Non";"Non";"IDLST=LST-000021; NOMLISTE=OBJ-JRN-GEO; STATUT=CONFORME; DETAIL=Catalogue coherent avec SharePoint.";"DSE-AUDIT-001-20260912-035054-CONTROLE-20";"JOURNAL - TYPEEVENEMENT - CONTROLE | JOURNAL - SOURCE - WORKFLOW | JOURNAL - RESULTAT - SUCCES";"";"";"";"";"";"";"";"";"09/17/2026 13:47:01";"09/12/2026 01:51:39";"";""
"389";"DSE-AUDIT-001-20260912-035054-CONTROLE-21";"";"";"";"12/09/2026 03:51:39";"AUDIT OBJ-LST";"Catalogue : elements=0; colonnes=0; vues=1; URL=https://blogssite.sharepoint.com/sites/Bibliotheque/Lists/OBJMODULE";"Reel : elements=0; colonnes=0; vues=1; URL=https://blogssite.sharepoint.com/sites/Bibliotheque/Lists/OBJMODULE";"";"Non";"Non";"Non";"IDLST=LST-000022; NOMLISTE=OBJ-MODULE; STATUT=CONFORME; DETAIL=Catalogue coherent avec SharePoint.";"DSE-AUDIT-001-20260912-035054-CONTROLE-21";"JOURNAL - TYPEEVENEMENT - CONTROLE | JOURNAL - SOURCE - WORKFLOW | JOURNAL - RESULTAT - SUCCES";"";"";"";"";"";"";"";"";"09/17/2026 13:47:03";"09/12/2026 01:51:41";"";""
"390";"DSE-AUDIT-001-20260912-035054-CONTROLE-22";"";"";"";"12/09/2026 03:51:41";"AUDIT OBJ-LST";"Catalogue : elements=4; colonnes=23; vues=10; URL=https://blogssite.sharepoint.com/sites/Bibliotheque/Lists/OBJORG";"Reel : elements=4; colonnes=23; vues=10; URL=https://blogssite.sharepoint.com/sites/Bibliotheque/Lists/OBJORG";"";"Non";"Non";"Non";"IDLST=LST-000023; NOMLISTE=OBJ-ORG; STATUT=CONFORME; DETAIL=Catalogue coherent avec SharePoint.";"DSE-AUDIT-001-20260912-035054-CONTROLE-22";"JOURNAL - TYPEEVENEMENT - CONTROLE | JOURNAL - SOURCE - WORKFLOW | JOURNAL - RESULTAT - SUCCES";"";"";"";"";"";"";"";"";"09/17/2026 13:47:04";"09/12/2026 01:51:42";"";""
"391";"DSE-AUDIT-001-20260912-035054-CONTROLE-23";"";"";"";"12/09/2026 03:51:43";"AUDIT OBJ-LST";"Catalogue : elements=4; colonnes=16; vues=4; URL=https://blogssite.sharepoint.com/sites/Bibliotheque/Lists/OBJORGCOMPTE";"Reel : elements=4; colonnes=16; vues=4; URL=https://blogssite.sharepoint.com/sites/Bibliotheque/Lists/OBJORGCOMPTE";"";"Non";"Non";"Non";"IDLST=LST-000024; NOMLISTE=OBJ-ORG-COMPTE; STATUT=CONFORME; DETAIL=Catalogue coherent avec SharePoint.";"DSE-AUDIT-001-20260912-035054-CONTROLE-23";"JOURNAL - TYPEEVENEMENT - CONTROLE | JOURNAL - SOURCE - WORKFLOW | JOURNAL - RESULTAT - SUCCES";"";"";"";"";"";"";"";"";"09/17/2026 13:47:06";"09/12/2026 01:51:44";"";""
"392";"DSE-AUDIT-001-20260912-035054-CONTROLE-24";"";"";"";"12/09/2026 03:51:45";"AUDIT OBJ-LST";"Catalogue : elements=2; colonnes=20; vues=4; URL=https://blogssite.sharepoint.com/sites/Bibliotheque/Lists/OBJORGCONTACT";"Reel : elements=2; colonnes=20; vues=4; URL=https://blogssite.sharepoint.com/sites/Bibliotheque/Lists/OBJORGCONTACT";"";"Non";"Non";"Non";"IDLST=LST-000025; NOMLISTE=OBJ-ORG-CONTACT; STATUT=CONFORME; DETAIL=Catalogue coherent avec SharePoint.";"DSE-AUDIT-001-20260912-035054-CONTROLE-24";"JOURNAL - TYPEEVENEMENT - CONTROLE | JOURNAL - SOURCE - WORKFLOW | JOURNAL - RESULTAT - SUCCES";"";"";"";"";"";"";"";"";"09/17/2026 13:47:07";"09/12/2026 01:51:46";"";""
"393";"DSE-AUDIT-001-20260912-035054-CONTROLE-25";"";"";"";"12/09/2026 03:51:46";"AUDIT OBJ-LST";"Catalogue : elements=0; colonnes=0; vues=1; URL=https://blogssite.sharepoint.com/sites/Bibliotheque/Lists/OBJPWS";"Reel : elements=0; colonnes=0; vues=1; URL=https://blogssite.sharepoint.com/sites/Bibliotheque/Lists/OBJPWS";"";"Non";"Non";"Non";"IDLST=LST-000026; NOMLISTE=OBJ-PWS; STATUT=CONFORME; DETAIL=Catalogue coherent avec SharePoint.";"DSE-AUDIT-001-20260912-035054-CONTROLE-25";"JOURNAL - TYPEEVENEMENT - CONTROLE | JOURNAL - SOURCE - WORKFLOW | JOURNAL - RESULTAT - SUCCES";"";"";"";"";"";"";"";"";"09/17/2026 13:47:09";"09/12/2026 01:51:48";"";""
"394";"DSE-AUDIT-001-20260912-035054-CONTROLE-26";"";"";"";"12/09/2026 03:51:48";"AUDIT OBJ-LST";"Catalogue : elements=22; colonnes=5; vues=4; URL=https://blogssite.sharepoint.com/sites/Bibliotheque/Lists/OBJREF00";"Reel : elements=22; colonnes=5; vues=4; URL=https://blogssite.sharepoint.com/sites/Bibliotheque/Lists/OBJREF00";"";"Non";"Non";"Non";"IDLST=LST-000027; NOMLISTE=OBJ-REF-00; STATUT=CONFORME; DETAIL=Catalogue coherent avec SharePoint.";"DSE-AUDIT-001-20260912-035054-CONTROLE-26";"JOURNAL - TYPEEVENEMENT - CONTROLE | JOURNAL - SOURCE - WORKFLOW | JOURNAL - RESULTAT - SUCCES";"";"";"";"";"";"";"";"";"09/17/2026 13:47:10";"09/12/2026 01:51:50";"";""
"395";"DSE-AUDIT-001-20260912-035054-CONTROLE-27";"";"";"";"12/09/2026 03:51:50";"AUDIT OBJ-LST";"Catalogue : elements=49; colonnes=10; vues=1; URL=https://blogssite.sharepoint.com/sites/Bibliotheque/Lists/OBJREF10";"Reel : elements=49; colonnes=10; vues=1; URL=https://blogssite.sharepoint.com/sites/Bibliotheque/Lists/OBJREF10";"";"Non";"Non";"Non";"IDLST=LST-000028; NOMLISTE=OBJ-REF-10; STATUT=CONFORME; DETAIL=Catalogue coherent avec SharePoint.";"DSE-AUDIT-001-20260912-035054-CONTROLE-27";"JOURNAL - TYPEEVENEMENT - CONTROLE | JOURNAL - SOURCE - WORKFLOW | JOURNAL - RESULTAT - SUCCES";"";"";"";"";"";"";"";"";"09/17/2026 13:47:12";"09/12/2026 01:51:52";"";""
"396";"DSE-AUDIT-001-20260912-035054-CONTROLE-28";"";"";"";"12/09/2026 03:51:52";"AUDIT OBJ-LST";"Catalogue : elements=17; colonnes=14; vues=1; URL=https://blogssite.sharepoint.com/sites/Bibliotheque/Lists/OBJREF20";"Reel : elements=17; colonnes=14; vues=1; URL=https://blogssite.sharepoint.com/sites/Bibliotheque/Lists/OBJREF20";"";"Non";"Non";"Non";"IDLST=LST-000029; NOMLISTE=OBJ-REF-20; STATUT=CONFORME; DETAIL=Catalogue coherent avec SharePoint.";"DSE-AUDIT-001-20260912-035054-CONTROLE-28";"JOURNAL - TYPEEVENEMENT - CONTROLE | JOURNAL - SOURCE - WORKFLOW | JOURNAL - RESULTAT - SUCCES";"";"";"";"";"";"";"";"";"09/17/2026 13:47:13";"09/12/2026 01:51:54";"";""
"397";"DSE-AUDIT-001-20260912-035054-CONTROLE-29";"";"";"";"12/09/2026 03:51:54";"AUDIT OBJ-LST";"Catalogue : elements=20; colonnes=14; vues=1; URL=https://blogssite.sharepoint.com/sites/Bibliotheque/Lists/OBJREF30";"Reel : elements=20; colonnes=14; vues=1; URL=https://blogssite.sharepoint.com/sites/Bibliotheque/Lists/OBJREF30";"";"Non";"Non";"Non";"IDLST=LST-000030; NOMLISTE=OBJ-REF-30; STATUT=CONFORME; DETAIL=Catalogue coherent avec SharePoint.";"DSE-AUDIT-001-20260912-035054-CONTROLE-29";"JOURNAL - TYPEEVENEMENT - CONTROLE | JOURNAL - SOURCE - WORKFLOW | JOURNAL - RESULTAT - SUCCES";"";"";"";"";"";"";"";"";"09/17/2026 13:47:15";"09/12/2026 01:51:55";"";""
"398";"DSE-AUDIT-001-20260912-035054-CONTROLE-30";"";"";"";"12/09/2026 03:51:56";"AUDIT OBJ-LST";"Catalogue : elements=18; colonnes=14; vues=1; URL=https://blogssite.sharepoint.com/sites/Bibliotheque/Lists/OBJREF40";"Reel : elements=18; colonnes=14; vues=1; URL=https://blogssite.sharepoint.com/sites/Bibliotheque/Lists/OBJREF40";"";"Non";"Non";"Non";"IDLST=LST-000031; NOMLISTE=OBJ-REF-40; STATUT=CONFORME; DETAIL=Catalogue coherent avec SharePoint.";"DSE-AUDIT-001-20260912-035054-CONTROLE-30";"JOURNAL - TYPEEVENEMENT - CONTROLE | JOURNAL - SOURCE - WORKFLOW | JOURNAL - RESULTAT - SUCCES";"";"";"";"";"";"";"";"";"09/17/2026 13:47:16";"09/12/2026 01:51:57";"";""
"399";"DSE-AUDIT-001-20260912-035054-CONTROLE-31";"";"";"";"12/09/2026 03:51:57";"AUDIT OBJ-LST";"Catalogue : elements=11; colonnes=14; vues=1; URL=https://blogssite.sharepoint.com/sites/Bibliotheque/Lists/OBJREF50";"Reel : elements=11; colonnes=14; vues=1; URL=https://blogssite.sharepoint.com/sites/Bibliotheque/Lists/OBJREF50";"";"Non";"Non";"Non";"IDLST=LST-000032; NOMLISTE=OBJ-REF-50; STATUT=CONFORME; DETAIL=Catalogue coherent avec SharePoint.";"DSE-AUDIT-001-20260912-035054-CONTROLE-31";"JOURNAL - TYPEEVENEMENT - CONTROLE | JOURNAL - SOURCE - WORKFLOW | JOURNAL - RESULTAT - SUCCES";"";"";"";"";"";"";"";"";"09/17/2026 13:47:18";"09/12/2026 01:52:00";"";""
"400";"DSE-AUDIT-001-20260912-035054-CONTROLE-32";"";"";"";"12/09/2026 03:51:59";"AUDIT OBJ-LST";"Catalogue : elements=16; colonnes=14; vues=1; URL=https://blogssite.sharepoint.com/sites/Bibliotheque/Lists/OBJREF60";"Reel : elements=16; colonnes=14; vues=1; URL=https://blogssite.sharepoint.com/sites/Bibliotheque/Lists/OBJREF60";"";"Non";"Non";"Non";"IDLST=LST-000033; NOMLISTE=OBJ-REF-60; STATUT=CONFORME; DETAIL=Catalogue coherent avec SharePoint.";"DSE-AUDIT-001-20260912-035054-CONTROLE-32";"JOURNAL - TYPEEVENEMENT - CONTROLE | JOURNAL - SOURCE - WORKFLOW | JOURNAL - RESULTAT - SUCCES";"";"";"";"";"";"";"";"";"09/17/2026 13:47:19";"09/12/2026 01:52:01";"";""
"401";"DSE-AUDIT-001-20260912-035054-CONTROLE-33";"";"";"";"12/09/2026 03:52:01";"AUDIT OBJ-LST";"Catalogue : elements=19; colonnes=14; vues=1; URL=https://blogssite.sharepoint.com/sites/Bibliotheque/Lists/OBJREF70";"Reel : elements=19; colonnes=14; vues=1; URL=https://blogssite.sharepoint.com/sites/Bibliotheque/Lists/OBJREF70";"";"Non";"Non";"Non";"IDLST=LST-000034; NOMLISTE=OBJ-REF-70; STATUT=CONFORME; DETAIL=Catalogue coherent avec SharePoint.";"DSE-AUDIT-001-20260912-035054-CONTROLE-33";"JOURNAL - TYPEEVENEMENT - CONTROLE | JOURNAL - SOURCE - WORKFLOW | JOURNAL - RESULTAT - SUCCES";"";"";"";"";"";"";"";"";"09/17/2026 13:47:21";"09/12/2026 01:52:03";"";""
"402";"DSE-AUDIT-001-20260912-035054-CONTROLE-34";"";"";"";"12/09/2026 03:52:03";"AUDIT OBJ-LST";"Catalogue : elements=15; colonnes=14; vues=1; URL=https://blogssite.sharepoint.com/sites/Bibliotheque/Lists/OBJREF80";"Reel : elements=15; colonnes=14; vues=1; URL=https://blogssite.sharepoint.com/sites/Bibliotheque/Lists/OBJREF80";"";"Non";"Non";"Non";"IDLST=LST-000035; NOMLISTE=OBJ-REF-80; STATUT=CONFORME; DETAIL=Catalogue coherent avec SharePoint.";"DSE-AUDIT-001-20260912-035054-CONTROLE-34";"JOURNAL - TYPEEVENEMENT - CONTROLE | JOURNAL - SOURCE - WORKFLOW | JOURNAL - RESULTAT - SUCCES";"";"";"";"";"";"";"";"";"09/17/2026 13:47:22";"09/12/2026 01:52:05";"";""
"403";"DSE-AUDIT-001-20260912-035054-CONTROLE-35";"";"";"";"12/09/2026 03:52:05";"AUDIT OBJ-LST";"Catalogue : elements=18; colonnes=14; vues=1; URL=https://blogssite.sharepoint.com/sites/Bibliotheque/Lists/OBJREF90";"Reel : elements=18; colonnes=14; vues=1; URL=https://blogssite.sharepoint.com/sites/Bibliotheque/Lists/OBJREF90";"";"Non";"Non";"Non";"IDLST=LST-000036; NOMLISTE=OBJ-REF-90; STATUT=CONFORME; DETAIL=Catalogue coherent avec SharePoint.";"DSE-AUDIT-001-20260912-035054-CONTROLE-35";"JOURNAL - TYPEEVENEMENT - CONTROLE | JOURNAL - SOURCE - WORKFLOW | JOURNAL - RESULTAT - SUCCES";"";"";"";"";"";"";"";"";"09/17/2026 13:47:24";"09/12/2026 01:52:06";"";""
"404";"DSE-AUDIT-001-20260912-035054-CONTROLE-36";"";"";"";"12/09/2026 03:52:07";"AUDIT OBJ-LST";"Catalogue : elements=8; colonnes=3; vues=1; URL=https://blogssite.sharepoint.com/sites/Bibliotheque/Lists/OBJREF95";"Reel : elements=8; colonnes=3; vues=1; URL=https://blogssite.sharepoint.com/sites/Bibliotheque/Lists/OBJREF95";"";"Non";"Non";"Non";"IDLST=LST-000037; NOMLISTE=OBJ-REF-95; STATUT=CONFORME; DETAIL=Catalogue coherent avec SharePoint.";"DSE-AUDIT-001-20260912-035054-CONTROLE-36";"JOURNAL - TYPEEVENEMENT - CONTROLE | JOURNAL - SOURCE - WORKFLOW | JOURNAL - RESULTAT - SUCCES";"";"";"";"";"";"";"";"";"09/17/2026 13:47:25";"09/12/2026 01:52:08";"";""
"405";"DSE-AUDIT-001-20260912-035054-CONTROLE-37";"";"";"";"12/09/2026 03:52:08";"AUDIT OBJ-LST";"Catalogue : elements=14; colonnes=4; vues=1; URL=https://blogssite.sharepoint.com/sites/Bibliotheque/Lists/OBJREFDOMAINE";"Reel : elements=14; colonnes=4; vues=1; URL=https://blogssite.sharepoint.com/sites/Bibliotheque/Lists/OBJREFDOMAINE";"";"Non";"Non";"Non";"IDLST=LST-000038; NOMLISTE=OBJ-REF-DOMAINE; STATUT=CONFORME; DETAIL=Catalogue coherent avec SharePoint.";"DSE-AUDIT-001-20260912-035054-CONTROLE-37";"JOURNAL - TYPEEVENEMENT - CONTROLE | JOURNAL - SOURCE - WORKFLOW | JOURNAL - RESULTAT - SUCCES";"";"";"";"";"";"";"";"";"09/17/2026 13:47:27";"09/12/2026 01:52:10";"";""
"406";"DSE-AUDIT-001-20260912-035054-CONTROLE-38";"";"";"";"12/09/2026 03:52:10";"AUDIT OBJ-LST";"Catalogue : elements=7; colonnes=4; vues=1; URL=https://blogssite.sharepoint.com/sites/Bibliotheque/Lists/OBJREFLSTSTATUT";"Reel : elements=7; colonnes=4; vues=1; URL=https://blogssite.sharepoint.com/sites/Bibliotheque/Lists/OBJREFLSTSTATUT";"";"Non";"Non";"Non";"IDLST=LST-000039; NOMLISTE=OBJ-REF-LST-STATUT; STATUT=CONFORME; DETAIL=Catalogue coherent avec SharePoint.";"DSE-AUDIT-001-20260912-035054-CONTROLE-38";"JOURNAL - TYPEEVENEMENT - CONTROLE | JOURNAL - SOURCE - WORKFLOW | JOURNAL - RESULTAT - SUCCES";"";"";"";"";"";"";"";"";"09/17/2026 13:47:28";"09/12/2026 01:52:12";"";""
"407";"DSE-AUDIT-001-20260912-035054-CONTROLE-39";"";"";"";"12/09/2026 03:52:12";"AUDIT OBJ-LST";"Catalogue : elements=11; colonnes=4; vues=1; URL=https://blogssite.sharepoint.com/sites/Bibliotheque/Lists/OBJREFLSTTYPE";"Reel : elements=11; colonnes=4; vues=1; URL=https://blogssite.sharepoint.com/sites/Bibliotheque/Lists/OBJREFLSTTYPE";"";"Non";"Non";"Non";"IDLST=LST-000040; NOMLISTE=OBJ-REF-LST-TYPE; STATUT=CONFORME; DETAIL=Catalogue coherent avec SharePoint.";"DSE-AUDIT-001-20260912-035054-CONTROLE-39";"JOURNAL - TYPEEVENEMENT - CONTROLE | JOURNAL - SOURCE - WORKFLOW | JOURNAL - RESULTAT - SUCCES";"";"";"";"";"";"";"";"";"09/17/2026 13:47:30";"09/12/2026 01:52:14";"";""
"408";"DSE-AUDIT-001-20260912-035054-CONTROLE-40";"";"";"";"12/09/2026 03:52:14";"AUDIT OBJ-LST";"Catalogue : elements=11; colonnes=4; vues=2; URL=https://blogssite.sharepoint.com/sites/Bibliotheque/Lists/OBJREFORGCOMPTETYPE";"Reel : elements=11; colonnes=4; vues=2; URL=https://blogssite.sharepoint.com/sites/Bibliotheque/Lists/OBJREFORGCOMPTETYPE";"";"Non";"Non";"Non";"IDLST=LST-000041; NOMLISTE=OBJ-REF-ORG-COMPTE-TYPE; STATUT=CONFORME; DETAIL=Catalogue coherent avec SharePoint.";"DSE-AUDIT-001-20260912-035054-CONTROLE-40";"JOURNAL - TYPEEVENEMENT - CONTROLE | JOURNAL - SOURCE - WORKFLOW | JOURNAL - RESULTAT - SUCCES";"";"";"";"";"";"";"";"";"09/17/2026 13:47:31";"09/12/2026 01:52:15";"";""
"409";"DSE-AUDIT-001-20260912-035054-CONTROLE-41";"";"";"";"12/09/2026 03:52:15";"AUDIT OBJ-LST";"Catalogue : elements=8; colonnes=4; vues=2; URL=https://blogssite.sharepoint.com/sites/Bibliotheque/Lists/OBJREFORGCONTACTTYPE";"Reel : elements=8; colonnes=4; vues=2; URL=https://blogssite.sharepoint.com/sites/Bibliotheque/Lists/OBJREFORGCONTACTTYPE";"";"Non";"Non";"Non";"IDLST=LST-000042; NOMLISTE=OBJ-REF-ORG-CONTACT-TYPE; STATUT=CONFORME; DETAIL=Catalogue coherent avec SharePoint.";"DSE-AUDIT-001-20260912-035054-CONTROLE-41";"JOURNAL - TYPEEVENEMENT - CONTROLE | JOURNAL - SOURCE - WORKFLOW | JOURNAL - RESULTAT - SUCCES";"";"";"";"";"";"";"";"";"09/17/2026 13:47:33";"09/12/2026 01:52:17";"";""
"410";"DSE-AUDIT-001-20260912-035054-CONTROLE-42";"";"";"";"12/09/2026 03:52:17";"AUDIT OBJ-LST";"Catalogue : elements=9; colonnes=4; vues=2; URL=https://blogssite.sharepoint.com/sites/Bibliotheque/Lists/OBJREFORGSECTEUR";"Reel : elements=9; colonnes=4; vues=2; URL=https://blogssite.sharepoint.com/sites/Bibliotheque/Lists/OBJREFORGSECTEUR";"";"Non";"Non";"Non";"IDLST=LST-000043; NOMLISTE=OBJ-REF-ORG-SECTEUR; STATUT=CONFORME; DETAIL=Catalogue coherent avec SharePoint.";"DSE-AUDIT-001-20260912-035054-CONTROLE-42";"JOURNAL - TYPEEVENEMENT - CONTROLE | JOURNAL - SOURCE - WORKFLOW | JOURNAL - RESULTAT - SUCCES";"";"";"";"";"";"";"";"";"09/17/2026 13:47:34";"09/12/2026 01:52:19";"";""
"411";"DSE-AUDIT-001-20260912-035054-CONTROLE-43";"";"";"";"12/09/2026 03:52:19";"AUDIT OBJ-LST";"Catalogue : elements=6; colonnes=4; vues=2; URL=https://blogssite.sharepoint.com/sites/Bibliotheque/Lists/OBJREFORGSTATUT";"Reel : elements=6; colonnes=4; vues=2; URL=https://blogssite.sharepoint.com/sites/Bibliotheque/Lists/OBJREFORGSTATUT";"";"Non";"Non";"Non";"IDLST=LST-000044; NOMLISTE=OBJ-REF-ORG-STATUT; STATUT=CONFORME; DETAIL=Catalogue coherent avec SharePoint.";"DSE-AUDIT-001-20260912-035054-CONTROLE-43";"JOURNAL - TYPEEVENEMENT - CONTROLE | JOURNAL - SOURCE - WORKFLOW | JOURNAL - RESULTAT - SUCCES";"";"";"";"";"";"";"";"";"09/17/2026 13:47:36";"09/12/2026 01:52:21";"";""
"412";"DSE-AUDIT-001-20260912-035054-CONTROLE-44";"";"";"";"12/09/2026 03:52:21";"AUDIT OBJ-LST";"Catalogue : elements=12; colonnes=4; vues=2; URL=https://blogssite.sharepoint.com/sites/Bibliotheque/Lists/OBJREFORGTYPE";"Reel : elements=12; colonnes=4; vues=2; URL=https://blogssite.sharepoint.com/sites/Bibliotheque/Lists/OBJREFORGTYPE";"";"Non";"Non";"Non";"IDLST=LST-000045; NOMLISTE=OBJ-REF-ORG-TYPE; STATUT=CONFORME; DETAIL=Catalogue coherent avec SharePoint.";"DSE-AUDIT-001-20260912-035054-CONTROLE-44";"JOURNAL - TYPEEVENEMENT - CONTROLE | JOURNAL - SOURCE - WORKFLOW | JOURNAL - RESULTAT - SUCCES";"";"";"";"";"";"";"";"";"09/17/2026 13:47:37";"09/12/2026 01:52:23";"";""
"413";"DSE-AUDIT-001-20260912-035054-CONTROLE-45";"";"";"";"12/09/2026 03:52:23";"AUDIT OBJ-LST";"Catalogue : elements=32; colonnes=10; vues=2; URL=https://blogssite.sharepoint.com/sites/Bibliotheque/Lists/OBJREL";"Reel : elements=32; colonnes=10; vues=2; URL=https://blogssite.sharepoint.com/sites/Bibliotheque/Lists/OBJREL";"";"Non";"Non";"Non";"IDLST=LST-000046; NOMLISTE=OBJ-REL; STATUT=CONFORME; DETAIL=Catalogue coherent avec SharePoint.";"DSE-AUDIT-001-20260912-035054-CONTROLE-45";"JOURNAL - TYPEEVENEMENT - CONTROLE | JOURNAL - SOURCE - WORKFLOW | JOURNAL - RESULTAT - SUCCES";"";"";"";"";"";"";"";"";"09/17/2026 13:47:39";"09/12/2026 01:52:24";"";""
"414";"DSE-AUDIT-001-20260912-035054-CONTROLE-46";"";"";"";"12/09/2026 03:52:24";"AUDIT OBJ-LST";"Catalogue : elements=0; colonnes=0; vues=1; URL=https://blogssite.sharepoint.com/sites/Bibliotheque/Lists/OBJSITE";"Reel : elements=0; colonnes=0; vues=1; URL=https://blogssite.sharepoint.com/sites/Bibliotheque/Lists/OBJSITE";"";"Non";"Non";"Non";"IDLST=LST-000047; NOMLISTE=OBJ-SITE; STATUT=CONFORME; DETAIL=Catalogue coherent avec SharePoint.";"DSE-AUDIT-001-20260912-035054-CONTROLE-46";"JOURNAL - TYPEEVENEMENT - CONTROLE | JOURNAL - SOURCE - WORKFLOW | JOURNAL - RESULTAT - SUCCES";"";"";"";"";"";"";"";"";"09/17/2026 13:47:40";"09/12/2026 01:52:26";"";""
"415";"DSE-AUDIT-001-20260912-035054-CONTROLE-47";"";"";"";"12/09/2026 03:52:26";"AUDIT OBJ-LST";"Catalogue : elements=0; colonnes=0; vues=1; URL=https://blogssite.sharepoint.com/sites/Bibliotheque/Lists/OBJSTATUT";"Reel : elements=0; colonnes=0; vues=1; URL=https://blogssite.sharepoint.com/sites/Bibliotheque/Lists/OBJSTATUT";"";"Non";"Non";"Non";"IDLST=LST-000048; NOMLISTE=OBJ-STATUT; STATUT=CONFORME; DETAIL=Catalogue coherent avec SharePoint.";"DSE-AUDIT-001-20260912-035054-CONTROLE-47";"JOURNAL - TYPEEVENEMENT - CONTROLE | JOURNAL - SOURCE - WORKFLOW | JOURNAL - RESULTAT - SUCCES";"";"";"";"";"";"";"";"";"09/17/2026 13:47:42";"09/12/2026 01:52:28";"";""
"416";"DSE-AUDIT-001-20260912-035054-CONTROLE-48";"";"";"";"12/09/2026 03:52:28";"AUDIT OBJ-LST";"Catalogue : elements=14; colonnes=18; vues=5; URL=https://blogssite.sharepoint.com/sites/Bibliotheque/SitePages";"Reel : elements=14; colonnes=18; vues=5; URL=https://blogssite.sharepoint.com/sites/Bibliotheque/SitePages";"";"Non";"Non";"Non";"IDLST=LST-000049; NOMLISTE=Pages; STATUT=CONFORME; DETAIL=Catalogue coherent avec SharePoint.";"DSE-AUDIT-001-20260912-035054-CONTROLE-48";"JOURNAL - TYPEEVENEMENT - CONTROLE | JOURNAL - SOURCE - WORKFLOW | JOURNAL - RESULTAT - SUCCES";"";"";"";"";"";"";"";"";"09/17/2026 13:47:43";"09/12/2026 01:52:30";"";""
"417";"DSE-AUDIT-001-20260912-035054-CONTROLE-49";"";"";"";"12/09/2026 03:52:30";"AUDIT OBJ-LST";"Catalogue : elements=20; colonnes=3; vues=1; URL=https://blogssite.sharepoint.com/sites/Bibliotheque/SiteAssets";"Reel : elements=20; colonnes=3; vues=1; URL=https://blogssite.sharepoint.com/sites/Bibliotheque/SiteAssets";"";"Non";"Non";"Non";"IDLST=LST-000050; NOMLISTE=Pièces jointes; STATUT=CONFORME; DETAIL=Catalogue coherent avec SharePoint.";"DSE-AUDIT-001-20260912-035054-CONTROLE-49";"JOURNAL - TYPEEVENEMENT - CONTROLE | JOURNAL - SOURCE - WORKFLOW | JOURNAL - RESULTAT - SUCCES";"";"";"";"";"";"";"";"";"09/17/2026 13:47:45";"09/12/2026 01:52:31";"";""
"418";"DSE-AUDIT-001-20260912-035054-CONTROLE-50";"";"";"";"12/09/2026 03:52:32";"AUDIT OBJ-LST";"Catalogue : elements=0; colonnes=2; vues=1; URL=https://blogssite.sharepoint.com/sites/Bibliotheque/Style Library";"Reel : elements=0; colonnes=2; vues=1; URL=https://blogssite.sharepoint.com/sites/Bibliotheque/Style Library";"";"Non";"Non";"Non";"IDLST=LST-000051; NOMLISTE=ZZ-ARCHIVE-DSE-AUTRE - Bibliothèque de styles; STATUT=CONFORME; DETAIL=Catalogue coherent avec SharePoint.";"DSE-AUDIT-001-20260912-035054-CONTROLE-50";"JOURNAL - TYPEEVENEMENT - CONTROLE | JOURNAL - SOURCE - WORKFLOW | JOURNAL - RESULTAT - SUCCES";"";"";"";"";"";"";"";"";"09/17/2026 13:47:46";"09/12/2026 01:52:33";"";""
"419";"DSE-AUDIT-001-20260912-035054-CONTROLE-51";"";"";"";"12/09/2026 03:52:33";"AUDIT OBJ-LST";"Catalogue : elements=0; colonnes=10; vues=2; URL=https://blogssite.sharepoint.com/sites/Bibliotheque/FormServerTemplates";"Reel : elements=0; colonnes=10; vues=2; URL=https://blogssite.sharepoint.com/sites/Bibliotheque/FormServerTemplates";"";"Non";"Non";"Non";"IDLST=LST-000052; NOMLISTE=ZZ-ARCHIVE-DSE-AUTRE - Modèles de formulaire; STATUT=CONFORME; DETAIL=Catalogue coherent avec SharePoint.";"DSE-AUDIT-001-20260912-035054-CONTROLE-51";"JOURNAL - TYPEEVENEMENT - CONTROLE | JOURNAL - SOURCE - WORKFLOW | JOURNAL - RESULTAT - SUCCES";"";"";"";"";"";"";"";"";"09/17/2026 13:47:48";"09/12/2026 01:52:35";"";""
"420";"DSE-AUDIT-001-20260912-035054-CONTROLE-53";"";"";"";"12/09/2026 03:52:35";"AUDIT OBJ-LST";"Catalogue : elements=4; colonnes=2; vues=1; URL=https://blogssite.sharepoint.com/sites/Bibliotheque/AgentAssets";"Reel : elements=4; colonnes=2; vues=1; URL=https://blogssite.sharepoint.com/sites/Bibliotheque/AgentAssets";"";"Non";"Non";"Non";"IDLST=LST-000053; NOMLISTE=ZZ-ARCHIVE-DSE-Ressources d’assistant; STATUT=CONFORME; DETAIL=Catalogue coherent avec SharePoint.";"DSE-AUDIT-001-20260912-035054-CONTROLE-53";"JOURNAL - TYPEEVENEMENT - CONTROLE | JOURNAL - SOURCE - WORKFLOW | JOURNAL - RESULTAT - SUCCES";"";"";"";"";"";"";"";"";"09/17/2026 13:47:49";"09/12/2026 01:52:37";"";""
"421";"DSE-AUDIT-001-20260912-035054-FIN";"";"";"";"12/09/2026 03:52:36";"FIN";"";"";"";"Oui";"Non";"Non";"Controles=52; Conformes=51; Ecarts=1; Erreurs=0; CSV=C:\Users\PascalZIMMER_b9lyro1\OneDrive - DemainSite\Bureau\DSE-AUDIT-001-20260912-035054.csv; Aucune correction automatique.";"DSE-AUDIT-001-20260912-035054-FIN";"JOURNAL - TYPEEVENEMENT - CONTROLE | JOURNAL - SOURCE - WORKFLOW | JOURNAL - RESULTAT - AVERTISSEMENT";"";"";"";"";"";"";"";"";"09/17/2026 13:47:51";"09/12/2026 01:52:38";"";""
"422";"DSE-AUDIT-001-20260912-040350-DEBUT";"";"";"";"12/09/2026 04:03:51";"DEBUT";"";"";"";"Non";"Non";"Non";"Demarrage du MVP d'audit DSE. Aucune correction automatique.";"DSE-AUDIT-001-20260912-040350-DEBUT";"JOURNAL - TYPEEVENEMENT - CONTROLE | JOURNAL - SOURCE - WORKFLOW | JOURNAL - RESULTAT - SUCCES";"";"";"";"";"";"";"";"";"09/17/2026 13:47:52";"09/12/2026 02:03:53";"";""
"423";"DSE-AUDIT-001-20260912-040350-CONTROLE-1";"";"";"";"12/09/2026 04:03:55";"AUDIT OBJ-LST";"Catalogue : elements=458; colonnes=50; vues=5; URL=https://blogssite.sharepoint.com/sites/Bibliotheque/Documents partages";"Reel : elements=458; colonnes=50; vues=5; URL=https://blogssite.sharepoint.com/sites/Bibliotheque/Documents partages";"";"Non";"Non";"Non";"IDLST=LST-000001; NOMLISTE=DOC - Documents; STATUT=CONFORME; DETAIL=Catalogue coherent avec SharePoint.";"DSE-AUDIT-001-20260912-040350-CONTROLE-1";"JOURNAL - TYPEEVENEMENT - CONTROLE | JOURNAL - SOURCE - WORKFLOW | JOURNAL - RESULTAT - SUCCES";"";"";"";"";"";"";"";"";"09/17/2026 13:47:54";"09/12/2026 02:03:57";"";""
"424";"DSE-AUDIT-001-20260912-040350-CONTROLE-2";"";"";"";"12/09/2026 04:03:57";"AUDIT OBJ-LST";"Catalogue : elements=1259; colonnes=2; vues=1; URL=https://blogssite.sharepoint.com/sites/Bibliotheque/DSE  Coffre ZIP";"Reel : elements=1259; colonnes=2; vues=1; URL=https://blogssite.sharepoint.com/sites/Bibliotheque/DSE  Coffre ZIP";"";"Non";"Non";"Non";"IDLST=LST-000002; NOMLISTE=DSE - Coffre Ford; STATUT=CONFORME; DETAIL=Catalogue coherent avec SharePoint.";"DSE-AUDIT-001-20260912-040350-CONTROLE-2";"JOURNAL - TYPEEVENEMENT - CONTROLE | JOURNAL - SOURCE - WORKFLOW | JOURNAL - RESULTAT - SUCCES";"";"";"";"";"";"";"";"";"09/17/2026 13:47:55";"09/12/2026 02:03:58";"";""
"425";"DSE-AUDIT-001-20260912-040350-CONTROLE-3";"";"";"";"12/09/2026 04:03:58";"AUDIT OBJ-LST";"Catalogue : elements=237; colonnes=48; vues=8; URL=https://blogssite.sharepoint.com/sites/Bibliotheque/Lists/OBJ";"Reel : elements=237; colonnes=48; vues=8; URL=https://blogssite.sharepoint.com/sites/Bibliotheque/Lists/OBJ";"";"Non";"Non";"Non";"IDLST=LST-000003; NOMLISTE=OBJ; STATUT=CONFORME; DETAIL=Catalogue coherent avec SharePoint.";"DSE-AUDIT-001-20260912-040350-CONTROLE-3";"JOURNAL - TYPEEVENEMENT - CONTROLE | JOURNAL - SOURCE - WORKFLOW | JOURNAL - RESULTAT - SUCCES";"";"";"";"";"";"";"";"";"09/17/2026 13:47:58";"09/12/2026 02:04:00";"";""
"426";"DSE-AUDIT-001-20260912-040350-CONTROLE-4";"";"";"";"12/09/2026 04:04:00";"AUDIT OBJ-LST";"Catalogue : elements=2; colonnes=14; vues=1; URL=https://blogssite.sharepoint.com/sites/Bibliotheque/Lists/OBJAUDIT";"Reel : elements=2; colonnes=14; vues=1; URL=https://blogssite.sharepoint.com/sites/Bibliotheque/Lists/OBJAUDIT";"";"Non";"Non";"Non";"IDLST=LST-000005; NOMLISTE=OBJ-AUDIT; STATUT=CONFORME; DETAIL=Catalogue coherent avec SharePoint.";"DSE-AUDIT-001-20260912-040350-CONTROLE-4";"JOURNAL - TYPEEVENEMENT - CONTROLE | JOURNAL - SOURCE - WORKFLOW | JOURNAL - RESULTAT - SUCCES";"";"";"";"";"";"";"";"";"09/17/2026 13:47:59";"09/12/2026 02:04:02";"";""
"427";"DSE-AUDIT-001-20260912-040350-CONTROLE-5";"";"";"";"12/09/2026 04:04:02";"AUDIT OBJ-LST";"Catalogue : elements=249; colonnes=26; vues=6; URL=https://blogssite.sharepoint.com/sites/Bibliotheque/Lists/OBJGEOCAPITALE";"Reel : elements=249; colonnes=26; vues=6; URL=https://blogssite.sharepoint.com/sites/Bibliotheque/Lists/OBJGEOCAPITALE";"";"Non";"Non";"Non";"IDLST=LST-000006; NOMLISTE=OBJ-GEO-CAPITALE; STATUT=CONFORME; DETAIL=Catalogue coherent avec SharePoint.";"DSE-AUDIT-001-20260912-040350-CONTROLE-5";"JOURNAL - TYPEEVENEMENT - CONTROLE | JOURNAL - SOURCE - WORKFLOW | JOURNAL - RESULTAT - SUCCES";"";"";"";"";"";"";"";"";"09/17/2026 13:48:00";"09/12/2026 02:04:04";"";""
"428";"DSE-AUDIT-001-20260912-040350-CONTROLE-6";"";"";"";"12/09/2026 04:04:04";"AUDIT OBJ-LST";"Catalogue : elements=7; colonnes=20; vues=6; URL=https://blogssite.sharepoint.com/sites/Bibliotheque/Lists/OBJGEOCONTINENT";"Reel : elements=7; colonnes=20; vues=6; URL=https://blogssite.sharepoint.com/sites/Bibliotheque/Lists/OBJGEOCONTINENT";"";"Non";"Non";"Non";"IDLST=LST-000007; NOMLISTE=OBJ-GEO-CONTINENT; STATUT=CONFORME; DETAIL=Catalogue coherent avec SharePoint.";"DSE-AUDIT-001-20260912-040350-CONTROLE-6";"JOURNAL - TYPEEVENEMENT - CONTROLE | JOURNAL - SOURCE - WORKFLOW | JOURNAL - RESULTAT - SUCCES";"";"";"";"";"";"";"";"";"09/17/2026 13:48:02";"09/12/2026 02:04:06";"";""
"429";"DSE-AUDIT-001-20260912-040350-CONTROLE-7";"";"";"";"12/09/2026 04:04:06";"AUDIT OBJ-LST";"Catalogue : elements=101; colonnes=32; vues=6; URL=https://blogssite.sharepoint.com/sites/Bibliotheque/Lists/OBJGEODEPARTEMENT";"Reel : elements=101; colonnes=32; vues=6; URL=https://blogssite.sharepoint.com/sites/Bibliotheque/Lists/OBJGEODEPARTEMENT";"";"Non";"Non";"Non";"IDLST=LST-000008; NOMLISTE=OBJ-GEO-DEPARTEMENT; STATUT=CONFORME; DETAIL=Catalogue coherent avec SharePoint.";"DSE-AUDIT-001-20260912-040350-CONTROLE-7";"JOURNAL - TYPEEVENEMENT - CONTROLE | JOURNAL - SOURCE - WORKFLOW | JOURNAL - RESULTAT - SUCCES";"";"";"";"";"";"";"";"";"09/17/2026 13:48:03";"09/12/2026 02:04:08";"";""
"430";"DSE-AUDIT-001-20260912-040350-CONTROLE-8";"";"";"";"12/09/2026 04:04:08";"AUDIT OBJ-LST";"Catalogue : elements=154; colonnes=21; vues=6; URL=https://blogssite.sharepoint.com/sites/Bibliotheque/Lists/OBJGEODEVISE";"Reel : elements=154; colonnes=21; vues=6; URL=https://blogssite.sharepoint.com/sites/Bibliotheque/Lists/OBJGEODEVISE";"";"Non";"Non";"Non";"IDLST=LST-000009; NOMLISTE=OBJ-GEO-DEVISE; STATUT=CONFORME; DETAIL=Catalogue coherent avec SharePoint.";"DSE-AUDIT-001-20260912-040350-CONTROLE-8";"JOURNAL - TYPEEVENEMENT - CONTROLE | JOURNAL - SOURCE - WORKFLOW | JOURNAL - RESULTAT - SUCCES";"";"";"";"";"";"";"";"";"09/17/2026 13:48:05";"09/12/2026 02:04:09";"";""
"431";"DSE-AUDIT-001-20260912-040350-CONTROLE-9";"";"";"";"12/09/2026 04:04:10";"AUDIT OBJ-LST";"Catalogue : elements=38; colonnes=22; vues=6; URL=https://blogssite.sharepoint.com/sites/Bibliotheque/Lists/OBJGEOFUSEAUHORAIRE";"Reel : elements=38; colonnes=22; vues=6; URL=https://blogssite.sharepoint.com/sites/Bibliotheque/Lists/OBJGEOFUSEAUHORAIRE";"";"Non";"Non";"Non";"IDLST=LST-000010; NOMLISTE=OBJ-GEO-FUSEAU-HORAIRE; STATUT=CONFORME; DETAIL=Catalogue coherent avec SharePoint.";"DSE-AUDIT-001-20260912-040350-CONTROLE-9";"JOURNAL - TYPEEVENEMENT - CONTROLE | JOURNAL - SOURCE - WORKFLOW | JOURNAL - RESULTAT - SUCCES";"";"";"";"";"";"";"";"";"09/17/2026 13:48:07";"09/12/2026 02:04:11";"";""
"432";"DSE-AUDIT-001-20260912-040350-CONTROLE-10";"";"";"";"12/09/2026 04:04:11";"AUDIT OBJ-LST";"Catalogue : elements=112; colonnes=22; vues=16; URL=https://blogssite.sharepoint.com/sites/Bibliotheque/Lists/OBJGEOLANGUE";"Reel : elements=112; colonnes=22; vues=16; URL=https://blogssite.sharepoint.com/sites/Bibliotheque/Lists/OBJGEOLANGUE";"";"Non";"Non";"Non";"IDLST=LST-000011; NOMLISTE=OBJ-GEO-LANGUE; STATUT=CONFORME; DETAIL=Catalogue coherent avec SharePoint.";"DSE-AUDIT-001-20260912-040350-CONTROLE-10";"JOURNAL - TYPEEVENEMENT - CONTROLE | JOURNAL - SOURCE - WORKFLOW | JOURNAL - RESULTAT - SUCCES";"";"";"";"";"";"";"";"";"09/17/2026 13:48:08";"09/12/2026 02:04:13";"";""
"433";"DSE-AUDIT-001-20260912-040350-CONTROLE-11";"";"";"";"12/09/2026 04:04:13";"AUDIT OBJ-LST";"Catalogue : elements=249; colonnes=26; vues=6; URL=https://blogssite.sharepoint.com/sites/Bibliotheque/Lists/OBJGEONATIONALITE";"Reel : elements=249; colonnes=26; vues=6; URL=https://blogssite.sharepoint.com/sites/Bibliotheque/Lists/OBJGEONATIONALITE";"";"Non";"Non";"Non";"IDLST=LST-000012; NOMLISTE=OBJ-GEO-NATIONALITE; STATUT=CONFORME; DETAIL=Catalogue coherent avec SharePoint.";"DSE-AUDIT-001-20260912-040350-CONTROLE-11";"JOURNAL - TYPEEVENEMENT - CONTROLE | JOURNAL - SOURCE - WORKFLOW | JOURNAL - RESULTAT - SUCCES";"";"";"";"";"";"";"";"";"09/17/2026 13:48:10";"09/12/2026 02:04:15";"";""
"434";"DSE-AUDIT-001-20260912-040350-CONTROLE-12";"";"";"";"12/09/2026 04:04:15";"AUDIT OBJ-LST";"Catalogue : elements=249; colonnes=32; vues=6; URL=https://blogssite.sharepoint.com/sites/Bibliotheque/Lists/OBJGEOPAYS";"Reel : elements=249; colonnes=32; vues=6; URL=https://blogssite.sharepoint.com/sites/Bibliotheque/Lists/OBJGEOPAYS";"";"Non";"Non";"Non";"IDLST=LST-000013; NOMLISTE=OBJ-GEO-PAYS; STATUT=CONFORME; DETAIL=Catalogue coherent avec SharePoint.";"DSE-AUDIT-001-20260912-040350-CONTROLE-12";"JOURNAL - TYPEEVENEMENT - CONTROLE | JOURNAL - SOURCE - WORKFLOW | JOURNAL - RESULTAT - SUCCES";"";"";"";"";"";"";"";"";"09/17/2026 13:48:11";"09/12/2026 02:04:17";"";""
"435";"DSE-AUDIT-001-20260912-040350-CONTROLE-13";"";"";"";"12/09/2026 04:04:17";"AUDIT OBJ-LST";"Catalogue : elements=18; colonnes=34; vues=6; URL=https://blogssite.sharepoint.com/sites/Bibliotheque/Lists/OBJGEOREGION";"Reel : elements=18; colonnes=34; vues=6; URL=https://blogssite.sharepoint.com/sites/Bibliotheque/Lists/OBJGEOREGION";"";"Non";"Non";"Non";"IDLST=LST-000014; NOMLISTE=OBJ-GEO-REGION; STATUT=CONFORME; DETAIL=Catalogue coherent avec SharePoint.";"DSE-AUDIT-001-20260912-040350-CONTROLE-13";"JOURNAL - TYPEEVENEMENT - CONTROLE | JOURNAL - SOURCE - WORKFLOW | JOURNAL - RESULTAT - SUCCES";"";"";"";"";"";"";"";"";"09/17/2026 13:48:14";"09/12/2026 02:04:19";"";""
"436";"DSE-AUDIT-001-20260912-040350-CONTROLE-14";"";"";"";"12/09/2026 04:04:19";"AUDIT OBJ-LST";"Catalogue : elements=6; colonnes=32; vues=4; URL=https://blogssite.sharepoint.com/sites/Bibliotheque/Lists/OBJGEOSOURCE";"Reel : elements=6; colonnes=32; vues=4; URL=https://blogssite.sharepoint.com/sites/Bibliotheque/Lists/OBJGEOSOURCE";"";"Non";"Non";"Non";"IDLST=LST-000015; NOMLISTE=OBJ-GEO-SOURCE; STATUT=CONFORME; DETAIL=Catalogue coherent avec SharePoint.";"DSE-AUDIT-001-20260912-040350-CONTROLE-14";"JOURNAL - TYPEEVENEMENT - CONTROLE | JOURNAL - SOURCE - WORKFLOW | JOURNAL - RESULTAT - SUCCES";"";"";"";"";"";"";"";"";"09/17/2026 13:48:15";"09/12/2026 02:04:20";"";""
"437";"DSE-AUDIT-001-20260912-040350-CONTROLE-15";"";"";"";"12/09/2026 04:04:20";"AUDIT OBJ-LST";"Catalogue : elements=22; colonnes=21; vues=6; URL=https://blogssite.sharepoint.com/sites/Bibliotheque/Lists/OBJGEOSTATUT";"Reel : elements=22; colonnes=21; vues=6; URL=https://blogssite.sharepoint.com/sites/Bibliotheque/Lists/OBJGEOSTATUT";"";"Non";"Non";"Non";"IDLST=LST-000016; NOMLISTE=OBJ-GEO-STATUT; STATUT=CONFORME; DETAIL=Catalogue coherent avec SharePoint.";"DSE-AUDIT-001-20260912-040350-CONTROLE-15";"JOURNAL - TYPEEVENEMENT - CONTROLE | JOURNAL - SOURCE - WORKFLOW | JOURNAL - RESULTAT - SUCCES";"";"";"";"";"";"";"";"";"09/17/2026 13:48:16";"09/12/2026 02:04:22";"";""
"438";"DSE-AUDIT-001-20260912-040350-CONTROLE-16";"";"";"";"12/09/2026 04:04:22";"AUDIT OBJ-LST";"Catalogue : elements=9; colonnes=29; vues=5; URL=https://blogssite.sharepoint.com/sites/Bibliotheque/Lists/OBJGEOTERRITOIRE";"Reel : elements=9; colonnes=29; vues=5; URL=https://blogssite.sharepoint.com/sites/Bibliotheque/Lists/OBJGEOTERRITOIRE";"";"Non";"Non";"Non";"IDLST=LST-000017; NOMLISTE=OBJ-GEO-TERRITOIRE; STATUT=CONFORME; DETAIL=Catalogue coherent avec SharePoint.";"DSE-AUDIT-001-20260912-040350-CONTROLE-16";"JOURNAL - TYPEEVENEMENT - CONTROLE | JOURNAL - SOURCE - WORKFLOW | JOURNAL - RESULTAT - SUCCES";"";"";"";"";"";"";"";"";"09/17/2026 13:48:18";"09/12/2026 02:04:25";"";""
"439";"DSE-AUDIT-001-20260912-040350-CONTROLE-17";"";"";"";"12/09/2026 04:04:24";"AUDIT OBJ-LST";"Catalogue : elements=34868; colonnes=28; vues=6; URL=https://blogssite.sharepoint.com/sites/Bibliotheque/Lists/OBJGEOVILLE";"Reel : elements=34868; colonnes=28; vues=6; URL=https://blogssite.sharepoint.com/sites/Bibliotheque/Lists/OBJGEOVILLE";"";"Non";"Non";"Non";"IDLST=LST-000018; NOMLISTE=OBJ-GEO-VILLE; STATUT=CONFORME; DETAIL=Catalogue coherent avec SharePoint.";"DSE-AUDIT-001-20260912-040350-CONTROLE-17";"JOURNAL - TYPEEVENEMENT - CONTROLE | JOURNAL - SOURCE - WORKFLOW | JOURNAL - RESULTAT - SUCCES";"";"";"";"";"";"";"";"";"09/17/2026 13:48:19";"09/12/2026 02:04:26";"";""
"440";"DSE-AUDIT-001-20260912-040350-CONTROLE-18";"";"";"";"12/09/2026 04:04:26";"AUDIT OBJ-LST";"Catalogue : elements=35; colonnes=19; vues=5; URL=https://blogssite.sharepoint.com/sites/Bibliotheque/Lists/OBJGEOZONE";"Reel : elements=35; colonnes=19; vues=5; URL=https://blogssite.sharepoint.com/sites/Bibliotheque/Lists/OBJGEOZONE";"";"Non";"Non";"Non";"IDLST=LST-000019; NOMLISTE=OBJ-GEO-ZONE; STATUT=CONFORME; DETAIL=Catalogue coherent avec SharePoint.";"DSE-AUDIT-001-20260912-040350-CONTROLE-18";"JOURNAL - TYPEEVENEMENT - CONTROLE | JOURNAL - SOURCE - WORKFLOW | JOURNAL - RESULTAT - SUCCES";"";"";"";"";"";"";"";"";"09/17/2026 13:48:21";"09/12/2026 02:04:28";"";""
"441";"DSE-AUDIT-001-20260912-040350-CONTROLE-19";"";"";"";"12/09/2026 04:04:28";"AUDIT OBJ-LST";"Catalogue : elements=253; colonnes=16; vues=1; URL=https://blogssite.sharepoint.com/sites/Bibliotheque/Lists/OBJJRN";"Reel : elements=421; colonnes=16; vues=1; URL=https://blogssite.sharepoint.com/sites/Bibliotheque/Lists/OBJJRN";"";"Oui";"Non";"Non";"IDLST=LST-000020; NOMLISTE=OBJ-JRN; STATUT=ECART; DETAIL=Ecarts : ELEMENTS";"DSE-AUDIT-001-20260912-040350-CONTROLE-19";"JOURNAL - TYPEEVENEMENT - CONTROLE | JOURNAL - SOURCE - WORKFLOW | JOURNAL - RESULTAT - AVERTISSEMENT";"";"";"";"";"";"";"";"";"09/17/2026 13:48:22";"09/12/2026 02:04:29";"";""
"442";"DSE-AUDIT-001-20260912-040350-CONTROLE-20";"";"";"";"12/09/2026 04:04:30";"AUDIT OBJ-LST";"Catalogue : elements=74; colonnes=25; vues=1; URL=https://blogssite.sharepoint.com/sites/Bibliotheque/Lists/OBJJRNGEO";"Reel : elements=74; colonnes=25; vues=1; URL=https://blogssite.sharepoint.com/sites/Bibliotheque/Lists/OBJJRNGEO";"";"Non";"Non";"Non";"IDLST=LST-000021; NOMLISTE=OBJ-JRN-GEO; STATUT=CONFORME; DETAIL=Catalogue coherent avec SharePoint.";"DSE-AUDIT-001-20260912-040350-CONTROLE-20";"JOURNAL - TYPEEVENEMENT - CONTROLE | JOURNAL - SOURCE - WORKFLOW | JOURNAL - RESULTAT - SUCCES";"";"";"";"";"";"";"";"";"09/17/2026 13:48:24";"09/12/2026 02:04:31";"";""
"443";"DSE-AUDIT-001-20260912-040350-CONTROLE-21";"";"";"";"12/09/2026 04:04:32";"AUDIT OBJ-LST";"Catalogue : elements=0; colonnes=0; vues=1; URL=https://blogssite.sharepoint.com/sites/Bibliotheque/Lists/OBJMODULE";"Reel : elements=0; colonnes=0; vues=1; URL=https://blogssite.sharepoint.com/sites/Bibliotheque/Lists/OBJMODULE";"";"Non";"Non";"Non";"IDLST=LST-000022; NOMLISTE=OBJ-MODULE; STATUT=CONFORME; DETAIL=Catalogue coherent avec SharePoint.";"DSE-AUDIT-001-20260912-040350-CONTROLE-21";"JOURNAL - TYPEEVENEMENT - CONTROLE | JOURNAL - SOURCE - WORKFLOW | JOURNAL - RESULTAT - SUCCES";"";"";"";"";"";"";"";"";"09/17/2026 13:48:25";"09/12/2026 02:04:33";"";""
"444";"DSE-AUDIT-001-20260912-040350-CONTROLE-22";"";"";"";"12/09/2026 04:04:34";"AUDIT OBJ-LST";"Catalogue : elements=4; colonnes=23; vues=10; URL=https://blogssite.sharepoint.com/sites/Bibliotheque/Lists/OBJORG";"Reel : elements=4; colonnes=23; vues=10; URL=https://blogssite.sharepoint.com/sites/Bibliotheque/Lists/OBJORG";"";"Non";"Non";"Non";"IDLST=LST-000023; NOMLISTE=OBJ-ORG; STATUT=CONFORME; DETAIL=Catalogue coherent avec SharePoint.";"DSE-AUDIT-001-20260912-040350-CONTROLE-22";"JOURNAL - TYPEEVENEMENT - CONTROLE | JOURNAL - SOURCE - WORKFLOW | JOURNAL - RESULTAT - SUCCES";"";"";"";"";"";"";"";"";"09/17/2026 13:48:27";"09/12/2026 02:04:35";"";""
"445";"DSE-AUDIT-001-20260912-040350-CONTROLE-23";"";"";"";"12/09/2026 04:04:35";"AUDIT OBJ-LST";"Catalogue : elements=4; colonnes=16; vues=4; URL=https://blogssite.sharepoint.com/sites/Bibliotheque/Lists/OBJORGCOMPTE";"Reel : elements=4; colonnes=16; vues=4; URL=https://blogssite.sharepoint.com/sites/Bibliotheque/Lists/OBJORGCOMPTE";"";"Non";"Non";"Non";"IDLST=LST-000024; NOMLISTE=OBJ-ORG-COMPTE; STATUT=CONFORME; DETAIL=Catalogue coherent avec SharePoint.";"DSE-AUDIT-001-20260912-040350-CONTROLE-23";"JOURNAL - TYPEEVENEMENT - CONTROLE | JOURNAL - SOURCE - WORKFLOW | JOURNAL - RESULTAT - SUCCES";"";"";"";"";"";"";"";"";"09/17/2026 13:48:28";"09/12/2026 02:04:37";"";""
"446";"DSE-AUDIT-001-20260912-040350-CONTROLE-24";"";"";"";"12/09/2026 04:04:37";"AUDIT OBJ-LST";"Catalogue : elements=2; colonnes=20; vues=4; URL=https://blogssite.sharepoint.com/sites/Bibliotheque/Lists/OBJORGCONTACT";"Reel : elements=2; colonnes=20; vues=4; URL=https://blogssite.sharepoint.com/sites/Bibliotheque/Lists/OBJORGCONTACT";"";"Non";"Non";"Non";"IDLST=LST-000025; NOMLISTE=OBJ-ORG-CONTACT; STATUT=CONFORME; DETAIL=Catalogue coherent avec SharePoint.";"DSE-AUDIT-001-20260912-040350-CONTROLE-24";"JOURNAL - TYPEEVENEMENT - CONTROLE | JOURNAL - SOURCE - WORKFLOW | JOURNAL - RESULTAT - SUCCES";"";"";"";"";"";"";"";"";"09/17/2026 13:48:30";"09/12/2026 02:04:39";"";""
"447";"DSE-AUDIT-001-20260912-040350-CONTROLE-25";"";"";"";"12/09/2026 04:04:39";"AUDIT OBJ-LST";"Catalogue : elements=0; colonnes=0; vues=1; URL=https://blogssite.sharepoint.com/sites/Bibliotheque/Lists/OBJPWS";"Reel : elements=0; colonnes=0; vues=1; URL=https://blogssite.sharepoint.com/sites/Bibliotheque/Lists/OBJPWS";"";"Non";"Non";"Non";"IDLST=LST-000026; NOMLISTE=OBJ-PWS; STATUT=CONFORME; DETAIL=Catalogue coherent avec SharePoint.";"DSE-AUDIT-001-20260912-040350-CONTROLE-25";"JOURNAL - TYPEEVENEMENT - CONTROLE | JOURNAL - SOURCE - WORKFLOW | JOURNAL - RESULTAT - SUCCES";"";"";"";"";"";"";"";"";"09/17/2026 13:48:31";"09/12/2026 02:04:41";"";""
"448";"DSE-AUDIT-001-20260912-040350-CONTROLE-26";"";"";"";"12/09/2026 04:04:41";"AUDIT OBJ-LST";"Catalogue : elements=22; colonnes=5; vues=4; URL=https://blogssite.sharepoint.com/sites/Bibliotheque/Lists/OBJREF00";"Reel : elements=22; colonnes=5; vues=4; URL=https://blogssite.sharepoint.com/sites/Bibliotheque/Lists/OBJREF00";"";"Non";"Non";"Non";"IDLST=LST-000027; NOMLISTE=OBJ-REF-00; STATUT=CONFORME; DETAIL=Catalogue coherent avec SharePoint.";"DSE-AUDIT-001-20260912-040350-CONTROLE-26";"JOURNAL - TYPEEVENEMENT - CONTROLE | JOURNAL - SOURCE - WORKFLOW | JOURNAL - RESULTAT - SUCCES";"";"";"";"";"";"";"";"";"09/17/2026 13:48:33";"09/12/2026 02:04:42";"";""
"449";"DSE-AUDIT-001-20260912-040350-CONTROLE-27";"";"";"";"12/09/2026 04:04:43";"AUDIT OBJ-LST";"Catalogue : elements=49; colonnes=10; vues=1; URL=https://blogssite.sharepoint.com/sites/Bibliotheque/Lists/OBJREF10";"Reel : elements=49; colonnes=10; vues=1; URL=https://blogssite.sharepoint.com/sites/Bibliotheque/Lists/OBJREF10";"";"Non";"Non";"Non";"IDLST=LST-000028; NOMLISTE=OBJ-REF-10; STATUT=CONFORME; DETAIL=Catalogue coherent avec SharePoint.";"DSE-AUDIT-001-20260912-040350-CONTROLE-27";"JOURNAL - TYPEEVENEMENT - CONTROLE | JOURNAL - SOURCE - WORKFLOW | JOURNAL - RESULTAT - SUCCES";"";"";"";"";"";"";"";"";"09/17/2026 13:48:34";"09/12/2026 02:04:44";"";""
"450";"DSE-AUDIT-001-20260912-040350-CONTROLE-28";"";"";"";"12/09/2026 04:04:44";"AUDIT OBJ-LST";"Catalogue : elements=17; colonnes=14; vues=1; URL=https://blogssite.sharepoint.com/sites/Bibliotheque/Lists/OBJREF20";"Reel : elements=17; colonnes=14; vues=1; URL=https://blogssite.sharepoint.com/sites/Bibliotheque/Lists/OBJREF20";"";"Non";"Non";"Non";"IDLST=LST-000029; NOMLISTE=OBJ-REF-20; STATUT=CONFORME; DETAIL=Catalogue coherent avec SharePoint.";"DSE-AUDIT-001-20260912-040350-CONTROLE-28";"JOURNAL - TYPEEVENEMENT - CONTROLE | JOURNAL - SOURCE - WORKFLOW | JOURNAL - RESULTAT - SUCCES";"";"";"";"";"";"";"";"";"09/17/2026 13:48:36";"09/12/2026 02:04:46";"";""
"451";"DSE-AUDIT-001-20260912-040350-CONTROLE-29";"";"";"";"12/09/2026 04:04:46";"AUDIT OBJ-LST";"Catalogue : elements=20; colonnes=14; vues=1; URL=https://blogssite.sharepoint.com/sites/Bibliotheque/Lists/OBJREF30";"Reel : elements=20; colonnes=14; vues=1; URL=https://blogssite.sharepoint.com/sites/Bibliotheque/Lists/OBJREF30";"";"Non";"Non";"Non";"IDLST=LST-000030; NOMLISTE=OBJ-REF-30; STATUT=CONFORME; DETAIL=Catalogue coherent avec SharePoint.";"DSE-AUDIT-001-20260912-040350-CONTROLE-29";"JOURNAL - TYPEEVENEMENT - CONTROLE | JOURNAL - SOURCE - WORKFLOW | JOURNAL - RESULTAT - SUCCES";"";"";"";"";"";"";"";"";"09/17/2026 13:48:37";"09/12/2026 02:04:48";"";""
"452";"DSE-AUDIT-001-20260912-040350-CONTROLE-30";"";"";"";"12/09/2026 04:04:48";"AUDIT OBJ-LST";"Catalogue : elements=18; colonnes=14; vues=1; URL=https://blogssite.sharepoint.com/sites/Bibliotheque/Lists/OBJREF40";"Reel : elements=18; colonnes=14; vues=1; URL=https://blogssite.sharepoint.com/sites/Bibliotheque/Lists/OBJREF40";"";"Non";"Non";"Non";"IDLST=LST-000031; NOMLISTE=OBJ-REF-40; STATUT=CONFORME; DETAIL=Catalogue coherent avec SharePoint.";"DSE-AUDIT-001-20260912-040350-CONTROLE-30";"JOURNAL - TYPEEVENEMENT - CONTROLE | JOURNAL - SOURCE - WORKFLOW | JOURNAL - RESULTAT - SUCCES";"";"";"";"";"";"";"";"";"09/17/2026 13:48:39";"09/12/2026 02:04:50";"";""
"453";"DSE-AUDIT-001-20260912-040350-CONTROLE-31";"";"";"";"12/09/2026 04:04:50";"AUDIT OBJ-LST";"Catalogue : elements=11; colonnes=14; vues=1; URL=https://blogssite.sharepoint.com/sites/Bibliotheque/Lists/OBJREF50";"Reel : elements=11; colonnes=14; vues=1; URL=https://blogssite.sharepoint.com/sites/Bibliotheque/Lists/OBJREF50";"";"Non";"Non";"Non";"IDLST=LST-000032; NOMLISTE=OBJ-REF-50; STATUT=CONFORME; DETAIL=Catalogue coherent avec SharePoint.";"DSE-AUDIT-001-20260912-040350-CONTROLE-31";"JOURNAL - TYPEEVENEMENT - CONTROLE | JOURNAL - SOURCE - WORKFLOW | JOURNAL - RESULTAT - SUCCES";"";"";"";"";"";"";"";"";"09/17/2026 13:48:40";"09/12/2026 02:04:51";"";""
"454";"DSE-AUDIT-001-20260912-040350-CONTROLE-32";"";"";"";"12/09/2026 04:04:51";"AUDIT OBJ-LST";"Catalogue : elements=16; colonnes=14; vues=1; URL=https://blogssite.sharepoint.com/sites/Bibliotheque/Lists/OBJREF60";"Reel : elements=16; colonnes=14; vues=1; URL=https://blogssite.sharepoint.com/sites/Bibliotheque/Lists/OBJREF60";"";"Non";"Non";"Non";"IDLST=LST-000033; NOMLISTE=OBJ-REF-60; STATUT=CONFORME; DETAIL=Catalogue coherent avec SharePoint.";"DSE-AUDIT-001-20260912-040350-CONTROLE-32";"JOURNAL - TYPEEVENEMENT - CONTROLE | JOURNAL - SOURCE - WORKFLOW | JOURNAL - RESULTAT - SUCCES";"";"";"";"";"";"";"";"";"09/17/2026 13:48:43";"09/12/2026 02:04:53";"";""
"455";"DSE-AUDIT-001-20260912-040350-CONTROLE-33";"";"";"";"12/09/2026 04:04:53";"AUDIT OBJ-LST";"Catalogue : elements=19; colonnes=14; vues=1; URL=https://blogssite.sharepoint.com/sites/Bibliotheque/Lists/OBJREF70";"Reel : elements=19; colonnes=14; vues=1; URL=https://blogssite.sharepoint.com/sites/Bibliotheque/Lists/OBJREF70";"";"Non";"Non";"Non";"IDLST=LST-000034; NOMLISTE=OBJ-REF-70; STATUT=CONFORME; DETAIL=Catalogue coherent avec SharePoint.";"DSE-AUDIT-001-20260912-040350-CONTROLE-33";"JOURNAL - TYPEEVENEMENT - CONTROLE | JOURNAL - SOURCE - WORKFLOW | JOURNAL - RESULTAT - SUCCES";"";"";"";"";"";"";"";"";"09/17/2026 13:48:43";"09/12/2026 02:04:55";"";""
"456";"DSE-AUDIT-001-20260912-040350-CONTROLE-34";"";"";"";"12/09/2026 04:04:55";"AUDIT OBJ-LST";"Catalogue : elements=15; colonnes=14; vues=1; URL=https://blogssite.sharepoint.com/sites/Bibliotheque/Lists/OBJREF80";"Reel : elements=15; colonnes=14; vues=1; URL=https://blogssite.sharepoint.com/sites/Bibliotheque/Lists/OBJREF80";"";"Non";"Non";"Non";"IDLST=LST-000035; NOMLISTE=OBJ-REF-80; STATUT=CONFORME; DETAIL=Catalogue coherent avec SharePoint.";"DSE-AUDIT-001-20260912-040350-CONTROLE-34";"JOURNAL - TYPEEVENEMENT - CONTROLE | JOURNAL - SOURCE - WORKFLOW | JOURNAL - RESULTAT - SUCCES";"";"";"";"";"";"";"";"";"09/17/2026 13:48:45";"09/12/2026 02:04:57";"";""
"457";"DSE-AUDIT-001-20260912-040350-CONTROLE-35";"";"";"";"12/09/2026 04:04:57";"AUDIT OBJ-LST";"Catalogue : elements=18; colonnes=14; vues=1; URL=https://blogssite.sharepoint.com/sites/Bibliotheque/Lists/OBJREF90";"Reel : elements=18; colonnes=14; vues=1; URL=https://blogssite.sharepoint.com/sites/Bibliotheque/Lists/OBJREF90";"";"Non";"Non";"Non";"IDLST=LST-000036; NOMLISTE=OBJ-REF-90; STATUT=CONFORME; DETAIL=Catalogue coherent avec SharePoint.";"DSE-AUDIT-001-20260912-040350-CONTROLE-35";"JOURNAL - TYPEEVENEMENT - CONTROLE | JOURNAL - SOURCE - WORKFLOW | JOURNAL - RESULTAT - SUCCES";"";"";"";"";"";"";"";"";"09/17/2026 13:48:46";"09/12/2026 02:04:59";"";""
"458";"DSE-AUDIT-001-20260912-040350-CONTROLE-36";"";"";"";"12/09/2026 04:04:59";"AUDIT OBJ-LST";"Catalogue : elements=8; colonnes=3; vues=1; URL=https://blogssite.sharepoint.com/sites/Bibliotheque/Lists/OBJREF95";"Reel : elements=8; colonnes=3; vues=1; URL=https://blogssite.sharepoint.com/sites/Bibliotheque/Lists/OBJREF95";"";"Non";"Non";"Non";"IDLST=LST-000037; NOMLISTE=OBJ-REF-95; STATUT=CONFORME; DETAIL=Catalogue coherent avec SharePoint.";"DSE-AUDIT-001-20260912-040350-CONTROLE-36";"JOURNAL - TYPEEVENEMENT - CONTROLE | JOURNAL - SOURCE - WORKFLOW | JOURNAL - RESULTAT - SUCCES";"";"";"";"";"";"";"";"";"09/17/2026 13:48:48";"09/12/2026 02:05:00";"";""
"459";"DSE-AUDIT-001-20260912-040350-CONTROLE-37";"";"";"";"12/09/2026 04:05:01";"AUDIT OBJ-LST";"Catalogue : elements=14; colonnes=4; vues=1; URL=https://blogssite.sharepoint.com/sites/Bibliotheque/Lists/OBJREFDOMAINE";"Reel : elements=14; colonnes=4; vues=1; URL=https://blogssite.sharepoint.com/sites/Bibliotheque/Lists/OBJREFDOMAINE";"";"Non";"Non";"Non";"IDLST=LST-000038; NOMLISTE=OBJ-REF-DOMAINE; STATUT=CONFORME; DETAIL=Catalogue coherent avec SharePoint.";"DSE-AUDIT-001-20260912-040350-CONTROLE-37";"JOURNAL - TYPEEVENEMENT - CONTROLE | JOURNAL - SOURCE - WORKFLOW | JOURNAL - RESULTAT - SUCCES";"";"";"";"";"";"";"";"";"09/17/2026 13:48:49";"09/12/2026 02:05:02";"";""
"460";"DSE-AUDIT-001-20260912-040350-CONTROLE-38";"";"";"";"12/09/2026 04:05:02";"AUDIT OBJ-LST";"Catalogue : elements=7; colonnes=4; vues=1; URL=https://blogssite.sharepoint.com/sites/Bibliotheque/Lists/OBJREFLSTSTATUT";"Reel : elements=7; colonnes=4; vues=1; URL=https://blogssite.sharepoint.com/sites/Bibliotheque/Lists/OBJREFLSTSTATUT";"";"Non";"Non";"Non";"IDLST=LST-000039; NOMLISTE=OBJ-REF-LST-STATUT; STATUT=CONFORME; DETAIL=Catalogue coherent avec SharePoint.";"DSE-AUDIT-001-20260912-040350-CONTROLE-38";"JOURNAL - TYPEEVENEMENT - CONTROLE | JOURNAL - SOURCE - WORKFLOW | JOURNAL - RESULTAT - SUCCES";"";"";"";"";"";"";"";"";"09/17/2026 13:48:51";"09/12/2026 02:05:05";"";""
"461";"DSE-AUDIT-001-20260912-040350-CONTROLE-39";"";"";"";"12/09/2026 04:05:04";"AUDIT OBJ-LST";"Catalogue : elements=11; colonnes=4; vues=1; URL=https://blogssite.sharepoint.com/sites/Bibliotheque/Lists/OBJREFLSTTYPE";"Reel : elements=11; colonnes=4; vues=1; URL=https://blogssite.sharepoint.com/sites/Bibliotheque/Lists/OBJREFLSTTYPE";"";"Non";"Non";"Non";"IDLST=LST-000040; NOMLISTE=OBJ-REF-LST-TYPE; STATUT=CONFORME; DETAIL=Catalogue coherent avec SharePoint.";"DSE-AUDIT-001-20260912-040350-CONTROLE-39";"JOURNAL - TYPEEVENEMENT - CONTROLE | JOURNAL - SOURCE - WORKFLOW | JOURNAL - RESULTAT - SUCCES";"";"";"";"";"";"";"";"";"09/17/2026 13:48:52";"09/12/2026 02:05:06";"";""
"462";"DSE-AUDIT-001-20260912-040350-CONTROLE-40";"";"";"";"12/09/2026 04:05:06";"AUDIT OBJ-LST";"Catalogue : elements=11; colonnes=4; vues=2; URL=https://blogssite.sharepoint.com/sites/Bibliotheque/Lists/OBJREFORGCOMPTETYPE";"Reel : elements=11; colonnes=4; vues=2; URL=https://blogssite.sharepoint.com/sites/Bibliotheque/Lists/OBJREFORGCOMPTETYPE";"";"Non";"Non";"Non";"IDLST=LST-000041; NOMLISTE=OBJ-REF-ORG-COMPTE-TYPE; STATUT=CONFORME; DETAIL=Catalogue coherent avec SharePoint.";"DSE-AUDIT-001-20260912-040350-CONTROLE-40";"JOURNAL - TYPEEVENEMENT - CONTROLE | JOURNAL - SOURCE - WORKFLOW | JOURNAL - RESULTAT - SUCCES";"";"";"";"";"";"";"";"";"09/17/2026 13:48:55";"09/12/2026 02:05:08";"";""
"463";"DSE-AUDIT-001-20260912-040350-CONTROLE-41";"";"";"";"12/09/2026 04:05:08";"AUDIT OBJ-LST";"Catalogue : elements=8; colonnes=4; vues=2; URL=https://blogssite.sharepoint.com/sites/Bibliotheque/Lists/OBJREFORGCONTACTTYPE";"Reel : elements=8; colonnes=4; vues=2; URL=https://blogssite.sharepoint.com/sites/Bibliotheque/Lists/OBJREFORGCONTACTTYPE";"";"Non";"Non";"Non";"IDLST=LST-000042; NOMLISTE=OBJ-REF-ORG-CONTACT-TYPE; STATUT=CONFORME; DETAIL=Catalogue coherent avec SharePoint.";"DSE-AUDIT-001-20260912-040350-CONTROLE-41";"JOURNAL - TYPEEVENEMENT - CONTROLE | JOURNAL - SOURCE - WORKFLOW | JOURNAL - RESULTAT - SUCCES";"";"";"";"";"";"";"";"";"09/17/2026 13:48:55";"09/12/2026 02:05:09";"";""
"464";"DSE-AUDIT-001-20260912-040350-CONTROLE-42";"";"";"";"12/09/2026 04:05:09";"AUDIT OBJ-LST";"Catalogue : elements=9; colonnes=4; vues=2; URL=https://blogssite.sharepoint.com/sites/Bibliotheque/Lists/OBJREFORGSECTEUR";"Reel : elements=9; colonnes=4; vues=2; URL=https://blogssite.sharepoint.com/sites/Bibliotheque/Lists/OBJREFORGSECTEUR";"";"Non";"Non";"Non";"IDLST=LST-000043; NOMLISTE=OBJ-REF-ORG-SECTEUR; STATUT=CONFORME; DETAIL=Catalogue coherent avec SharePoint.";"DSE-AUDIT-001-20260912-040350-CONTROLE-42";"JOURNAL - TYPEEVENEMENT - CONTROLE | JOURNAL - SOURCE - WORKFLOW | JOURNAL - RESULTAT - SUCCES";"";"";"";"";"";"";"";"";"09/17/2026 13:48:57";"09/12/2026 02:05:11";"";""
"465";"DSE-AUDIT-001-20260912-040350-CONTROLE-43";"";"";"";"12/09/2026 04:05:11";"AUDIT OBJ-LST";"Catalogue : elements=6; colonnes=4; vues=2; URL=https://blogssite.sharepoint.com/sites/Bibliotheque/Lists/OBJREFORGSTATUT";"Reel : elements=6; colonnes=4; vues=2; URL=https://blogssite.sharepoint.com/sites/Bibliotheque/Lists/OBJREFORGSTATUT";"";"Non";"Non";"Non";"IDLST=LST-000044; NOMLISTE=OBJ-REF-ORG-STATUT; STATUT=CONFORME; DETAIL=Catalogue coherent avec SharePoint.";"DSE-AUDIT-001-20260912-040350-CONTROLE-43";"JOURNAL - TYPEEVENEMENT - CONTROLE | JOURNAL - SOURCE - WORKFLOW | JOURNAL - RESULTAT - SUCCES";"";"";"";"";"";"";"";"";"09/17/2026 13:48:58";"09/12/2026 02:05:13";"";""
"466";"DSE-AUDIT-001-20260912-040350-CONTROLE-44";"";"";"";"12/09/2026 04:05:13";"AUDIT OBJ-LST";"Catalogue : elements=12; colonnes=4; vues=2; URL=https://blogssite.sharepoint.com/sites/Bibliotheque/Lists/OBJREFORGTYPE";"Reel : elements=12; colonnes=4; vues=2; URL=https://blogssite.sharepoint.com/sites/Bibliotheque/Lists/OBJREFORGTYPE";"";"Non";"Non";"Non";"IDLST=LST-000045; NOMLISTE=OBJ-REF-ORG-TYPE; STATUT=CONFORME; DETAIL=Catalogue coherent avec SharePoint.";"DSE-AUDIT-001-20260912-040350-CONTROLE-44";"JOURNAL - TYPEEVENEMENT - CONTROLE | JOURNAL - SOURCE - WORKFLOW | JOURNAL - RESULTAT - SUCCES";"";"";"";"";"";"";"";"";"09/17/2026 13:49:01";"09/12/2026 02:05:15";"";""
"467";"DSE-AUDIT-001-20260912-040350-CONTROLE-45";"";"";"";"12/09/2026 04:05:15";"AUDIT OBJ-LST";"Catalogue : elements=32; colonnes=10; vues=2; URL=https://blogssite.sharepoint.com/sites/Bibliotheque/Lists/OBJREL";"Reel : elements=32; colonnes=10; vues=2; URL=https://blogssite.sharepoint.com/sites/Bibliotheque/Lists/OBJREL";"";"Non";"Non";"Non";"IDLST=LST-000046; NOMLISTE=OBJ-REL; STATUT=CONFORME; DETAIL=Catalogue coherent avec SharePoint.";"DSE-AUDIT-001-20260912-040350-CONTROLE-45";"JOURNAL - TYPEEVENEMENT - CONTROLE | JOURNAL - SOURCE - WORKFLOW | JOURNAL - RESULTAT - SUCCES";"";"";"";"";"";"";"";"";"09/17/2026 13:49:01";"09/12/2026 02:05:17";"";""
"468";"DSE-AUDIT-001-20260912-040350-CONTROLE-46";"";"";"";"12/09/2026 04:05:17";"AUDIT OBJ-LST";"Catalogue : elements=0; colonnes=0; vues=1; URL=https://blogssite.sharepoint.com/sites/Bibliotheque/Lists/OBJSITE";"Reel : elements=0; colonnes=0; vues=1; URL=https://blogssite.sharepoint.com/sites/Bibliotheque/Lists/OBJSITE";"";"Non";"Non";"Non";"IDLST=LST-000047; NOMLISTE=OBJ-SITE; STATUT=CONFORME; DETAIL=Catalogue coherent avec SharePoint.";"DSE-AUDIT-001-20260912-040350-CONTROLE-46";"JOURNAL - TYPEEVENEMENT - CONTROLE | JOURNAL - SOURCE - WORKFLOW | JOURNAL - RESULTAT - SUCCES";"";"";"";"";"";"";"";"";"09/17/2026 13:49:03";"09/12/2026 02:05:18";"";""
"469";"DSE-AUDIT-001-20260912-040350-CONTROLE-47";"";"";"";"12/09/2026 04:05:18";"AUDIT OBJ-LST";"Catalogue : elements=0; colonnes=0; vues=1; URL=https://blogssite.sharepoint.com/sites/Bibliotheque/Lists/OBJSTATUT";"Reel : elements=0; colonnes=0; vues=1; URL=https://blogssite.sharepoint.com/sites/Bibliotheque/Lists/OBJSTATUT";"";"Non";"Non";"Non";"IDLST=LST-000048; NOMLISTE=OBJ-STATUT; STATUT=CONFORME; DETAIL=Catalogue coherent avec SharePoint.";"DSE-AUDIT-001-20260912-040350-CONTROLE-47";"JOURNAL - TYPEEVENEMENT - CONTROLE | JOURNAL - SOURCE - WORKFLOW | JOURNAL - RESULTAT - SUCCES";"";"";"";"";"";"";"";"";"09/17/2026 13:49:04";"09/12/2026 02:05:20";"";""
"470";"DSE-AUDIT-001-20260912-040350-CONTROLE-48";"";"";"";"12/09/2026 04:05:20";"AUDIT OBJ-LST";"Catalogue : elements=14; colonnes=18; vues=5; URL=https://blogssite.sharepoint.com/sites/Bibliotheque/SitePages";"Reel : elements=14; colonnes=18; vues=5; URL=https://blogssite.sharepoint.com/sites/Bibliotheque/SitePages";"";"Non";"Non";"Non";"IDLST=LST-000049; NOMLISTE=Pages; STATUT=CONFORME; DETAIL=Catalogue coherent avec SharePoint.";"DSE-AUDIT-001-20260912-040350-CONTROLE-48";"JOURNAL - TYPEEVENEMENT - CONTROLE | JOURNAL - SOURCE - WORKFLOW | JOURNAL - RESULTAT - SUCCES";"";"";"";"";"";"";"";"";"09/17/2026 13:49:06";"09/12/2026 02:05:22";"";""
"471";"DSE-AUDIT-001-20260912-040350-CONTROLE-49";"";"";"";"12/09/2026 04:05:22";"AUDIT OBJ-LST";"Catalogue : elements=20; colonnes=3; vues=1; URL=https://blogssite.sharepoint.com/sites/Bibliotheque/SiteAssets";"Reel : elements=20; colonnes=3; vues=1; URL=https://blogssite.sharepoint.com/sites/Bibliotheque/SiteAssets";"";"Non";"Non";"Non";"IDLST=LST-000050; NOMLISTE=Pièces jointes; STATUT=CONFORME; DETAIL=Catalogue coherent avec SharePoint.";"DSE-AUDIT-001-20260912-040350-CONTROLE-49";"JOURNAL - TYPEEVENEMENT - CONTROLE | JOURNAL - SOURCE - WORKFLOW | JOURNAL - RESULTAT - SUCCES";"";"";"";"";"";"";"";"";"09/17/2026 13:49:08";"09/12/2026 02:05:25";"";""
"472";"DSE-AUDIT-001-20260912-040350-CONTROLE-50";"";"";"";"12/09/2026 04:05:24";"AUDIT OBJ-LST";"Catalogue : elements=0; colonnes=2; vues=1; URL=https://blogssite.sharepoint.com/sites/Bibliotheque/Style Library";"Reel : elements=0; colonnes=2; vues=1; URL=https://blogssite.sharepoint.com/sites/Bibliotheque/Style Library";"";"Non";"Non";"Non";"IDLST=LST-000051; NOMLISTE=ZZ-ARCHIVE-DSE-AUTRE - Bibliothèque de styles; STATUT=CONFORME; DETAIL=Catalogue coherent avec SharePoint.";"DSE-AUDIT-001-20260912-040350-CONTROLE-50";"JOURNAL - TYPEEVENEMENT - CONTROLE | JOURNAL - SOURCE - WORKFLOW | JOURNAL - RESULTAT - SUCCES";"";"";"";"";"";"";"";"";"09/17/2026 13:49:09";"09/12/2026 02:05:26";"";""
"473";"DSE-AUDIT-001-20260912-040350-CONTROLE-51";"";"";"";"12/09/2026 04:05:26";"AUDIT OBJ-LST";"Catalogue : elements=0; colonnes=10; vues=2; URL=https://blogssite.sharepoint.com/sites/Bibliotheque/FormServerTemplates";"Reel : elements=0; colonnes=10; vues=2; URL=https://blogssite.sharepoint.com/sites/Bibliotheque/FormServerTemplates";"";"Non";"Non";"Non";"IDLST=LST-000052; NOMLISTE=ZZ-ARCHIVE-DSE-AUTRE - Modèles de formulaire; STATUT=CONFORME; DETAIL=Catalogue coherent avec SharePoint.";"DSE-AUDIT-001-20260912-040350-CONTROLE-51";"JOURNAL - TYPEEVENEMENT - CONTROLE | JOURNAL - SOURCE - WORKFLOW | JOURNAL - RESULTAT - SUCCES";"";"";"";"";"";"";"";"";"09/17/2026 13:49:11";"09/12/2026 02:05:28";"";""
"474";"DSE-AUDIT-001-20260912-040350-CONTROLE-53";"";"";"";"12/09/2026 04:05:28";"AUDIT OBJ-LST";"Catalogue : elements=4; colonnes=2; vues=1; URL=https://blogssite.sharepoint.com/sites/Bibliotheque/AgentAssets";"Reel : elements=4; colonnes=2; vues=1; URL=https://blogssite.sharepoint.com/sites/Bibliotheque/AgentAssets";"";"Non";"Non";"Non";"IDLST=LST-000053; NOMLISTE=ZZ-ARCHIVE-DSE-Ressources d’assistant; STATUT=CONFORME; DETAIL=Catalogue coherent avec SharePoint.";"DSE-AUDIT-001-20260912-040350-CONTROLE-53";"JOURNAL - TYPEEVENEMENT - CONTROLE | JOURNAL - SOURCE - WORKFLOW | JOURNAL - RESULTAT - SUCCES";"";"";"";"";"";"";"";"";"09/17/2026 13:49:12";"09/12/2026 02:05:29";"";""
"475";"DSE-AUDIT-001-20260912-040350-FIN";"";"";"";"12/09/2026 04:05:30";"FIN";"";"";"";"Oui";"Non";"Non";"Controles=52; Conformes=51; Ecarts=1; Erreurs=0; CSV=https://blogssite.sharepoint.com/sites/Bibliotheque/DSEAUDITS/RAPPORTS/DSE-AUDIT-001-20260912-040350.csv; Aucune correction automatique.";"DSE-AUDIT-001-20260912-040350-FIN";"JOURNAL - TYPEEVENEMENT - CONTROLE | JOURNAL - SOURCE - WORKFLOW | JOURNAL - RESULTAT - AVERTISSEMENT";"";"";"";"";"";"";"";"";"09/17/2026 13:49:14";"09/12/2026 02:05:32";"";""
"476";"DSE-AUDIT-001-20260912-040912-DEBUT";"";"";"";"12/09/2026 04:09:15";"DEBUT";"";"";"";"Non";"Non";"Non";"Demarrage du MVP d'audit DSE. Aucune correction automatique.";"DSE-AUDIT-001-20260912-040912-DEBUT";"JOURNAL - TYPEEVENEMENT - CONTROLE | JOURNAL - SOURCE - WORKFLOW | JOURNAL - RESULTAT - SUCCES";"";"";"";"";"";"";"";"";"09/17/2026 13:49:15";"09/12/2026 02:09:17";"";""
"477";"DSE-AUDIT-001-20260912-040912-CONTROLE-1";"";"";"";"12/09/2026 04:09:18";"AUDIT OBJ-LST";"Catalogue : elements=458; colonnes=50; vues=5; URL=https://blogssite.sharepoint.com/sites/Bibliotheque/Documents partages";"Reel : elements=458; colonnes=50; vues=5; URL=https://blogssite.sharepoint.com/sites/Bibliotheque/Documents partages";"";"Non";"Non";"Non";"IDLST=LST-000001; NOMLISTE=DOC - Documents; STATUT=CONFORME; DETAIL=Catalogue coherent avec SharePoint.";"DSE-AUDIT-001-20260912-040912-CONTROLE-1";"JOURNAL - TYPEEVENEMENT - CONTROLE | JOURNAL - SOURCE - WORKFLOW | JOURNAL - RESULTAT - SUCCES";"";"";"";"";"";"";"";"";"09/17/2026 13:49:16";"09/12/2026 02:09:20";"";""
"478";"DSE-AUDIT-001-20260912-040912-CONTROLE-2";"";"";"";"12/09/2026 04:09:20";"AUDIT OBJ-LST";"Catalogue : elements=1259; colonnes=2; vues=1; URL=https://blogssite.sharepoint.com/sites/Bibliotheque/DSE  Coffre ZIP";"Reel : elements=1259; colonnes=2; vues=1; URL=https://blogssite.sharepoint.com/sites/Bibliotheque/DSE  Coffre ZIP";"";"Non";"Non";"Non";"IDLST=LST-000002; NOMLISTE=DSE - Coffre Ford; STATUT=CONFORME; DETAIL=Catalogue coherent avec SharePoint.";"DSE-AUDIT-001-20260912-040912-CONTROLE-2";"JOURNAL - TYPEEVENEMENT - CONTROLE | JOURNAL - SOURCE - WORKFLOW | JOURNAL - RESULTAT - SUCCES";"";"";"";"";"";"";"";"";"09/17/2026 13:49:19";"09/12/2026 02:09:23";"";""
"479";"DSE-AUDIT-001-20260912-040912-CONTROLE-3";"";"";"";"12/09/2026 04:09:22";"AUDIT OBJ-LST";"Catalogue : elements=237; colonnes=48; vues=8; URL=https://blogssite.sharepoint.com/sites/Bibliotheque/Lists/OBJ";"Reel : elements=237; colonnes=48; vues=8; URL=https://blogssite.sharepoint.com/sites/Bibliotheque/Lists/OBJ";"";"Non";"Non";"Non";"IDLST=LST-000003; NOMLISTE=OBJ; STATUT=CONFORME; DETAIL=Catalogue coherent avec SharePoint.";"DSE-AUDIT-001-20260912-040912-CONTROLE-3";"JOURNAL - TYPEEVENEMENT - CONTROLE | JOURNAL - SOURCE - WORKFLOW | JOURNAL - RESULTAT - SUCCES";"";"";"";"";"";"";"";"";"09/17/2026 13:49:19";"09/12/2026 02:09:24";"";""
"480";"DSE-AUDIT-001-20260912-040912-CONTROLE-4";"";"";"";"12/09/2026 04:09:24";"AUDIT OBJ-LST";"Catalogue : elements=2; colonnes=14; vues=1; URL=https://blogssite.sharepoint.com/sites/Bibliotheque/Lists/OBJAUDIT";"Reel : elements=2; colonnes=14; vues=1; URL=https://blogssite.sharepoint.com/sites/Bibliotheque/Lists/OBJAUDIT";"";"Non";"Non";"Non";"IDLST=LST-000005; NOMLISTE=OBJ-AUDIT; STATUT=CONFORME; DETAIL=Catalogue coherent avec SharePoint.";"DSE-AUDIT-001-20260912-040912-CONTROLE-4";"JOURNAL - TYPEEVENEMENT - CONTROLE | JOURNAL - SOURCE - WORKFLOW | JOURNAL - RESULTAT - SUCCES";"";"";"";"";"";"";"";"";"09/17/2026 13:49:22";"09/12/2026 02:09:26";"";""
"481";"DSE-AUDIT-001-20260912-040912-CONTROLE-5";"";"";"";"12/09/2026 04:09:26";"AUDIT OBJ-LST";"Catalogue : elements=249; colonnes=26; vues=6; URL=https://blogssite.sharepoint.com/sites/Bibliotheque/Lists/OBJGEOCAPITALE";"Reel : elements=249; colonnes=26; vues=6; URL=https://blogssite.sharepoint.com/sites/Bibliotheque/Lists/OBJGEOCAPITALE";"";"Non";"Non";"Non";"IDLST=LST-000006; NOMLISTE=OBJ-GEO-CAPITALE; STATUT=CONFORME; DETAIL=Catalogue coherent avec SharePoint.";"DSE-AUDIT-001-20260912-040912-CONTROLE-5";"JOURNAL - TYPEEVENEMENT - CONTROLE | JOURNAL - SOURCE - WORKFLOW | JOURNAL - RESULTAT - SUCCES";"";"";"";"";"";"";"";"";"09/17/2026 13:49:22";"09/12/2026 02:09:27";"";""
"482";"DSE-AUDIT-001-20260912-040912-CONTROLE-6";"";"";"";"12/09/2026 04:09:28";"AUDIT OBJ-LST";"Catalogue : elements=7; colonnes=20; vues=6; URL=https://blogssite.sharepoint.com/sites/Bibliotheque/Lists/OBJGEOCONTINENT";"Reel : elements=7; colonnes=20; vues=6; URL=https://blogssite.sharepoint.com/sites/Bibliotheque/Lists/OBJGEOCONTINENT";"";"Non";"Non";"Non";"IDLST=LST-000007; NOMLISTE=OBJ-GEO-CONTINENT; STATUT=CONFORME; DETAIL=Catalogue coherent avec SharePoint.";"DSE-AUDIT-001-20260912-040912-CONTROLE-6";"JOURNAL - TYPEEVENEMENT - CONTROLE | JOURNAL - SOURCE - WORKFLOW | JOURNAL - RESULTAT - SUCCES";"";"";"";"";"";"";"";"";"09/17/2026 13:49:24";"09/12/2026 02:09:29";"";""
"483";"DSE-AUDIT-001-20260912-040912-CONTROLE-7";"";"";"";"12/09/2026 04:09:29";"AUDIT OBJ-LST";"Catalogue : elements=101; colonnes=32; vues=6; URL=https://blogssite.sharepoint.com/sites/Bibliotheque/Lists/OBJGEODEPARTEMENT";"Reel : elements=101; colonnes=32; vues=6; URL=https://blogssite.sharepoint.com/sites/Bibliotheque/Lists/OBJGEODEPARTEMENT";"";"Non";"Non";"Non";"IDLST=LST-000008; NOMLISTE=OBJ-GEO-DEPARTEMENT; STATUT=CONFORME; DETAIL=Catalogue coherent avec SharePoint.";"DSE-AUDIT-001-20260912-040912-CONTROLE-7";"JOURNAL - TYPEEVENEMENT - CONTROLE | JOURNAL - SOURCE - WORKFLOW | JOURNAL - RESULTAT - SUCCES";"";"";"";"";"";"";"";"";"09/17/2026 13:49:25";"09/12/2026 02:09:31";"";""
"484";"DSE-AUDIT-001-20260912-040912-CONTROLE-8";"";"";"";"12/09/2026 04:09:31";"AUDIT OBJ-LST";"Catalogue : elements=154; colonnes=21; vues=6; URL=https://blogssite.sharepoint.com/sites/Bibliotheque/Lists/OBJGEODEVISE";"Reel : elements=154; colonnes=21; vues=6; URL=https://blogssite.sharepoint.com/sites/Bibliotheque/Lists/OBJGEODEVISE";"";"Non";"Non";"Non";"IDLST=LST-000009; NOMLISTE=OBJ-GEO-DEVISE; STATUT=CONFORME; DETAIL=Catalogue coherent avec SharePoint.";"DSE-AUDIT-001-20260912-040912-CONTROLE-8";"JOURNAL - TYPEEVENEMENT - CONTROLE | JOURNAL - SOURCE - WORKFLOW | JOURNAL - RESULTAT - SUCCES";"";"";"";"";"";"";"";"";"09/17/2026 13:49:28";"09/12/2026 02:09:34";"";""
"485";"DSE-AUDIT-001-20260912-040912-CONTROLE-9";"";"";"";"12/09/2026 04:09:33";"AUDIT OBJ-LST";"Catalogue : elements=38; colonnes=22; vues=6; URL=https://blogssite.sharepoint.com/sites/Bibliotheque/Lists/OBJGEOFUSEAUHORAIRE";"Reel : elements=38; colonnes=22; vues=6; URL=https://blogssite.sharepoint.com/sites/Bibliotheque/Lists/OBJGEOFUSEAUHORAIRE";"";"Non";"Non";"Non";"IDLST=LST-000010; NOMLISTE=OBJ-GEO-FUSEAU-HORAIRE; STATUT=CONFORME; DETAIL=Catalogue coherent avec SharePoint.";"DSE-AUDIT-001-20260912-040912-CONTROLE-9";"JOURNAL - TYPEEVENEMENT - CONTROLE | JOURNAL - SOURCE - WORKFLOW | JOURNAL - RESULTAT - SUCCES";"";"";"";"";"";"";"";"";"09/17/2026 13:49:28";"09/12/2026 02:09:35";"";""
"486";"DSE-AUDIT-001-20260912-040912-CONTROLE-10";"";"";"";"12/09/2026 04:09:35";"AUDIT OBJ-LST";"Catalogue : elements=112; colonnes=22; vues=16; URL=https://blogssite.sharepoint.com/sites/Bibliotheque/Lists/OBJGEOLANGUE";"Reel : elements=112; colonnes=22; vues=16; URL=https://blogssite.sharepoint.com/sites/Bibliotheque/Lists/OBJGEOLANGUE";"";"Non";"Non";"Non";"IDLST=LST-000011; NOMLISTE=OBJ-GEO-LANGUE; STATUT=CONFORME; DETAIL=Catalogue coherent avec SharePoint.";"DSE-AUDIT-001-20260912-040912-CONTROLE-10";"JOURNAL - TYPEEVENEMENT - CONTROLE | JOURNAL - SOURCE - WORKFLOW | JOURNAL - RESULTAT - SUCCES";"";"";"";"";"";"";"";"";"09/17/2026 13:49:30";"09/12/2026 02:09:37";"";""
"487";"DSE-AUDIT-001-20260912-040912-CONTROLE-11";"";"";"";"12/09/2026 04:09:37";"AUDIT OBJ-LST";"Catalogue : elements=249; colonnes=26; vues=6; URL=https://blogssite.sharepoint.com/sites/Bibliotheque/Lists/OBJGEONATIONALITE";"Reel : elements=249; colonnes=26; vues=6; URL=https://blogssite.sharepoint.com/sites/Bibliotheque/Lists/OBJGEONATIONALITE";"";"Non";"Non";"Non";"IDLST=LST-000012; NOMLISTE=OBJ-GEO-NATIONALITE; STATUT=CONFORME; DETAIL=Catalogue coherent avec SharePoint.";"DSE-AUDIT-001-20260912-040912-CONTROLE-11";"JOURNAL - TYPEEVENEMENT - CONTROLE | JOURNAL - SOURCE - WORKFLOW | JOURNAL - RESULTAT - SUCCES";"";"";"";"";"";"";"";"";"09/17/2026 13:49:32";"09/12/2026 02:09:38";"";""
"488";"DSE-AUDIT-001-20260912-040912-CONTROLE-12";"";"";"";"12/09/2026 04:09:38";"AUDIT OBJ-LST";"Catalogue : elements=249; colonnes=32; vues=6; URL=https://blogssite.sharepoint.com/sites/Bibliotheque/Lists/OBJGEOPAYS";"Reel : elements=249; colonnes=32; vues=6; URL=https://blogssite.sharepoint.com/sites/Bibliotheque/Lists/OBJGEOPAYS";"";"Non";"Non";"Non";"IDLST=LST-000013; NOMLISTE=OBJ-GEO-PAYS; STATUT=CONFORME; DETAIL=Catalogue coherent avec SharePoint.";"DSE-AUDIT-001-20260912-040912-CONTROLE-12";"JOURNAL - TYPEEVENEMENT - CONTROLE | JOURNAL - SOURCE - WORKFLOW | JOURNAL - RESULTAT - SUCCES";"";"";"";"";"";"";"";"";"09/17/2026 13:49:33";"09/12/2026 02:09:40";"";""
"489";"DSE-AUDIT-001-20260912-040912-CONTROLE-13";"";"";"";"12/09/2026 04:09:40";"AUDIT OBJ-LST";"Catalogue : elements=18; colonnes=34; vues=6; URL=https://blogssite.sharepoint.com/sites/Bibliotheque/Lists/OBJGEOREGION";"Reel : elements=18; colonnes=34; vues=6; URL=https://blogssite.sharepoint.com/sites/Bibliotheque/Lists/OBJGEOREGION";"";"Non";"Non";"Non";"IDLST=LST-000014; NOMLISTE=OBJ-GEO-REGION; STATUT=CONFORME; DETAIL=Catalogue coherent avec SharePoint.";"DSE-AUDIT-001-20260912-040912-CONTROLE-13";"JOURNAL - TYPEEVENEMENT - CONTROLE | JOURNAL - SOURCE - WORKFLOW | JOURNAL - RESULTAT - SUCCES";"";"";"";"";"";"";"";"";"09/17/2026 13:49:35";"09/12/2026 02:09:43";"";""
"490";"DSE-AUDIT-001-20260912-040912-CONTROLE-14";"";"";"";"12/09/2026 04:09:42";"AUDIT OBJ-LST";"Catalogue : elements=6; colonnes=32; vues=4; URL=https://blogssite.sharepoint.com/sites/Bibliotheque/Lists/OBJGEOSOURCE";"Reel : elements=6; colonnes=32; vues=4; URL=https://blogssite.sharepoint.com/sites/Bibliotheque/Lists/OBJGEOSOURCE";"";"Non";"Non";"Non";"IDLST=LST-000015; NOMLISTE=OBJ-GEO-SOURCE; STATUT=CONFORME; DETAIL=Catalogue coherent avec SharePoint.";"DSE-AUDIT-001-20260912-040912-CONTROLE-14";"JOURNAL - TYPEEVENEMENT - CONTROLE | JOURNAL - SOURCE - WORKFLOW | JOURNAL - RESULTAT - SUCCES";"";"";"";"";"";"";"";"";"09/17/2026 13:49:36";"09/12/2026 02:09:44";"";""
"491";"DSE-AUDIT-001-20260912-040912-CONTROLE-15";"";"";"";"12/09/2026 04:09:44";"AUDIT OBJ-LST";"Catalogue : elements=22; colonnes=21; vues=6; URL=https://blogssite.sharepoint.com/sites/Bibliotheque/Lists/OBJGEOSTATUT";"Reel : elements=22; colonnes=21; vues=6; URL=https://blogssite.sharepoint.com/sites/Bibliotheque/Lists/OBJGEOSTATUT";"";"Non";"Non";"Non";"IDLST=LST-000016; NOMLISTE=OBJ-GEO-STATUT; STATUT=CONFORME; DETAIL=Catalogue coherent avec SharePoint.";"DSE-AUDIT-001-20260912-040912-CONTROLE-15";"JOURNAL - TYPEEVENEMENT - CONTROLE | JOURNAL - SOURCE - WORKFLOW | JOURNAL - RESULTAT - SUCCES";"";"";"";"";"";"";"";"";"09/17/2026 13:49:38";"09/12/2026 02:09:46";"";""
"492";"DSE-AUDIT-001-20260912-040912-CONTROLE-16";"";"";"";"12/09/2026 04:09:46";"AUDIT OBJ-LST";"Catalogue : elements=9; colonnes=29; vues=5; URL=https://blogssite.sharepoint.com/sites/Bibliotheque/Lists/OBJGEOTERRITOIRE";"Reel : elements=9; colonnes=29; vues=5; URL=https://blogssite.sharepoint.com/sites/Bibliotheque/Lists/OBJGEOTERRITOIRE";"";"Non";"Non";"Non";"IDLST=LST-000017; NOMLISTE=OBJ-GEO-TERRITOIRE; STATUT=CONFORME; DETAIL=Catalogue coherent avec SharePoint.";"DSE-AUDIT-001-20260912-040912-CONTROLE-16";"JOURNAL - TYPEEVENEMENT - CONTROLE | JOURNAL - SOURCE - WORKFLOW | JOURNAL - RESULTAT - SUCCES";"";"";"";"";"";"";"";"";"09/17/2026 13:49:39";"09/12/2026 02:09:47";"";""
"493";"DSE-AUDIT-001-20260912-040912-CONTROLE-17";"";"";"";"12/09/2026 04:09:47";"AUDIT OBJ-LST";"Catalogue : elements=34868; colonnes=28; vues=6; URL=https://blogssite.sharepoint.com/sites/Bibliotheque/Lists/OBJGEOVILLE";"Reel : elements=34868; colonnes=28; vues=6; URL=https://blogssite.sharepoint.com/sites/Bibliotheque/Lists/OBJGEOVILLE";"";"Non";"Non";"Non";"IDLST=LST-000018; NOMLISTE=OBJ-GEO-VILLE; STATUT=CONFORME; DETAIL=Catalogue coherent avec SharePoint.";"DSE-AUDIT-001-20260912-040912-CONTROLE-17";"JOURNAL - TYPEEVENEMENT - CONTROLE | JOURNAL - SOURCE - WORKFLOW | JOURNAL - RESULTAT - SUCCES";"";"";"";"";"";"";"";"";"09/17/2026 13:49:40";"09/12/2026 02:09:49";"";""
"494";"DSE-AUDIT-001-20260912-040912-CONTROLE-18";"";"";"";"12/09/2026 04:09:49";"AUDIT OBJ-LST";"Catalogue : elements=35; colonnes=19; vues=5; URL=https://blogssite.sharepoint.com/sites/Bibliotheque/Lists/OBJGEOZONE";"Reel : elements=35; colonnes=19; vues=5; URL=https://blogssite.sharepoint.com/sites/Bibliotheque/Lists/OBJGEOZONE";"";"Non";"Non";"Non";"IDLST=LST-000019; NOMLISTE=OBJ-GEO-ZONE; STATUT=CONFORME; DETAIL=Catalogue coherent avec SharePoint.";"DSE-AUDIT-001-20260912-040912-CONTROLE-18";"JOURNAL - TYPEEVENEMENT - CONTROLE | JOURNAL - SOURCE - WORKFLOW | JOURNAL - RESULTAT - SUCCES";"";"";"";"";"";"";"";"";"09/17/2026 13:49:43";"09/12/2026 02:09:51";"";""
"495";"DSE-AUDIT-001-20260912-040912-CONTROLE-19";"";"";"";"12/09/2026 04:09:51";"AUDIT OBJ-LST";"Catalogue : elements=253; colonnes=16; vues=1; URL=https://blogssite.sharepoint.com/sites/Bibliotheque/Lists/OBJJRN";"Reel : elements=475; colonnes=16; vues=1; URL=https://blogssite.sharepoint.com/sites/Bibliotheque/Lists/OBJJRN";"";"Oui";"Non";"Non";"IDLST=LST-000020; NOMLISTE=OBJ-JRN; STATUT=ECART; DETAIL=Ecarts : ELEMENTS";"DSE-AUDIT-001-20260912-040912-CONTROLE-19";"JOURNAL - TYPEEVENEMENT - CONTROLE | JOURNAL - SOURCE - WORKFLOW | JOURNAL - RESULTAT - AVERTISSEMENT";"";"";"";"";"";"";"";"";"09/17/2026 13:49:43";"09/12/2026 02:09:53";"";""
"496";"DSE-AUDIT-001-20260912-040912-CONTROLE-20";"";"";"";"12/09/2026 04:09:53";"AUDIT OBJ-LST";"Catalogue : elements=74; colonnes=25; vues=1; URL=https://blogssite.sharepoint.com/sites/Bibliotheque/Lists/OBJJRNGEO";"Reel : elements=74; colonnes=25; vues=1; URL=https://blogssite.sharepoint.com/sites/Bibliotheque/Lists/OBJJRNGEO";"";"Non";"Non";"Non";"IDLST=LST-000021; NOMLISTE=OBJ-JRN-GEO; STATUT=CONFORME; DETAIL=Catalogue coherent avec SharePoint.";"DSE-AUDIT-001-20260912-040912-CONTROLE-20";"JOURNAL - TYPEEVENEMENT - CONTROLE | JOURNAL - SOURCE - WORKFLOW | JOURNAL - RESULTAT - SUCCES";"";"";"";"";"";"";"";"";"09/17/2026 13:49:46";"09/12/2026 02:09:55";"";""
"497";"DSE-AUDIT-001-20260912-040912-CONTROLE-21";"";"";"";"12/09/2026 04:09:55";"AUDIT OBJ-LST";"Catalogue : elements=0; colonnes=0; vues=1; URL=https://blogssite.sharepoint.com/sites/Bibliotheque/Lists/OBJMODULE";"Reel : elements=0; colonnes=0; vues=1; URL=https://blogssite.sharepoint.com/sites/Bibliotheque/Lists/OBJMODULE";"";"Non";"Non";"Non";"IDLST=LST-000022; NOMLISTE=OBJ-MODULE; STATUT=CONFORME; DETAIL=Catalogue coherent avec SharePoint.";"DSE-AUDIT-001-20260912-040912-CONTROLE-21";"JOURNAL - TYPEEVENEMENT - CONTROLE | JOURNAL - SOURCE - WORKFLOW | JOURNAL - RESULTAT - SUCCES";"";"";"";"";"";"";"";"";"09/17/2026 13:49:46";"09/12/2026 02:09:56";"";""
"498";"DSE-AUDIT-001-20260912-040912-CONTROLE-22";"";"";"";"12/09/2026 04:09:56";"AUDIT OBJ-LST";"Catalogue : elements=4; colonnes=23; vues=10; URL=https://blogssite.sharepoint.com/sites/Bibliotheque/Lists/OBJORG";"Reel : elements=4; colonnes=23; vues=10; URL=https://blogssite.sharepoint.com/sites/Bibliotheque/Lists/OBJORG";"";"Non";"Non";"Non";"IDLST=LST-000023; NOMLISTE=OBJ-ORG; STATUT=CONFORME; DETAIL=Catalogue coherent avec SharePoint.";"DSE-AUDIT-001-20260912-040912-CONTROLE-22";"JOURNAL - TYPEEVENEMENT - CONTROLE | JOURNAL - SOURCE - WORKFLOW | JOURNAL - RESULTAT - SUCCES";"";"";"";"";"";"";"";"";"09/17/2026 13:49:49";"09/12/2026 02:09:58";"";""
"499";"DSE-AUDIT-001-20260912-040912-CONTROLE-23";"";"";"";"12/09/2026 04:09:58";"AUDIT OBJ-LST";"Catalogue : elements=4; colonnes=16; vues=4; URL=https://blogssite.sharepoint.com/sites/Bibliotheque/Lists/OBJORGCOMPTE";"Reel : elements=4; colonnes=16; vues=4; URL=https://blogssite.sharepoint.com/sites/Bibliotheque/Lists/OBJORGCOMPTE";"";"Non";"Non";"Non";"IDLST=LST-000024; NOMLISTE=OBJ-ORG-COMPTE; STATUT=CONFORME; DETAIL=Catalogue coherent avec SharePoint.";"DSE-AUDIT-001-20260912-040912-CONTROLE-23";"JOURNAL - TYPEEVENEMENT - CONTROLE | JOURNAL - SOURCE - WORKFLOW | JOURNAL - RESULTAT - SUCCES";"";"";"";"";"";"";"";"";"09/17/2026 13:49:49";"09/12/2026 02:10:00";"";""
"500";"DSE-AUDIT-001-20260912-040912-CONTROLE-24";"";"";"";"12/09/2026 04:10:00";"AUDIT OBJ-LST";"Catalogue : elements=2; colonnes=20; vues=4; URL=https://blogssite.sharepoint.com/sites/Bibliotheque/Lists/OBJORGCONTACT";"Reel : elements=2; colonnes=20; vues=4; URL=https://blogssite.sharepoint.com/sites/Bibliotheque/Lists/OBJORGCONTACT";"";"Non";"Non";"Non";"IDLST=LST-000025; NOMLISTE=OBJ-ORG-CONTACT; STATUT=CONFORME; DETAIL=Catalogue coherent avec SharePoint.";"DSE-AUDIT-001-20260912-040912-CONTROLE-24";"JOURNAL - TYPEEVENEMENT - CONTROLE | JOURNAL - SOURCE - WORKFLOW | JOURNAL - RESULTAT - SUCCES";"";"";"";"";"";"";"";"";"09/17/2026 13:49:51";"09/12/2026 02:10:03";"";""
"501";"DSE-AUDIT-001-20260912-040912-CONTROLE-25";"";"";"";"12/09/2026 04:10:02";"AUDIT OBJ-LST";"Catalogue : elements=0; colonnes=0; vues=1; URL=https://blogssite.sharepoint.com/sites/Bibliotheque/Lists/OBJPWS";"Reel : elements=0; colonnes=0; vues=1; URL=https://blogssite.sharepoint.com/sites/Bibliotheque/Lists/OBJPWS";"";"Non";"Non";"Non";"IDLST=LST-000026; NOMLISTE=OBJ-PWS; STATUT=CONFORME; DETAIL=Catalogue coherent avec SharePoint.";"DSE-AUDIT-001-20260912-040912-CONTROLE-25";"JOURNAL - TYPEEVENEMENT - CONTROLE | JOURNAL - SOURCE - WORKFLOW | JOURNAL - RESULTAT - SUCCES";"";"";"";"";"";"";"";"";"09/17/2026 13:49:53";"09/12/2026 02:10:04";"";""
"502";"DSE-AUDIT-001-20260912-040912-CONTROLE-26";"";"";"";"12/09/2026 04:10:04";"AUDIT OBJ-LST";"Catalogue : elements=22; colonnes=5; vues=4; URL=https://blogssite.sharepoint.com/sites/Bibliotheque/Lists/OBJREF00";"Reel : elements=22; colonnes=5; vues=4; URL=https://blogssite.sharepoint.com/sites/Bibliotheque/Lists/OBJREF00";"";"Non";"Non";"Non";"IDLST=LST-000027; NOMLISTE=OBJ-REF-00; STATUT=CONFORME; DETAIL=Catalogue coherent avec SharePoint.";"DSE-AUDIT-001-20260912-040912-CONTROLE-26";"JOURNAL - TYPEEVENEMENT - CONTROLE | JOURNAL - SOURCE - WORKFLOW | JOURNAL - RESULTAT - SUCCES";"";"";"";"";"";"";"";"";"09/17/2026 13:49:54";"09/12/2026 02:10:06";"";""
"503";"DSE-AUDIT-001-20260912-040912-CONTROLE-27";"";"";"";"12/09/2026 04:10:06";"AUDIT OBJ-LST";"Catalogue : elements=49; colonnes=10; vues=1; URL=https://blogssite.sharepoint.com/sites/Bibliotheque/Lists/OBJREF10";"Reel : elements=49; colonnes=10; vues=1; URL=https://blogssite.sharepoint.com/sites/Bibliotheque/Lists/OBJREF10";"";"Non";"Non";"Non";"IDLST=LST-000028; NOMLISTE=OBJ-REF-10; STATUT=CONFORME; DETAIL=Catalogue coherent avec SharePoint.";"DSE-AUDIT-001-20260912-040912-CONTROLE-27";"JOURNAL - TYPEEVENEMENT - CONTROLE | JOURNAL - SOURCE - WORKFLOW | JOURNAL - RESULTAT - SUCCES";"";"";"";"";"";"";"";"";"09/17/2026 13:49:56";"09/12/2026 02:10:07";"";""
"504";"DSE-AUDIT-001-20260912-040912-CONTROLE-28";"";"";"";"12/09/2026 04:10:08";"AUDIT OBJ-LST";"Catalogue : elements=17; colonnes=14; vues=1; URL=https://blogssite.sharepoint.com/sites/Bibliotheque/Lists/OBJREF20";"Reel : elements=17; colonnes=14; vues=1; URL=https://blogssite.sharepoint.com/sites/Bibliotheque/Lists/OBJREF20";"";"Non";"Non";"Non";"IDLST=LST-000029; NOMLISTE=OBJ-REF-20; STATUT=CONFORME; DETAIL=Catalogue coherent avec SharePoint.";"DSE-AUDIT-001-20260912-040912-CONTROLE-28";"JOURNAL - TYPEEVENEMENT - CONTROLE | JOURNAL - SOURCE - WORKFLOW | JOURNAL - RESULTAT - SUCCES";"";"";"";"";"";"";"";"";"09/17/2026 13:49:58";"09/12/2026 02:10:09";"";""
"505";"DSE-AUDIT-001-20260912-040912-CONTROLE-29";"";"";"";"12/09/2026 04:10:10";"AUDIT OBJ-LST";"Catalogue : elements=20; colonnes=14; vues=1; URL=https://blogssite.sharepoint.com/sites/Bibliotheque/Lists/OBJREF30";"Reel : elements=20; colonnes=14; vues=1; URL=https://blogssite.sharepoint.com/sites/Bibliotheque/Lists/OBJREF30";"";"Non";"Non";"Non";"IDLST=LST-000030; NOMLISTE=OBJ-REF-30; STATUT=CONFORME; DETAIL=Catalogue coherent avec SharePoint.";"DSE-AUDIT-001-20260912-040912-CONTROLE-29";"JOURNAL - TYPEEVENEMENT - CONTROLE | JOURNAL - SOURCE - WORKFLOW | JOURNAL - RESULTAT - SUCCES";"";"";"";"";"";"";"";"";"09/17/2026 13:49:58";"09/12/2026 02:10:11";"";""
"506";"DSE-AUDIT-001-20260912-040912-CONTROLE-30";"";"";"";"12/09/2026 04:10:11";"AUDIT OBJ-LST";"Catalogue : elements=18; colonnes=14; vues=1; URL=https://blogssite.sharepoint.com/sites/Bibliotheque/Lists/OBJREF40";"Reel : elements=18; colonnes=14; vues=1; URL=https://blogssite.sharepoint.com/sites/Bibliotheque/Lists/OBJREF40";"";"Non";"Non";"Non";"IDLST=LST-000031; NOMLISTE=OBJ-REF-40; STATUT=CONFORME; DETAIL=Catalogue coherent avec SharePoint.";"DSE-AUDIT-001-20260912-040912-CONTROLE-30";"JOURNAL - TYPEEVENEMENT - CONTROLE | JOURNAL - SOURCE - WORKFLOW | JOURNAL - RESULTAT - SUCCES";"";"";"";"";"";"";"";"";"09/17/2026 13:50:00";"09/12/2026 02:10:13";"";""
"507";"DSE-AUDIT-001-20260912-040912-CONTROLE-31";"";"";"";"12/09/2026 04:10:13";"AUDIT OBJ-LST";"Catalogue : elements=11; colonnes=14; vues=1; URL=https://blogssite.sharepoint.com/sites/Bibliotheque/Lists/OBJREF50";"Reel : elements=11; colonnes=14; vues=1; URL=https://blogssite.sharepoint.com/sites/Bibliotheque/Lists/OBJREF50";"";"Non";"Non";"Non";"IDLST=LST-000032; NOMLISTE=OBJ-REF-50; STATUT=CONFORME; DETAIL=Catalogue coherent avec SharePoint.";"DSE-AUDIT-001-20260912-040912-CONTROLE-31";"JOURNAL - TYPEEVENEMENT - CONTROLE | JOURNAL - SOURCE - WORKFLOW | JOURNAL - RESULTAT - SUCCES";"";"";"";"";"";"";"";"";"09/17/2026 13:50:01";"09/12/2026 02:10:15";"";""
"508";"DSE-AUDIT-001-20260912-040912-CONTROLE-32";"";"";"";"12/09/2026 04:10:15";"AUDIT OBJ-LST";"Catalogue : elements=16; colonnes=14; vues=1; URL=https://blogssite.sharepoint.com/sites/Bibliotheque/Lists/OBJREF60";"Reel : elements=16; colonnes=14; vues=1; URL=https://blogssite.sharepoint.com/sites/Bibliotheque/Lists/OBJREF60";"";"Non";"Non";"Non";"IDLST=LST-000033; NOMLISTE=OBJ-REF-60; STATUT=CONFORME; DETAIL=Catalogue coherent avec SharePoint.";"DSE-AUDIT-001-20260912-040912-CONTROLE-32";"JOURNAL - TYPEEVENEMENT - CONTROLE | JOURNAL - SOURCE - WORKFLOW | JOURNAL - RESULTAT - SUCCES";"";"";"";"";"";"";"";"";"09/17/2026 13:50:03";"09/12/2026 02:10:17";"";""
"509";"DSE-AUDIT-001-20260912-040912-CONTROLE-33";"";"";"";"12/09/2026 04:10:17";"AUDIT OBJ-LST";"Catalogue : elements=19; colonnes=14; vues=1; URL=https://blogssite.sharepoint.com/sites/Bibliotheque/Lists/OBJREF70";"Reel : elements=19; colonnes=14; vues=1; URL=https://blogssite.sharepoint.com/sites/Bibliotheque/Lists/OBJREF70";"";"Non";"Non";"Non";"IDLST=LST-000034; NOMLISTE=OBJ-REF-70; STATUT=CONFORME; DETAIL=Catalogue coherent avec SharePoint.";"DSE-AUDIT-001-20260912-040912-CONTROLE-33";"JOURNAL - TYPEEVENEMENT - CONTROLE | JOURNAL - SOURCE - WORKFLOW | JOURNAL - RESULTAT - SUCCES";"";"";"";"";"";"";"";"";"09/17/2026 13:50:04";"09/12/2026 02:10:19";"";""
"510";"DSE-AUDIT-001-20260912-040912-CONTROLE-34";"";"";"";"12/09/2026 04:10:19";"AUDIT OBJ-LST";"Catalogue : elements=15; colonnes=14; vues=1; URL=https://blogssite.sharepoint.com/sites/Bibliotheque/Lists/OBJREF80";"Reel : elements=15; colonnes=14; vues=1; URL=https://blogssite.sharepoint.com/sites/Bibliotheque/Lists/OBJREF80";"";"Non";"Non";"Non";"IDLST=LST-000035; NOMLISTE=OBJ-REF-80; STATUT=CONFORME; DETAIL=Catalogue coherent avec SharePoint.";"DSE-AUDIT-001-20260912-040912-CONTROLE-34";"JOURNAL - TYPEEVENEMENT - CONTROLE | JOURNAL - SOURCE - WORKFLOW | JOURNAL - RESULTAT - SUCCES";"";"";"";"";"";"";"";"";"09/17/2026 13:50:06";"09/12/2026 02:10:21";"";""
"511";"DSE-AUDIT-001-20260912-040912-CONTROLE-35";"";"";"";"12/09/2026 04:10:21";"AUDIT OBJ-LST";"Catalogue : elements=18; colonnes=14; vues=1; URL=https://blogssite.sharepoint.com/sites/Bibliotheque/Lists/OBJREF90";"Reel : elements=18; colonnes=14; vues=1; URL=https://blogssite.sharepoint.com/sites/Bibliotheque/Lists/OBJREF90";"";"Non";"Non";"Non";"IDLST=LST-000036; NOMLISTE=OBJ-REF-90; STATUT=CONFORME; DETAIL=Catalogue coherent avec SharePoint.";"DSE-AUDIT-001-20260912-040912-CONTROLE-35";"JOURNAL - TYPEEVENEMENT - CONTROLE | JOURNAL - SOURCE - WORKFLOW | JOURNAL - RESULTAT - SUCCES";"";"";"";"";"";"";"";"";"09/17/2026 13:50:07";"09/12/2026 02:10:22";"";""
"512";"DSE-AUDIT-001-20260912-040912-CONTROLE-36";"";"";"";"12/09/2026 04:10:22";"AUDIT OBJ-LST";"Catalogue : elements=8; colonnes=3; vues=1; URL=https://blogssite.sharepoint.com/sites/Bibliotheque/Lists/OBJREF95";"Reel : elements=8; colonnes=3; vues=1; URL=https://blogssite.sharepoint.com/sites/Bibliotheque/Lists/OBJREF95";"";"Non";"Non";"Non";"IDLST=LST-000037; NOMLISTE=OBJ-REF-95; STATUT=CONFORME; DETAIL=Catalogue coherent avec SharePoint.";"DSE-AUDIT-001-20260912-040912-CONTROLE-36";"JOURNAL - TYPEEVENEMENT - CONTROLE | JOURNAL - SOURCE - WORKFLOW | JOURNAL - RESULTAT - SUCCES";"";"";"";"";"";"";"";"";"09/17/2026 13:50:09";"09/12/2026 02:10:24";"";""
"513";"DSE-AUDIT-001-20260912-040912-CONTROLE-37";"";"";"";"12/09/2026 04:10:24";"AUDIT OBJ-LST";"Catalogue : elements=14; colonnes=4; vues=1; URL=https://blogssite.sharepoint.com/sites/Bibliotheque/Lists/OBJREFDOMAINE";"Reel : elements=14; colonnes=4; vues=1; URL=https://blogssite.sharepoint.com/sites/Bibliotheque/Lists/OBJREFDOMAINE";"";"Non";"Non";"Non";"IDLST=LST-000038; NOMLISTE=OBJ-REF-DOMAINE; STATUT=CONFORME; DETAIL=Catalogue coherent avec SharePoint.";"DSE-AUDIT-001-20260912-040912-CONTROLE-37";"JOURNAL - TYPEEVENEMENT - CONTROLE | JOURNAL - SOURCE - WORKFLOW | JOURNAL - RESULTAT - SUCCES";"";"";"";"";"";"";"";"";"09/17/2026 13:50:10";"09/12/2026 02:10:26";"";""
"514";"DSE-AUDIT-001-20260912-040912-CONTROLE-38";"";"";"";"12/09/2026 04:10:26";"AUDIT OBJ-LST";"Catalogue : elements=7; colonnes=4; vues=1; URL=https://blogssite.sharepoint.com/sites/Bibliotheque/Lists/OBJREFLSTSTATUT";"Reel : elements=7; colonnes=4; vues=1; URL=https://blogssite.sharepoint.com/sites/Bibliotheque/Lists/OBJREFLSTSTATUT";"";"Non";"Non";"Non";"IDLST=LST-000039; NOMLISTE=OBJ-REF-LST-STATUT; STATUT=CONFORME; DETAIL=Catalogue coherent avec SharePoint.";"DSE-AUDIT-001-20260912-040912-CONTROLE-38";"JOURNAL - TYPEEVENEMENT - CONTROLE | JOURNAL - SOURCE - WORKFLOW | JOURNAL - RESULTAT - SUCCES";"";"";"";"";"";"";"";"";"09/17/2026 13:50:12";"09/12/2026 02:10:28";"";""
"515";"DSE-AUDIT-001-20260912-040912-CONTROLE-39";"";"";"";"12/09/2026 04:10:28";"AUDIT OBJ-LST";"Catalogue : elements=11; colonnes=4; vues=1; URL=https://blogssite.sharepoint.com/sites/Bibliotheque/Lists/OBJREFLSTTYPE";"Reel : elements=11; colonnes=4; vues=1; URL=https://blogssite.sharepoint.com/sites/Bibliotheque/Lists/OBJREFLSTTYPE";"";"Non";"Non";"Non";"IDLST=LST-000040; NOMLISTE=OBJ-REF-LST-TYPE; STATUT=CONFORME; DETAIL=Catalogue coherent avec SharePoint.";"DSE-AUDIT-001-20260912-040912-CONTROLE-39";"JOURNAL - TYPEEVENEMENT - CONTROLE | JOURNAL - SOURCE - WORKFLOW | JOURNAL - RESULTAT - SUCCES";"";"";"";"";"";"";"";"";"09/17/2026 13:50:13";"09/12/2026 02:10:29";"";""
"516";"DSE-AUDIT-001-20260912-040912-CONTROLE-40";"";"";"";"12/09/2026 04:10:30";"AUDIT OBJ-LST";"Catalogue : elements=11; colonnes=4; vues=2; URL=https://blogssite.sharepoint.com/sites/Bibliotheque/Lists/OBJREFORGCOMPTETYPE";"Reel : elements=11; colonnes=4; vues=2; URL=https://blogssite.sharepoint.com/sites/Bibliotheque/Lists/OBJREFORGCOMPTETYPE";"";"Non";"Non";"Non";"IDLST=LST-000041; NOMLISTE=OBJ-REF-ORG-COMPTE-TYPE; STATUT=CONFORME; DETAIL=Catalogue coherent avec SharePoint.";"DSE-AUDIT-001-20260912-040912-CONTROLE-40";"JOURNAL - TYPEEVENEMENT - CONTROLE | JOURNAL - SOURCE - WORKFLOW | JOURNAL - RESULTAT - SUCCES";"";"";"";"";"";"";"";"";"09/17/2026 13:50:15";"09/12/2026 02:10:31";"";""
"517";"DSE-AUDIT-001-20260912-040912-CONTROLE-41";"";"";"";"12/09/2026 04:10:31";"AUDIT OBJ-LST";"Catalogue : elements=8; colonnes=4; vues=2; URL=https://blogssite.sharepoint.com/sites/Bibliotheque/Lists/OBJREFORGCONTACTTYPE";"Reel : elements=8; colonnes=4; vues=2; URL=https://blogssite.sharepoint.com/sites/Bibliotheque/Lists/OBJREFORGCONTACTTYPE";"";"Non";"Non";"Non";"IDLST=LST-000042; NOMLISTE=OBJ-REF-ORG-CONTACT-TYPE; STATUT=CONFORME; DETAIL=Catalogue coherent avec SharePoint.";"DSE-AUDIT-001-20260912-040912-CONTROLE-41";"JOURNAL - TYPEEVENEMENT - CONTROLE | JOURNAL - SOURCE - WORKFLOW | JOURNAL - RESULTAT - SUCCES";"";"";"";"";"";"";"";"";"09/17/2026 13:50:16";"09/12/2026 02:10:33";"";""
"518";"DSE-AUDIT-001-20260912-040912-CONTROLE-42";"";"";"";"12/09/2026 04:10:33";"AUDIT OBJ-LST";"Catalogue : elements=9; colonnes=4; vues=2; URL=https://blogssite.sharepoint.com/sites/Bibliotheque/Lists/OBJREFORGSECTEUR";"Reel : elements=9; colonnes=4; vues=2; URL=https://blogssite.sharepoint.com/sites/Bibliotheque/Lists/OBJREFORGSECTEUR";"";"Non";"Non";"Non";"IDLST=LST-000043; NOMLISTE=OBJ-REF-ORG-SECTEUR; STATUT=CONFORME; DETAIL=Catalogue coherent avec SharePoint.";"DSE-AUDIT-001-20260912-040912-CONTROLE-42";"JOURNAL - TYPEEVENEMENT - CONTROLE | JOURNAL - SOURCE - WORKFLOW | JOURNAL - RESULTAT - SUCCES";"";"";"";"";"";"";"";"";"09/17/2026 13:50:17";"09/12/2026 02:10:35";"";""
"519";"DSE-AUDIT-001-20260912-040912-CONTROLE-43";"";"";"";"12/09/2026 04:10:35";"AUDIT OBJ-LST";"Catalogue : elements=6; colonnes=4; vues=2; URL=https://blogssite.sharepoint.com/sites/Bibliotheque/Lists/OBJREFORGSTATUT";"Reel : elements=6; colonnes=4; vues=2; URL=https://blogssite.sharepoint.com/sites/Bibliotheque/Lists/OBJREFORGSTATUT";"";"Non";"Non";"Non";"IDLST=LST-000044; NOMLISTE=OBJ-REF-ORG-STATUT; STATUT=CONFORME; DETAIL=Catalogue coherent avec SharePoint.";"DSE-AUDIT-001-20260912-040912-CONTROLE-43";"JOURNAL - TYPEEVENEMENT - CONTROLE | JOURNAL - SOURCE - WORKFLOW | JOURNAL - RESULTAT - SUCCES";"";"";"";"";"";"";"";"";"09/17/2026 13:50:20";"09/12/2026 02:10:37";"";""
"520";"DSE-AUDIT-001-20260912-040912-CONTROLE-44";"";"";"";"12/09/2026 04:10:37";"AUDIT OBJ-LST";"Catalogue : elements=12; colonnes=4; vues=2; URL=https://blogssite.sharepoint.com/sites/Bibliotheque/Lists/OBJREFORGTYPE";"Reel : elements=12; colonnes=4; vues=2; URL=https://blogssite.sharepoint.com/sites/Bibliotheque/Lists/OBJREFORGTYPE";"";"Non";"Non";"Non";"IDLST=LST-000045; NOMLISTE=OBJ-REF-ORG-TYPE; STATUT=CONFORME; DETAIL=Catalogue coherent avec SharePoint.";"DSE-AUDIT-001-20260912-040912-CONTROLE-44";"JOURNAL - TYPEEVENEMENT - CONTROLE | JOURNAL - SOURCE - WORKFLOW | JOURNAL - RESULTAT - SUCCES";"";"";"";"";"";"";"";"";"09/17/2026 13:50:20";"09/12/2026 02:10:39";"";""
"521";"DSE-AUDIT-001-20260912-040912-CONTROLE-45";"";"";"";"12/09/2026 04:10:39";"AUDIT OBJ-LST";"Catalogue : elements=32; colonnes=10; vues=2; URL=https://blogssite.sharepoint.com/sites/Bibliotheque/Lists/OBJREL";"Reel : elements=32; colonnes=10; vues=2; URL=https://blogssite.sharepoint.com/sites/Bibliotheque/Lists/OBJREL";"";"Non";"Non";"Non";"IDLST=LST-000046; NOMLISTE=OBJ-REL; STATUT=CONFORME; DETAIL=Catalogue coherent avec SharePoint.";"DSE-AUDIT-001-20260912-040912-CONTROLE-45";"JOURNAL - TYPEEVENEMENT - CONTROLE | JOURNAL - SOURCE - WORKFLOW | JOURNAL - RESULTAT - SUCCES";"";"";"";"";"";"";"";"";"09/17/2026 13:50:23";"09/12/2026 02:10:40";"";""
"522";"DSE-AUDIT-001-20260912-040912-CONTROLE-46";"";"";"";"12/09/2026 04:10:41";"AUDIT OBJ-LST";"Catalogue : elements=0; colonnes=0; vues=1; URL=https://blogssite.sharepoint.com/sites/Bibliotheque/Lists/OBJSITE";"Reel : elements=0; colonnes=0; vues=1; URL=https://blogssite.sharepoint.com/sites/Bibliotheque/Lists/OBJSITE";"";"Non";"Non";"Non";"IDLST=LST-000047; NOMLISTE=OBJ-SITE; STATUT=CONFORME; DETAIL=Catalogue coherent avec SharePoint.";"DSE-AUDIT-001-20260912-040912-CONTROLE-46";"JOURNAL - TYPEEVENEMENT - CONTROLE | JOURNAL - SOURCE - WORKFLOW | JOURNAL - RESULTAT - SUCCES";"";"";"";"";"";"";"";"";"09/17/2026 13:50:23";"09/12/2026 02:10:42";"";""
"523";"DSE-AUDIT-001-20260912-040912-CONTROLE-47";"";"";"";"12/09/2026 04:10:42";"AUDIT OBJ-LST";"Catalogue : elements=0; colonnes=0; vues=1; URL=https://blogssite.sharepoint.com/sites/Bibliotheque/Lists/OBJSTATUT";"Reel : elements=0; colonnes=0; vues=1; URL=https://blogssite.sharepoint.com/sites/Bibliotheque/Lists/OBJSTATUT";"";"Non";"Non";"Non";"IDLST=LST-000048; NOMLISTE=OBJ-STATUT; STATUT=CONFORME; DETAIL=Catalogue coherent avec SharePoint.";"DSE-AUDIT-001-20260912-040912-CONTROLE-47";"JOURNAL - TYPEEVENEMENT - CONTROLE | JOURNAL - SOURCE - WORKFLOW | JOURNAL - RESULTAT - SUCCES";"";"";"";"";"";"";"";"";"09/17/2026 13:50:25";"09/12/2026 02:10:44";"";""
"524";"DSE-AUDIT-001-20260912-040912-CONTROLE-48";"";"";"";"12/09/2026 04:10:44";"AUDIT OBJ-LST";"Catalogue : elements=14; colonnes=18; vues=5; URL=https://blogssite.sharepoint.com/sites/Bibliotheque/SitePages";"Reel : elements=14; colonnes=18; vues=5; URL=https://blogssite.sharepoint.com/sites/Bibliotheque/SitePages";"";"Non";"Non";"Non";"IDLST=LST-000049; NOMLISTE=Pages; STATUT=CONFORME; DETAIL=Catalogue coherent avec SharePoint.";"DSE-AUDIT-001-20260912-040912-CONTROLE-48";"JOURNAL - TYPEEVENEMENT - CONTROLE | JOURNAL - SOURCE - WORKFLOW | JOURNAL - RESULTAT - SUCCES";"";"";"";"";"";"";"";"";"09/17/2026 13:50:27";"09/12/2026 02:10:47";"";""
"525";"DSE-AUDIT-001-20260912-040912-CONTROLE-49";"";"";"";"12/09/2026 04:10:46";"AUDIT OBJ-LST";"Catalogue : elements=20; colonnes=3; vues=1; URL=https://blogssite.sharepoint.com/sites/Bibliotheque/SiteAssets";"Reel : elements=20; colonnes=3; vues=1; URL=https://blogssite.sharepoint.com/sites/Bibliotheque/SiteAssets";"";"Non";"Non";"Non";"IDLST=LST-000050; NOMLISTE=Pièces jointes; STATUT=CONFORME; DETAIL=Catalogue coherent avec SharePoint.";"DSE-AUDIT-001-20260912-040912-CONTROLE-49";"JOURNAL - TYPEEVENEMENT - CONTROLE | JOURNAL - SOURCE - WORKFLOW | JOURNAL - RESULTAT - SUCCES";"";"";"";"";"";"";"";"";"09/17/2026 13:50:28";"09/12/2026 02:10:48";"";""
"526";"DSE-AUDIT-001-20260912-040912-CONTROLE-50";"";"";"";"12/09/2026 04:10:48";"AUDIT OBJ-LST";"Catalogue : elements=0; colonnes=2; vues=1; URL=https://blogssite.sharepoint.com/sites/Bibliotheque/Style Library";"Reel : elements=0; colonnes=2; vues=1; URL=https://blogssite.sharepoint.com/sites/Bibliotheque/Style Library";"";"Non";"Non";"Non";"IDLST=LST-000051; NOMLISTE=ZZ-ARCHIVE-DSE-AUTRE - Bibliothèque de styles; STATUT=CONFORME; DETAIL=Catalogue coherent avec SharePoint.";"DSE-AUDIT-001-20260912-040912-CONTROLE-50";"JOURNAL - TYPEEVENEMENT - CONTROLE | JOURNAL - SOURCE - WORKFLOW | JOURNAL - RESULTAT - SUCCES";"";"";"";"";"";"";"";"";"09/17/2026 13:50:30";"09/12/2026 02:10:50";"";""
"527";"DSE-AUDIT-001-20260912-040912-CONTROLE-51";"";"";"";"12/09/2026 04:10:50";"AUDIT OBJ-LST";"Catalogue : elements=0; colonnes=10; vues=2; URL=https://blogssite.sharepoint.com/sites/Bibliotheque/FormServerTemplates";"Reel : elements=0; colonnes=10; vues=2; URL=https://blogssite.sharepoint.com/sites/Bibliotheque/FormServerTemplates";"";"Non";"Non";"Non";"IDLST=LST-000052; NOMLISTE=ZZ-ARCHIVE-DSE-AUTRE - Modèles de formulaire; STATUT=CONFORME; DETAIL=Catalogue coherent avec SharePoint.";"DSE-AUDIT-001-20260912-040912-CONTROLE-51";"JOURNAL - TYPEEVENEMENT - CONTROLE | JOURNAL - SOURCE - WORKFLOW | JOURNAL - RESULTAT - SUCCES";"";"";"";"";"";"";"";"";"09/17/2026 13:50:31";"09/12/2026 02:10:51";"";""
"528";"DSE-AUDIT-001-20260912-040912-CONTROLE-53";"";"";"";"12/09/2026 04:10:52";"AUDIT OBJ-LST";"Catalogue : elements=4; colonnes=2; vues=1; URL=https://blogssite.sharepoint.com/sites/Bibliotheque/AgentAssets";"Reel : elements=4; colonnes=2; vues=1; URL=https://blogssite.sharepoint.com/sites/Bibliotheque/AgentAssets";"";"Non";"Non";"Non";"IDLST=LST-000053; NOMLISTE=ZZ-ARCHIVE-DSE-Ressources d’assistant; STATUT=CONFORME; DETAIL=Catalogue coherent avec SharePoint.";"DSE-AUDIT-001-20260912-040912-CONTROLE-53";"JOURNAL - TYPEEVENEMENT - CONTROLE | JOURNAL - SOURCE - WORKFLOW | JOURNAL - RESULTAT - SUCCES";"";"";"";"";"";"";"";"";"09/17/2026 13:50:33";"09/12/2026 02:10:53";"";""
"529";"DSE-AUDIT-001-20260912-040912-FIN";"";"";"";"12/09/2026 04:10:54";"FIN";"";"";"";"Oui";"Non";"Non";"Controles=52; Conformes=51; Ecarts=1; Erreurs=0; CSV=https://blogssite.sharepoint.com/sites/Bibliotheque/DSEAUDITS/RAPPORTS/DSE-AUDIT-001-20260912-040912.csv; Aucune correction automatique.";"DSE-AUDIT-001-20260912-040912-FIN";"JOURNAL - TYPEEVENEMENT - CONTROLE | JOURNAL - SOURCE - WORKFLOW | JOURNAL - RESULTAT - AVERTISSEMENT";"";"";"";"";"";"";"";"";"09/17/2026 13:50:34";"09/12/2026 02:10:56";"";""
"530";"DSE-AUDIT-002-20260912-070916-DEBUT";"";"";"";"12/09/2026 07:09:17";"DEBUT";"";"";"";"Non";"Non";"Non";"Demarrage de DSE-AUDIT-002 Phase 2. Audit en lecture seule. Aucune correction automatique.";"DSE-AUDIT-002-20260912-070916-DEBUT";"JOURNAL - TYPEEVENEMENT - CONTROLE | JOURNAL - SOURCE - WORKFLOW | JOURNAL - RESULTAT - SUCCES";"";"";"";"";"";"";"";"";"09/17/2026 13:50:36";"09/12/2026 05:09:19";"";""
"531";"DSE-AUDIT-002-20260912-070916-CONTROLE-1";"";"";"";"12/09/2026 07:09:19";"AUDIT GOUVERNANCE OBJ-LST";"";"";"";"Oui";"Non";"Non";"IDLST=LST-000001; NOMLISTE=DOC - Documents; RESULTAT=AVERTISSEMENT; SCORE=80; ANOMALIES=PROPRIETAIRE; EQUIPE";"DSE-AUDIT-002-20260912-070916-CONTROLE-1";"JOURNAL - TYPEEVENEMENT - CONTROLE | JOURNAL - SOURCE - WORKFLOW | JOURNAL - RESULTAT - AVERTISSEMENT";"";"";"";"";"";"";"";"";"09/17/2026 13:50:37";"09/12/2026 05:09:20";"";""
"532";"DSE-AUDIT-002-20260912-070916-CONTROLE-2";"";"";"";"12/09/2026 07:09:19";"AUDIT GOUVERNANCE OBJ-LST";"";"";"";"Oui";"Non";"Non";"IDLST=LST-000002; NOMLISTE=DSE - Coffre Ford; RESULTAT=AVERTISSEMENT; SCORE=80; ANOMALIES=PROPRIETAIRE; EQUIPE";"DSE-AUDIT-002-20260912-070916-CONTROLE-2";"JOURNAL - TYPEEVENEMENT - CONTROLE | JOURNAL - SOURCE - WORKFLOW | JOURNAL - RESULTAT - AVERTISSEMENT";"";"";"";"";"";"";"";"";"09/17/2026 13:50:39";"09/12/2026 05:09:21";"";""
"533";"DSE-AUDIT-002-20260912-070916-CONTROLE-3";"";"";"";"12/09/2026 07:09:20";"AUDIT GOUVERNANCE OBJ-LST";"";"";"";"Oui";"Non";"Non";"IDLST=LST-000003; NOMLISTE=OBJ; RESULTAT=AVERTISSEMENT; SCORE=80; ANOMALIES=PROPRIETAIRE; EQUIPE";"DSE-AUDIT-002-20260912-070916-CONTROLE-3";"JOURNAL - TYPEEVENEMENT - CONTROLE | JOURNAL - SOURCE - WORKFLOW | JOURNAL - RESULTAT - AVERTISSEMENT";"";"";"";"";"";"";"";"";"09/17/2026 13:50:40";"09/12/2026 05:09:23";"";""
"534";"DSE-AUDIT-002-20260912-070916-CONTROLE-4";"";"";"";"12/09/2026 07:09:21";"AUDIT GOUVERNANCE OBJ-LST";"";"";"";"Oui";"Non";"Non";"IDLST=LST-000005; NOMLISTE=OBJ-AUDIT; RESULTAT=AVERTISSEMENT; SCORE=80; ANOMALIES=PROPRIETAIRE; EQUIPE";"DSE-AUDIT-002-20260912-070916-CONTROLE-4";"JOURNAL - TYPEEVENEMENT - CONTROLE | JOURNAL - SOURCE - WORKFLOW | JOURNAL - RESULTAT - AVERTISSEMENT";"";"";"";"";"";"";"";"";"09/17/2026 13:50:42";"09/12/2026 05:09:23";"";""
"535";"DSE-AUDIT-002-20260912-070916-CONTROLE-5";"";"";"";"12/09/2026 07:09:22";"AUDIT GOUVERNANCE OBJ-LST";"";"";"";"Oui";"Non";"Non";"IDLST=LST-000006; NOMLISTE=OBJ-GEO-CAPITALE; RESULTAT=AVERTISSEMENT; SCORE=80; ANOMALIES=PROPRIETAIRE; EQUIPE";"DSE-AUDIT-002-20260912-070916-CONTROLE-5";"JOURNAL - TYPEEVENEMENT - CONTROLE | JOURNAL - SOURCE - WORKFLOW | JOURNAL - RESULTAT - AVERTISSEMENT";"";"";"";"";"";"";"";"";"09/17/2026 13:50:43";"09/12/2026 05:09:23";"";""
"536";"DSE-AUDIT-002-20260912-070916-CONTROLE-6";"";"";"";"12/09/2026 07:09:22";"AUDIT GOUVERNANCE OBJ-LST";"";"";"";"Oui";"Non";"Non";"IDLST=LST-000007; NOMLISTE=OBJ-GEO-CONTINENT; RESULTAT=AVERTISSEMENT; SCORE=80; ANOMALIES=PROPRIETAIRE; EQUIPE";"DSE-AUDIT-002-20260912-070916-CONTROLE-6";"JOURNAL - TYPEEVENEMENT - CONTROLE | JOURNAL - SOURCE - WORKFLOW | JOURNAL - RESULTAT - AVERTISSEMENT";"";"";"";"";"";"";"";"";"09/17/2026 13:50:45";"09/12/2026 05:09:24";"";""
"537";"DSE-AUDIT-002-20260912-070916-CONTROLE-7";"";"";"";"12/09/2026 07:09:23";"AUDIT GOUVERNANCE OBJ-LST";"";"";"";"Oui";"Non";"Non";"IDLST=LST-000008; NOMLISTE=OBJ-GEO-DEPARTEMENT; RESULTAT=AVERTISSEMENT; SCORE=80; ANOMALIES=PROPRIETAIRE; EQUIPE";"DSE-AUDIT-002-20260912-070916-CONTROLE-7";"JOURNAL - TYPEEVENEMENT - CONTROLE | JOURNAL - SOURCE - WORKFLOW | JOURNAL - RESULTAT - AVERTISSEMENT";"";"";"";"";"";"";"";"";"09/17/2026 13:50:46";"09/12/2026 05:09:26";"";""
"538";"DSE-AUDIT-002-20260912-070916-CONTROLE-8";"";"";"";"12/09/2026 07:09:24";"AUDIT GOUVERNANCE OBJ-LST";"";"";"";"Oui";"Non";"Non";"IDLST=LST-000009; NOMLISTE=OBJ-GEO-DEVISE; RESULTAT=AVERTISSEMENT; SCORE=80; ANOMALIES=PROPRIETAIRE; EQUIPE";"DSE-AUDIT-002-20260912-070916-CONTROLE-8";"JOURNAL - TYPEEVENEMENT - CONTROLE | JOURNAL - SOURCE - WORKFLOW | JOURNAL - RESULTAT - AVERTISSEMENT";"";"";"";"";"";"";"";"";"09/17/2026 13:50:48";"09/12/2026 05:09:26";"";""
"539";"DSE-AUDIT-002-20260912-070916-CONTROLE-9";"";"";"";"12/09/2026 07:09:25";"AUDIT GOUVERNANCE OBJ-LST";"";"";"";"Oui";"Non";"Non";"IDLST=LST-000010; NOMLISTE=OBJ-GEO-FUSEAU-HORAIRE; RESULTAT=AVERTISSEMENT; SCORE=80; ANOMALIES=PROPRIETAIRE; EQUIPE";"DSE-AUDIT-002-20260912-070916-CONTROLE-9";"JOURNAL - TYPEEVENEMENT - CONTROLE | JOURNAL - SOURCE - WORKFLOW | JOURNAL - RESULTAT - AVERTISSEMENT";"";"";"";"";"";"";"";"";"09/17/2026 13:50:49";"09/12/2026 05:09:26";"";""
"540";"DSE-AUDIT-002-20260912-070916-CONTROLE-10";"";"";"";"12/09/2026 07:09:25";"AUDIT GOUVERNANCE OBJ-LST";"";"";"";"Oui";"Non";"Non";"IDLST=LST-000011; NOMLISTE=OBJ-GEO-LANGUE; RESULTAT=AVERTISSEMENT; SCORE=80; ANOMALIES=PROPRIETAIRE; EQUIPE";"DSE-AUDIT-002-20260912-070916-CONTROLE-10";"JOURNAL - TYPEEVENEMENT - CONTROLE | JOURNAL - SOURCE - WORKFLOW | JOURNAL - RESULTAT - AVERTISSEMENT";"";"";"";"";"";"";"";"";"09/17/2026 13:50:51";"09/12/2026 05:09:27";"";""
"541";"DSE-AUDIT-002-20260912-070916-CONTROLE-11";"";"";"";"12/09/2026 07:09:26";"AUDIT GOUVERNANCE OBJ-LST";"";"";"";"Oui";"Non";"Non";"IDLST=LST-000012; NOMLISTE=OBJ-GEO-NATIONALITE; RESULTAT=AVERTISSEMENT; SCORE=80; ANOMALIES=PROPRIETAIRE; EQUIPE";"DSE-AUDIT-002-20260912-070916-CONTROLE-11";"JOURNAL - TYPEEVENEMENT - CONTROLE | JOURNAL - SOURCE - WORKFLOW | JOURNAL - RESULTAT - AVERTISSEMENT";"";"";"";"";"";"";"";"";"09/17/2026 13:50:52";"09/12/2026 05:09:28";"";""
"542";"DSE-AUDIT-002-20260912-070916-CONTROLE-12";"";"";"";"12/09/2026 07:09:27";"AUDIT GOUVERNANCE OBJ-LST";"";"";"";"Oui";"Non";"Non";"IDLST=LST-000013; NOMLISTE=OBJ-GEO-PAYS; RESULTAT=AVERTISSEMENT; SCORE=80; ANOMALIES=PROPRIETAIRE; EQUIPE";"DSE-AUDIT-002-20260912-070916-CONTROLE-12";"JOURNAL - TYPEEVENEMENT - CONTROLE | JOURNAL - SOURCE - WORKFLOW | JOURNAL - RESULTAT - AVERTISSEMENT";"";"";"";"";"";"";"";"";"09/17/2026 13:50:54";"09/12/2026 05:09:29";"";""
"543";"DSE-AUDIT-002-20260912-070916-CONTROLE-13";"";"";"";"12/09/2026 07:09:28";"AUDIT GOUVERNANCE OBJ-LST";"";"";"";"Oui";"Non";"Non";"IDLST=LST-000014; NOMLISTE=OBJ-GEO-REGION; RESULTAT=AVERTISSEMENT; SCORE=80; ANOMALIES=PROPRIETAIRE; EQUIPE";"DSE-AUDIT-002-20260912-070916-CONTROLE-13";"JOURNAL - TYPEEVENEMENT - CONTROLE | JOURNAL - SOURCE - WORKFLOW | JOURNAL - RESULTAT - AVERTISSEMENT";"";"";"";"";"";"";"";"";"09/17/2026 13:50:55";"09/12/2026 05:09:29";"";""
"544";"DSE-AUDIT-002-20260912-070916-CONTROLE-14";"";"";"";"12/09/2026 07:09:28";"AUDIT GOUVERNANCE OBJ-LST";"";"";"";"Oui";"Non";"Non";"IDLST=LST-000015; NOMLISTE=OBJ-GEO-SOURCE; RESULTAT=AVERTISSEMENT; SCORE=80; ANOMALIES=PROPRIETAIRE; EQUIPE";"DSE-AUDIT-002-20260912-070916-CONTROLE-14";"JOURNAL - TYPEEVENEMENT - CONTROLE | JOURNAL - SOURCE - WORKFLOW | JOURNAL - RESULTAT - AVERTISSEMENT";"";"";"";"";"";"";"";"";"09/17/2026 13:50:57";"09/12/2026 05:09:30";"";""
"545";"DSE-AUDIT-002-20260912-070916-CONTROLE-15";"";"";"";"12/09/2026 07:09:29";"AUDIT GOUVERNANCE OBJ-LST";"";"";"";"Oui";"Non";"Non";"IDLST=LST-000016; NOMLISTE=OBJ-GEO-STATUT; RESULTAT=AVERTISSEMENT; SCORE=80; ANOMALIES=PROPRIETAIRE; EQUIPE";"DSE-AUDIT-002-20260912-070916-CONTROLE-15";"JOURNAL - TYPEEVENEMENT - CONTROLE | JOURNAL - SOURCE - WORKFLOW | JOURNAL - RESULTAT - AVERTISSEMENT";"";"";"";"";"";"";"";"";"09/17/2026 13:50:58";"09/12/2026 05:09:32";"";""
"546";"DSE-AUDIT-002-20260912-070916-CONTROLE-16";"";"";"";"12/09/2026 07:09:30";"AUDIT GOUVERNANCE OBJ-LST";"";"";"";"Oui";"Non";"Non";"IDLST=LST-000017; NOMLISTE=OBJ-GEO-TERRITOIRE; RESULTAT=AVERTISSEMENT; SCORE=80; ANOMALIES=PROPRIETAIRE; EQUIPE";"DSE-AUDIT-002-20260912-070916-CONTROLE-16";"JOURNAL - TYPEEVENEMENT - CONTROLE | JOURNAL - SOURCE - WORKFLOW | JOURNAL - RESULTAT - AVERTISSEMENT";"";"";"";"";"";"";"";"";"09/17/2026 13:51:00";"09/12/2026 05:09:32";"";""
"547";"DSE-AUDIT-002-20260912-070916-CONTROLE-17";"";"";"";"12/09/2026 07:09:31";"AUDIT GOUVERNANCE OBJ-LST";"";"";"";"Oui";"Non";"Non";"IDLST=LST-000018; NOMLISTE=OBJ-GEO-VILLE; RESULTAT=AVERTISSEMENT; SCORE=80; ANOMALIES=PROPRIETAIRE; EQUIPE";"DSE-AUDIT-002-20260912-070916-CONTROLE-17";"JOURNAL - TYPEEVENEMENT - CONTROLE | JOURNAL - SOURCE - WORKFLOW | JOURNAL - RESULTAT - AVERTISSEMENT";"";"";"";"";"";"";"";"";"09/17/2026 13:51:01";"09/12/2026 05:09:33";"";""
"548";"DSE-AUDIT-002-20260912-070916-CONTROLE-18";"";"";"";"12/09/2026 07:09:31";"AUDIT GOUVERNANCE OBJ-LST";"";"";"";"Oui";"Non";"Non";"IDLST=LST-000019; NOMLISTE=OBJ-GEO-ZONE; RESULTAT=AVERTISSEMENT; SCORE=80; ANOMALIES=PROPRIETAIRE; EQUIPE";"DSE-AUDIT-002-20260912-070916-CONTROLE-18";"JOURNAL - TYPEEVENEMENT - CONTROLE | JOURNAL - SOURCE - WORKFLOW | JOURNAL - RESULTAT - AVERTISSEMENT";"";"";"";"";"";"";"";"";"09/17/2026 13:51:03";"09/12/2026 05:09:33";"";""
"549";"DSE-AUDIT-002-20260912-070916-CONTROLE-19";"";"";"";"12/09/2026 07:09:32";"AUDIT GOUVERNANCE OBJ-LST";"";"";"";"Oui";"Non";"Non";"IDLST=LST-000020; NOMLISTE=OBJ-JRN; RESULTAT=AVERTISSEMENT; SCORE=80; ANOMALIES=PROPRIETAIRE; EQUIPE";"DSE-AUDIT-002-20260912-070916-CONTROLE-19";"JOURNAL - TYPEEVENEMENT - CONTROLE | JOURNAL - SOURCE - WORKFLOW | JOURNAL - RESULTAT - AVERTISSEMENT";"";"";"";"";"";"";"";"";"09/17/2026 13:51:04";"09/12/2026 05:09:35";"";""
"550";"DSE-AUDIT-002-20260912-070916-CONTROLE-20";"";"";"";"12/09/2026 07:09:33";"AUDIT GOUVERNANCE OBJ-LST";"";"";"";"Oui";"Non";"Non";"IDLST=LST-000021; NOMLISTE=OBJ-JRN-GEO; RESULTAT=AVERTISSEMENT; SCORE=80; ANOMALIES=PROPRIETAIRE; EQUIPE";"DSE-AUDIT-002-20260912-070916-CONTROLE-20";"JOURNAL - TYPEEVENEMENT - CONTROLE | JOURNAL - SOURCE - WORKFLOW | JOURNAL - RESULTAT - AVERTISSEMENT";"";"";"";"";"";"";"";"";"09/17/2026 13:51:06";"09/12/2026 05:09:35";"";""
"551";"DSE-AUDIT-002-20260912-070916-CONTROLE-21";"";"";"";"12/09/2026 07:09:34";"AUDIT GOUVERNANCE OBJ-LST";"";"";"";"Oui";"Non";"Non";"IDLST=LST-000022; NOMLISTE=OBJ-MODULE; RESULTAT=AVERTISSEMENT; SCORE=80; ANOMALIES=PROPRIETAIRE; EQUIPE";"DSE-AUDIT-002-20260912-070916-CONTROLE-21";"JOURNAL - TYPEEVENEMENT - CONTROLE | JOURNAL - SOURCE - WORKFLOW | JOURNAL - RESULTAT - AVERTISSEMENT";"";"";"";"";"";"";"";"";"09/17/2026 13:51:07";"09/12/2026 05:09:35";"";""
"552";"DSE-AUDIT-002-20260912-070916-CONTROLE-22";"";"";"";"12/09/2026 07:09:34";"AUDIT GOUVERNANCE OBJ-LST";"";"";"";"Oui";"Non";"Non";"IDLST=LST-000023; NOMLISTE=OBJ-ORG; RESULTAT=AVERTISSEMENT; SCORE=80; ANOMALIES=PROPRIETAIRE; EQUIPE";"DSE-AUDIT-002-20260912-070916-CONTROLE-22";"JOURNAL - TYPEEVENEMENT - CONTROLE | JOURNAL - SOURCE - WORKFLOW | JOURNAL - RESULTAT - AVERTISSEMENT";"";"";"";"";"";"";"";"";"09/17/2026 13:51:09";"09/12/2026 05:09:36";"";""
"553";"DSE-AUDIT-002-20260912-070916-CONTROLE-23";"";"";"";"12/09/2026 07:09:35";"AUDIT GOUVERNANCE OBJ-LST";"";"";"";"Oui";"Non";"Non";"IDLST=LST-000024; NOMLISTE=OBJ-ORG-COMPTE; RESULTAT=AVERTISSEMENT; SCORE=80; ANOMALIES=PROPRIETAIRE; EQUIPE";"DSE-AUDIT-002-20260912-070916-CONTROLE-23";"JOURNAL - TYPEEVENEMENT - CONTROLE | JOURNAL - SOURCE - WORKFLOW | JOURNAL - RESULTAT - AVERTISSEMENT";"";"";"";"";"";"";"";"";"09/17/2026 13:51:10";"09/12/2026 05:09:38";"";""
"554";"DSE-AUDIT-002-20260912-070916-CONTROLE-24";"";"";"";"12/09/2026 07:09:36";"AUDIT GOUVERNANCE OBJ-LST";"";"";"";"Oui";"Non";"Non";"IDLST=LST-000025; NOMLISTE=OBJ-ORG-CONTACT; RESULTAT=AVERTISSEMENT; SCORE=80; ANOMALIES=PROPRIETAIRE; EQUIPE";"DSE-AUDIT-002-20260912-070916-CONTROLE-24";"JOURNAL - TYPEEVENEMENT - CONTROLE | JOURNAL - SOURCE - WORKFLOW | JOURNAL - RESULTAT - AVERTISSEMENT";"";"";"";"";"";"";"";"";"09/17/2026 13:51:12";"09/12/2026 05:09:38";"";""
"555";"DSE-AUDIT-002-20260912-070916-CONTROLE-25";"";"";"";"12/09/2026 07:09:37";"AUDIT GOUVERNANCE OBJ-LST";"";"";"";"Oui";"Non";"Non";"IDLST=LST-000026; NOMLISTE=OBJ-PWS; RESULTAT=AVERTISSEMENT; SCORE=80; ANOMALIES=PROPRIETAIRE; EQUIPE";"DSE-AUDIT-002-20260912-070916-CONTROLE-25";"JOURNAL - TYPEEVENEMENT - CONTROLE | JOURNAL - SOURCE - WORKFLOW | JOURNAL - RESULTAT - AVERTISSEMENT";"";"";"";"";"";"";"";"";"09/17/2026 13:51:13";"09/12/2026 05:09:38";"";""
"556";"DSE-AUDIT-002-20260912-070916-CONTROLE-26";"";"";"";"12/09/2026 07:09:37";"AUDIT GOUVERNANCE OBJ-LST";"";"";"";"Oui";"Non";"Non";"IDLST=LST-000027; NOMLISTE=OBJ-REF-00; RESULTAT=AVERTISSEMENT; SCORE=80; ANOMALIES=PROPRIETAIRE; EQUIPE";"DSE-AUDIT-002-20260912-070916-CONTROLE-26";"JOURNAL - TYPEEVENEMENT - CONTROLE | JOURNAL - SOURCE - WORKFLOW | JOURNAL - RESULTAT - AVERTISSEMENT";"";"";"";"";"";"";"";"";"09/17/2026 13:51:15";"09/12/2026 05:09:39";"";""
"557";"DSE-AUDIT-002-20260912-070916-CONTROLE-27";"";"";"";"12/09/2026 07:09:38";"AUDIT GOUVERNANCE OBJ-LST";"";"";"";"Oui";"Non";"Non";"IDLST=LST-000028; NOMLISTE=OBJ-REF-10; RESULTAT=AVERTISSEMENT; SCORE=80; ANOMALIES=PROPRIETAIRE; EQUIPE";"DSE-AUDIT-002-20260912-070916-CONTROLE-27";"JOURNAL - TYPEEVENEMENT - CONTROLE | JOURNAL - SOURCE - WORKFLOW | JOURNAL - RESULTAT - AVERTISSEMENT";"";"";"";"";"";"";"";"";"09/17/2026 13:51:16";"09/12/2026 05:09:41";"";""
"558";"DSE-AUDIT-002-20260912-070916-CONTROLE-28";"";"";"";"12/09/2026 07:09:39";"AUDIT GOUVERNANCE OBJ-LST";"";"";"";"Oui";"Non";"Non";"IDLST=LST-000029; NOMLISTE=OBJ-REF-20; RESULTAT=AVERTISSEMENT; SCORE=80; ANOMALIES=PROPRIETAIRE; EQUIPE";"DSE-AUDIT-002-20260912-070916-CONTROLE-28";"JOURNAL - TYPEEVENEMENT - CONTROLE | JOURNAL - SOURCE - WORKFLOW | JOURNAL - RESULTAT - AVERTISSEMENT";"";"";"";"";"";"";"";"";"09/17/2026 13:51:18";"09/12/2026 05:09:41";"";""
"559";"DSE-AUDIT-002-20260912-070916-CONTROLE-29";"";"";"";"12/09/2026 07:09:40";"AUDIT GOUVERNANCE OBJ-LST";"";"";"";"Oui";"Non";"Non";"IDLST=LST-000030; NOMLISTE=OBJ-REF-30; RESULTAT=AVERTISSEMENT; SCORE=80; ANOMALIES=PROPRIETAIRE; EQUIPE";"DSE-AUDIT-002-20260912-070916-CONTROLE-29";"JOURNAL - TYPEEVENEMENT - CONTROLE | JOURNAL - SOURCE - WORKFLOW | JOURNAL - RESULTAT - AVERTISSEMENT";"";"";"";"";"";"";"";"";"09/17/2026 13:51:19";"09/12/2026 05:09:41";"";""
"560";"DSE-AUDIT-002-20260912-070916-CONTROLE-30";"";"";"";"12/09/2026 07:09:40";"AUDIT GOUVERNANCE OBJ-LST";"";"";"";"Oui";"Non";"Non";"IDLST=LST-000031; NOMLISTE=OBJ-REF-40; RESULTAT=AVERTISSEMENT; SCORE=80; ANOMALIES=PROPRIETAIRE; EQUIPE";"DSE-AUDIT-002-20260912-070916-CONTROLE-30";"JOURNAL - TYPEEVENEMENT - CONTROLE | JOURNAL - SOURCE - WORKFLOW | JOURNAL - RESULTAT - AVERTISSEMENT";"";"";"";"";"";"";"";"";"09/17/2026 13:51:22";"09/12/2026 05:09:42";"";""
"561";"DSE-AUDIT-002-20260912-070916-CONTROLE-31";"";"";"";"12/09/2026 07:09:41";"AUDIT GOUVERNANCE OBJ-LST";"";"";"";"Oui";"Non";"Non";"IDLST=LST-000032; NOMLISTE=OBJ-REF-50; RESULTAT=AVERTISSEMENT; SCORE=80; ANOMALIES=PROPRIETAIRE; EQUIPE";"DSE-AUDIT-002-20260912-070916-CONTROLE-31";"JOURNAL - TYPEEVENEMENT - CONTROLE | JOURNAL - SOURCE - WORKFLOW | JOURNAL - RESULTAT - AVERTISSEMENT";"";"";"";"";"";"";"";"";"09/17/2026 13:51:22";"09/12/2026 05:09:43";"";""
"562";"DSE-AUDIT-002-20260912-070916-CONTROLE-32";"";"";"";"12/09/2026 07:09:42";"AUDIT GOUVERNANCE OBJ-LST";"";"";"";"Oui";"Non";"Non";"IDLST=LST-000033; NOMLISTE=OBJ-REF-60; RESULTAT=AVERTISSEMENT; SCORE=80; ANOMALIES=PROPRIETAIRE; EQUIPE";"DSE-AUDIT-002-20260912-070916-CONTROLE-32";"JOURNAL - TYPEEVENEMENT - CONTROLE | JOURNAL - SOURCE - WORKFLOW | JOURNAL - RESULTAT - AVERTISSEMENT";"";"";"";"";"";"";"";"";"09/17/2026 13:51:25";"09/12/2026 05:09:44";"";""
"563";"DSE-AUDIT-002-20260912-070916-CONTROLE-33";"";"";"";"12/09/2026 07:09:42";"AUDIT GOUVERNANCE OBJ-LST";"";"";"";"Oui";"Non";"Non";"IDLST=LST-000034; NOMLISTE=OBJ-REF-70; RESULTAT=AVERTISSEMENT; SCORE=80; ANOMALIES=PROPRIETAIRE; EQUIPE";"DSE-AUDIT-002-20260912-070916-CONTROLE-33";"JOURNAL - TYPEEVENEMENT - CONTROLE | JOURNAL - SOURCE - WORKFLOW | JOURNAL - RESULTAT - AVERTISSEMENT";"";"";"";"";"";"";"";"";"09/17/2026 13:51:26";"09/12/2026 05:09:44";"";""
"564";"DSE-AUDIT-002-20260912-070916-CONTROLE-34";"";"";"";"12/09/2026 07:09:43";"AUDIT GOUVERNANCE OBJ-LST";"";"";"";"Oui";"Non";"Non";"IDLST=LST-000035; NOMLISTE=OBJ-REF-80; RESULTAT=AVERTISSEMENT; SCORE=80; ANOMALIES=PROPRIETAIRE; EQUIPE";"DSE-AUDIT-002-20260912-070916-CONTROLE-34";"JOURNAL - TYPEEVENEMENT - CONTROLE | JOURNAL - SOURCE - WORKFLOW | JOURNAL - RESULTAT - AVERTISSEMENT";"";"";"";"";"";"";"";"";"09/17/2026 13:51:27";"09/12/2026 05:09:45";"";""
"565";"DSE-AUDIT-002-20260912-070916-CONTROLE-35";"";"";"";"12/09/2026 07:09:44";"AUDIT GOUVERNANCE OBJ-LST";"";"";"";"Oui";"Non";"Non";"IDLST=LST-000036; NOMLISTE=OBJ-REF-90; RESULTAT=AVERTISSEMENT; SCORE=80; ANOMALIES=PROPRIETAIRE; EQUIPE";"DSE-AUDIT-002-20260912-070916-CONTROLE-35";"JOURNAL - TYPEEVENEMENT - CONTROLE | JOURNAL - SOURCE - WORKFLOW | JOURNAL - RESULTAT - AVERTISSEMENT";"";"";"";"";"";"";"";"";"09/17/2026 13:51:29";"09/12/2026 05:09:46";"";""
"566";"DSE-AUDIT-002-20260912-070916-CONTROLE-36";"";"";"";"12/09/2026 07:09:45";"AUDIT GOUVERNANCE OBJ-LST";"";"";"";"Oui";"Non";"Non";"IDLST=LST-000037; NOMLISTE=OBJ-REF-95; RESULTAT=AVERTISSEMENT; SCORE=80; ANOMALIES=PROPRIETAIRE; EQUIPE";"DSE-AUDIT-002-20260912-070916-CONTROLE-36";"JOURNAL - TYPEEVENEMENT - CONTROLE | JOURNAL - SOURCE - WORKFLOW | JOURNAL - RESULTAT - AVERTISSEMENT";"";"";"";"";"";"";"";"";"09/17/2026 13:51:30";"09/12/2026 05:09:47";"";""
"567";"DSE-AUDIT-002-20260912-070916-CONTROLE-37";"";"";"";"12/09/2026 07:09:46";"AUDIT GOUVERNANCE OBJ-LST";"";"";"";"Oui";"Non";"Non";"IDLST=LST-000038; NOMLISTE=OBJ-REF-DOMAINE; RESULTAT=AVERTISSEMENT; SCORE=80; ANOMALIES=PROPRIETAIRE; EQUIPE";"DSE-AUDIT-002-20260912-070916-CONTROLE-37";"JOURNAL - TYPEEVENEMENT - CONTROLE | JOURNAL - SOURCE - WORKFLOW | JOURNAL - RESULTAT - AVERTISSEMENT";"";"";"";"";"";"";"";"";"09/17/2026 13:51:32";"09/12/2026 05:09:47";"";""
"568";"DSE-AUDIT-002-20260912-070916-CONTROLE-38";"";"";"";"12/09/2026 07:09:46";"AUDIT GOUVERNANCE OBJ-LST";"";"";"";"Oui";"Non";"Non";"IDLST=LST-000039; NOMLISTE=OBJ-REF-LST-STATUT; RESULTAT=AVERTISSEMENT; SCORE=80; ANOMALIES=PROPRIETAIRE; EQUIPE";"DSE-AUDIT-002-20260912-070916-CONTROLE-38";"JOURNAL - TYPEEVENEMENT - CONTROLE | JOURNAL - SOURCE - WORKFLOW | JOURNAL - RESULTAT - AVERTISSEMENT";"";"";"";"";"";"";"";"";"09/17/2026 13:51:33";"09/12/2026 05:09:48";"";""
"569";"DSE-AUDIT-002-20260912-070916-CONTROLE-39";"";"";"";"12/09/2026 07:09:47";"AUDIT GOUVERNANCE OBJ-LST";"";"";"";"Oui";"Non";"Non";"IDLST=LST-000040; NOMLISTE=OBJ-REF-LST-TYPE; RESULTAT=AVERTISSEMENT; SCORE=80; ANOMALIES=PROPRIETAIRE; EQUIPE";"DSE-AUDIT-002-20260912-070916-CONTROLE-39";"JOURNAL - TYPEEVENEMENT - CONTROLE | JOURNAL - SOURCE - WORKFLOW | JOURNAL - RESULTAT - AVERTISSEMENT";"";"";"";"";"";"";"";"";"09/17/2026 13:51:35";"09/12/2026 05:09:49";"";""
"570";"DSE-AUDIT-002-20260912-070916-CONTROLE-40";"";"";"";"12/09/2026 07:09:48";"AUDIT GOUVERNANCE OBJ-LST";"";"";"";"Oui";"Non";"Non";"IDLST=LST-000041; NOMLISTE=OBJ-REF-ORG-COMPTE-TYPE; RESULTAT=AVERTISSEMENT; SCORE=80; ANOMALIES=PROPRIETAIRE; EQUIPE";"DSE-AUDIT-002-20260912-070916-CONTROLE-40";"JOURNAL - TYPEEVENEMENT - CONTROLE | JOURNAL - SOURCE - WORKFLOW | JOURNAL - RESULTAT - AVERTISSEMENT";"";"";"";"";"";"";"";"";"09/17/2026 13:51:36";"09/12/2026 05:09:50";"";""
"571";"DSE-AUDIT-002-20260912-070916-CONTROLE-41";"";"";"";"12/09/2026 07:09:49";"AUDIT GOUVERNANCE OBJ-LST";"";"";"";"Oui";"Non";"Non";"IDLST=LST-000042; NOMLISTE=OBJ-REF-ORG-CONTACT-TYPE; RESULTAT=AVERTISSEMENT; SCORE=80; ANOMALIES=PROPRIETAIRE; EQUIPE";"DSE-AUDIT-002-20260912-070916-CONTROLE-41";"JOURNAL - TYPEEVENEMENT - CONTROLE | JOURNAL - SOURCE - WORKFLOW | JOURNAL - RESULTAT - AVERTISSEMENT";"";"";"";"";"";"";"";"";"09/17/2026 13:51:39";"09/12/2026 05:09:50";"";""
"572";"DSE-AUDIT-002-20260912-070916-CONTROLE-42";"";"";"";"12/09/2026 07:09:49";"AUDIT GOUVERNANCE OBJ-LST";"";"";"";"Oui";"Non";"Non";"IDLST=LST-000043; NOMLISTE=OBJ-REF-ORG-SECTEUR; RESULTAT=AVERTISSEMENT; SCORE=80; ANOMALIES=PROPRIETAIRE; EQUIPE";"DSE-AUDIT-002-20260912-070916-CONTROLE-42";"JOURNAL - TYPEEVENEMENT - CONTROLE | JOURNAL - SOURCE - WORKFLOW | JOURNAL - RESULTAT - AVERTISSEMENT";"";"";"";"";"";"";"";"";"09/17/2026 13:51:39";"09/12/2026 05:09:51";"";""
"573";"DSE-AUDIT-002-20260912-070916-CONTROLE-43";"";"";"";"12/09/2026 07:09:50";"AUDIT GOUVERNANCE OBJ-LST";"";"";"";"Oui";"Non";"Non";"IDLST=LST-000044; NOMLISTE=OBJ-REF-ORG-STATUT; RESULTAT=AVERTISSEMENT; SCORE=80; ANOMALIES=PROPRIETAIRE; EQUIPE";"DSE-AUDIT-002-20260912-070916-CONTROLE-43";"JOURNAL - TYPEEVENEMENT - CONTROLE | JOURNAL - SOURCE - WORKFLOW | JOURNAL - RESULTAT - AVERTISSEMENT";"";"";"";"";"";"";"";"";"09/17/2026 13:51:41";"09/12/2026 05:09:52";"";""
"574";"DSE-AUDIT-002-20260912-070916-CONTROLE-44";"";"";"";"12/09/2026 07:09:51";"AUDIT GOUVERNANCE OBJ-LST";"";"";"";"Oui";"Non";"Non";"IDLST=LST-000045; NOMLISTE=OBJ-REF-ORG-TYPE; RESULTAT=AVERTISSEMENT; SCORE=80; ANOMALIES=PROPRIETAIRE; EQUIPE";"DSE-AUDIT-002-20260912-070916-CONTROLE-44";"JOURNAL - TYPEEVENEMENT - CONTROLE | JOURNAL - SOURCE - WORKFLOW | JOURNAL - RESULTAT - AVERTISSEMENT";"";"";"";"";"";"";"";"";"09/17/2026 13:51:42";"09/12/2026 05:09:53";"";""
"575";"DSE-AUDIT-002-20260912-070916-CONTROLE-45";"";"";"";"12/09/2026 07:09:51";"AUDIT GOUVERNANCE OBJ-LST";"";"";"";"Oui";"Non";"Non";"IDLST=LST-000046; NOMLISTE=OBJ-REL; RESULTAT=AVERTISSEMENT; SCORE=80; ANOMALIES=PROPRIETAIRE; EQUIPE";"DSE-AUDIT-002-20260912-070916-CONTROLE-45";"JOURNAL - TYPEEVENEMENT - CONTROLE | JOURNAL - SOURCE - WORKFLOW | JOURNAL - RESULTAT - AVERTISSEMENT";"";"";"";"";"";"";"";"";"09/17/2026 13:51:45";"09/12/2026 05:09:53";"";""
"576";"DSE-AUDIT-002-20260912-070916-CONTROLE-46";"";"";"";"12/09/2026 07:09:52";"AUDIT GOUVERNANCE OBJ-LST";"";"";"";"Oui";"Non";"Non";"IDLST=LST-000047; NOMLISTE=OBJ-SITE; RESULTAT=AVERTISSEMENT; SCORE=80; ANOMALIES=PROPRIETAIRE; EQUIPE";"DSE-AUDIT-002-20260912-070916-CONTROLE-46";"JOURNAL - TYPEEVENEMENT - CONTROLE | JOURNAL - SOURCE - WORKFLOW | JOURNAL - RESULTAT - AVERTISSEMENT";"";"";"";"";"";"";"";"";"09/17/2026 13:51:45";"09/12/2026 05:09:54";"";""
"577";"DSE-AUDIT-002-20260912-070916-CONTROLE-47";"";"";"";"12/09/2026 07:09:53";"AUDIT GOUVERNANCE OBJ-LST";"";"";"";"Oui";"Non";"Non";"IDLST=LST-000048; NOMLISTE=OBJ-STATUT; RESULTAT=AVERTISSEMENT; SCORE=80; ANOMALIES=PROPRIETAIRE; EQUIPE";"DSE-AUDIT-002-20260912-070916-CONTROLE-47";"JOURNAL - TYPEEVENEMENT - CONTROLE | JOURNAL - SOURCE - WORKFLOW | JOURNAL - RESULTAT - AVERTISSEMENT";"";"";"";"";"";"";"";"";"09/17/2026 13:51:47";"09/12/2026 05:09:55";"";""
"578";"DSE-AUDIT-002-20260912-070916-CONTROLE-48";"";"";"";"12/09/2026 07:09:54";"AUDIT GOUVERNANCE OBJ-LST";"";"";"";"Oui";"Non";"Non";"IDLST=LST-000049; NOMLISTE=Pages; RESULTAT=AVERTISSEMENT; SCORE=80; ANOMALIES=PROPRIETAIRE; EQUIPE";"DSE-AUDIT-002-20260912-070916-CONTROLE-48";"JOURNAL - TYPEEVENEMENT - CONTROLE | JOURNAL - SOURCE - WORKFLOW | JOURNAL - RESULTAT - AVERTISSEMENT";"";"";"";"";"";"";"";"";"09/17/2026 13:51:48";"09/12/2026 05:09:56";"";""
"579";"DSE-AUDIT-002-20260912-070916-CONTROLE-49";"";"";"";"12/09/2026 07:09:54";"AUDIT GOUVERNANCE OBJ-LST";"";"";"";"Oui";"Non";"Non";"IDLST=LST-000050; NOMLISTE=Pièces jointes; RESULTAT=AVERTISSEMENT; SCORE=80; ANOMALIES=PROPRIETAIRE; EQUIPE";"DSE-AUDIT-002-20260912-070916-CONTROLE-49";"JOURNAL - TYPEEVENEMENT - CONTROLE | JOURNAL - SOURCE - WORKFLOW | JOURNAL - RESULTAT - AVERTISSEMENT";"";"";"";"";"";"";"";"";"09/17/2026 13:51:50";"09/12/2026 05:09:56";"";""
"580";"DSE-AUDIT-002-20260912-070916-CONTROLE-50";"";"";"";"12/09/2026 07:09:55";"AUDIT GOUVERNANCE OBJ-LST";"";"";"";"Oui";"Non";"Non";"IDLST=LST-000051; NOMLISTE=ZZ-ARCHIVE-DSE-AUTRE - Bibliothèque de styles; RESULTAT=AVERTISSEMENT; SCORE=80; ANOMALIES=PROPRIETAIRE; EQUIPE";"DSE-AUDIT-002-20260912-070916-CONTROLE-50";"JOURNAL - TYPEEVENEMENT - CONTROLE | JOURNAL - SOURCE - WORKFLOW | JOURNAL - RESULTAT - AVERTISSEMENT";"";"";"";"";"";"";"";"";"09/17/2026 13:51:51";"09/12/2026 05:09:57";"";""
"581";"DSE-AUDIT-002-20260912-070916-CONTROLE-51";"";"";"";"12/09/2026 07:09:56";"AUDIT GOUVERNANCE OBJ-LST";"";"";"";"Oui";"Non";"Non";"IDLST=LST-000052; NOMLISTE=ZZ-ARCHIVE-DSE-AUTRE - Modèles de formulaire; RESULTAT=AVERTISSEMENT; SCORE=80; ANOMALIES=PROPRIETAIRE; EQUIPE";"DSE-AUDIT-002-20260912-070916-CONTROLE-51";"JOURNAL - TYPEEVENEMENT - CONTROLE | JOURNAL - SOURCE - WORKFLOW | JOURNAL - RESULTAT - AVERTISSEMENT";"";"";"";"";"";"";"";"";"09/17/2026 13:51:53";"09/12/2026 05:09:58";"";""
"582";"DSE-AUDIT-002-20260912-070916-CONTROLE-53";"";"";"";"12/09/2026 07:09:57";"AUDIT GOUVERNANCE OBJ-LST";"";"";"";"Oui";"Non";"Non";"IDLST=LST-000053; NOMLISTE=ZZ-ARCHIVE-DSE-Ressources d’assistant; RESULTAT=AVERTISSEMENT; SCORE=80; ANOMALIES=PROPRIETAIRE; EQUIPE";"DSE-AUDIT-002-20260912-070916-CONTROLE-53";"JOURNAL - TYPEEVENEMENT - CONTROLE | JOURNAL - SOURCE - WORKFLOW | JOURNAL - RESULTAT - AVERTISSEMENT";"";"";"";"";"";"";"";"";"09/17/2026 13:51:54";"09/12/2026 05:09:59";"";""
"583";"DSE-AUDIT-002-20260912-070916-FIN";"";"";"";"12/09/2026 07:09:59";"FIN";"";"";"";"Oui";"Non";"Non";"Controles=52; Conformes=0; Avertissements=52; Erreurs=0; CSV=https://blogssite.sharepoint.com/sites/Bibliotheque/DSEAUDITS/RAPPORTS/DSE-AUDIT-002-GOUVERNANCE-20260912-070916.csv; Aucune correction automatique.";"DSE-AUDIT-002-20260912-070916-FIN";"JOURNAL - TYPEEVENEMENT - CONTROLE | JOURNAL - SOURCE - WORKFLOW | JOURNAL - RESULTAT - AVERTISSEMENT";"";"";"";"";"";"";"";"";"09/17/2026 13:51:56";"09/12/2026 05:10:01";"";""
"584";"DSE-AUDIT-002-20260912-074205-DEBUT";"";"";"";"12/09/2026 07:42:06";"DEBUT";"";"";"";"Non";"Non";"Non";"Demarrage de DSE-AUDIT-002 Phase 2. Audit en lecture seule. Aucune correction automatique.";"DSE-AUDIT-002-20260912-074205-DEBUT";"JOURNAL - TYPEEVENEMENT - CONTROLE | JOURNAL - SOURCE - WORKFLOW | JOURNAL - RESULTAT - SUCCES";"";"";"";"";"";"";"";"";"09/17/2026 13:51:57";"09/12/2026 05:42:08";"";""
"585";"DSE-AUDIT-002-20260912-074205-CONTROLE-1";"";"";"";"12/09/2026 07:42:08";"AUDIT GOUVERNANCE OBJ-LST";"";"";"";"Oui";"Non";"Non";"IDLST=LST-000001; NOMLISTE=DOC - Documents; RESULTAT=AVERTISSEMENT; SCORE=90; ANOMALIES=EQUIPE";"DSE-AUDIT-002-20260912-074205-CONTROLE-1";"JOURNAL - TYPEEVENEMENT - CONTROLE | JOURNAL - SOURCE - WORKFLOW | JOURNAL - RESULTAT - AVERTISSEMENT";"";"";"";"";"";"";"";"";"09/17/2026 13:51:59";"09/12/2026 05:42:10";"";""
"586";"DSE-AUDIT-002-20260912-074205-CONTROLE-2";"";"";"";"12/09/2026 07:42:09";"AUDIT GOUVERNANCE OBJ-LST";"";"";"";"Oui";"Non";"Non";"IDLST=LST-000002; NOMLISTE=DSE - Coffre Ford; RESULTAT=AVERTISSEMENT; SCORE=90; ANOMALIES=EQUIPE";"DSE-AUDIT-002-20260912-074205-CONTROLE-2";"JOURNAL - TYPEEVENEMENT - CONTROLE | JOURNAL - SOURCE - WORKFLOW | JOURNAL - RESULTAT - AVERTISSEMENT";"";"";"";"";"";"";"";"";"09/17/2026 13:52:00";"09/12/2026 05:42:11";"";""
"587";"DSE-AUDIT-002-20260912-074205-CONTROLE-3";"";"";"";"12/09/2026 07:42:09";"AUDIT GOUVERNANCE OBJ-LST";"";"";"";"Oui";"Non";"Non";"IDLST=LST-000003; NOMLISTE=OBJ; RESULTAT=AVERTISSEMENT; SCORE=90; ANOMALIES=EQUIPE";"DSE-AUDIT-002-20260912-074205-CONTROLE-3";"JOURNAL - TYPEEVENEMENT - CONTROLE | JOURNAL - SOURCE - WORKFLOW | JOURNAL - RESULTAT - AVERTISSEMENT";"";"";"";"";"";"";"";"";"09/17/2026 13:52:02";"09/12/2026 05:42:11";"";""
"588";"DSE-AUDIT-002-20260912-074205-CONTROLE-4";"";"";"";"12/09/2026 07:42:10";"AUDIT GOUVERNANCE OBJ-LST";"";"";"";"Oui";"Non";"Non";"IDLST=LST-000005; NOMLISTE=OBJ-AUDIT; RESULTAT=AVERTISSEMENT; SCORE=90; ANOMALIES=EQUIPE";"DSE-AUDIT-002-20260912-074205-CONTROLE-4";"JOURNAL - TYPEEVENEMENT - CONTROLE | JOURNAL - SOURCE - WORKFLOW | JOURNAL - RESULTAT - AVERTISSEMENT";"";"";"";"";"";"";"";"";"09/17/2026 13:52:03";"09/12/2026 05:42:12";"";""
"589";"DSE-AUDIT-002-20260912-074205-CONTROLE-5";"";"";"";"12/09/2026 07:42:11";"AUDIT GOUVERNANCE OBJ-LST";"";"";"";"Oui";"Non";"Non";"IDLST=LST-000006; NOMLISTE=OBJ-GEO-CAPITALE; RESULTAT=AVERTISSEMENT; SCORE=90; ANOMALIES=EQUIPE";"DSE-AUDIT-002-20260912-074205-CONTROLE-5";"JOURNAL - TYPEEVENEMENT - CONTROLE | JOURNAL - SOURCE - WORKFLOW | JOURNAL - RESULTAT - AVERTISSEMENT";"";"";"";"";"";"";"";"";"09/17/2026 13:52:05";"09/12/2026 05:42:13";"";""
"590";"DSE-AUDIT-002-20260912-074205-CONTROLE-6";"";"";"";"12/09/2026 07:42:12";"AUDIT GOUVERNANCE OBJ-LST";"";"";"";"Oui";"Non";"Non";"IDLST=LST-000007; NOMLISTE=OBJ-GEO-CONTINENT; RESULTAT=AVERTISSEMENT; SCORE=90; ANOMALIES=EQUIPE";"DSE-AUDIT-002-20260912-074205-CONTROLE-6";"JOURNAL - TYPEEVENEMENT - CONTROLE | JOURNAL - SOURCE - WORKFLOW | JOURNAL - RESULTAT - AVERTISSEMENT";"";"";"";"";"";"";"";"";"09/17/2026 13:52:06";"09/12/2026 05:42:14";"";""
"591";"DSE-AUDIT-002-20260912-074205-CONTROLE-7";"";"";"";"12/09/2026 07:42:13";"AUDIT GOUVERNANCE OBJ-LST";"";"";"";"Oui";"Non";"Non";"IDLST=LST-000008; NOMLISTE=OBJ-GEO-DEPARTEMENT; RESULTAT=AVERTISSEMENT; SCORE=90; ANOMALIES=EQUIPE";"DSE-AUDIT-002-20260912-074205-CONTROLE-7";"JOURNAL - TYPEEVENEMENT - CONTROLE | JOURNAL - SOURCE - WORKFLOW | JOURNAL - RESULTAT - AVERTISSEMENT";"";"";"";"";"";"";"";"";"09/17/2026 13:52:08";"09/12/2026 05:42:14";"";""
"592";"DSE-AUDIT-002-20260912-074205-CONTROLE-8";"";"";"";"12/09/2026 07:42:13";"AUDIT GOUVERNANCE OBJ-LST";"";"";"";"Oui";"Non";"Non";"IDLST=LST-000009; NOMLISTE=OBJ-GEO-DEVISE; RESULTAT=AVERTISSEMENT; SCORE=90; ANOMALIES=EQUIPE";"DSE-AUDIT-002-20260912-074205-CONTROLE-8";"JOURNAL - TYPEEVENEMENT - CONTROLE | JOURNAL - SOURCE - WORKFLOW | JOURNAL - RESULTAT - AVERTISSEMENT";"";"";"";"";"";"";"";"";"09/17/2026 13:52:09";"09/12/2026 05:42:15";"";""
"593";"DSE-AUDIT-002-20260912-074205-CONTROLE-9";"";"";"";"12/09/2026 07:42:14";"AUDIT GOUVERNANCE OBJ-LST";"";"";"";"Oui";"Non";"Non";"IDLST=LST-000010; NOMLISTE=OBJ-GEO-FUSEAU-HORAIRE; RESULTAT=AVERTISSEMENT; SCORE=90; ANOMALIES=EQUIPE";"DSE-AUDIT-002-20260912-074205-CONTROLE-9";"JOURNAL - TYPEEVENEMENT - CONTROLE | JOURNAL - SOURCE - WORKFLOW | JOURNAL - RESULTAT - AVERTISSEMENT";"";"";"";"";"";"";"";"";"09/17/2026 13:52:10";"09/12/2026 05:42:16";"";""
"594";"DSE-AUDIT-002-20260912-074205-CONTROLE-10";"";"";"";"12/09/2026 07:42:15";"AUDIT GOUVERNANCE OBJ-LST";"";"";"";"Oui";"Non";"Non";"IDLST=LST-000011; NOMLISTE=OBJ-GEO-LANGUE; RESULTAT=AVERTISSEMENT; SCORE=90; ANOMALIES=EQUIPE";"DSE-AUDIT-002-20260912-074205-CONTROLE-10";"JOURNAL - TYPEEVENEMENT - CONTROLE | JOURNAL - SOURCE - WORKFLOW | JOURNAL - RESULTAT - AVERTISSEMENT";"";"";"";"";"";"";"";"";"09/17/2026 13:52:13";"09/12/2026 05:42:17";"";""
"595";"DSE-AUDIT-002-20260912-074205-CONTROLE-11";"";"";"";"12/09/2026 07:42:16";"AUDIT GOUVERNANCE OBJ-LST";"";"";"";"Oui";"Non";"Non";"IDLST=LST-000012; NOMLISTE=OBJ-GEO-NATIONALITE; RESULTAT=AVERTISSEMENT; SCORE=90; ANOMALIES=EQUIPE";"DSE-AUDIT-002-20260912-074205-CONTROLE-11";"JOURNAL - TYPEEVENEMENT - CONTROLE | JOURNAL - SOURCE - WORKFLOW | JOURNAL - RESULTAT - AVERTISSEMENT";"";"";"";"";"";"";"";"";"09/17/2026 13:52:13";"09/12/2026 05:42:17";"";""
"596";"DSE-AUDIT-002-20260912-074205-CONTROLE-12";"";"";"";"12/09/2026 07:42:16";"AUDIT GOUVERNANCE OBJ-LST";"";"";"";"Oui";"Non";"Non";"IDLST=LST-000013; NOMLISTE=OBJ-GEO-PAYS; RESULTAT=AVERTISSEMENT; SCORE=90; ANOMALIES=EQUIPE";"DSE-AUDIT-002-20260912-074205-CONTROLE-12";"JOURNAL - TYPEEVENEMENT - CONTROLE | JOURNAL - SOURCE - WORKFLOW | JOURNAL - RESULTAT - AVERTISSEMENT";"";"";"";"";"";"";"";"";"09/17/2026 13:52:16";"09/12/2026 05:42:18";"";""
"597";"DSE-AUDIT-002-20260912-074205-CONTROLE-13";"";"";"";"12/09/2026 07:42:17";"AUDIT GOUVERNANCE OBJ-LST";"";"";"";"Oui";"Non";"Non";"IDLST=LST-000014; NOMLISTE=OBJ-GEO-REGION; RESULTAT=AVERTISSEMENT; SCORE=90; ANOMALIES=EQUIPE";"DSE-AUDIT-002-20260912-074205-CONTROLE-13";"JOURNAL - TYPEEVENEMENT - CONTROLE | JOURNAL - SOURCE - WORKFLOW | JOURNAL - RESULTAT - AVERTISSEMENT";"";"";"";"";"";"";"";"";"09/17/2026 13:52:16";"09/12/2026 05:42:19";"";""
"598";"DSE-AUDIT-002-20260912-074205-CONTROLE-14";"";"";"";"12/09/2026 07:42:18";"AUDIT GOUVERNANCE OBJ-LST";"";"";"";"Oui";"Non";"Non";"IDLST=LST-000015; NOMLISTE=OBJ-GEO-SOURCE; RESULTAT=AVERTISSEMENT; SCORE=90; ANOMALIES=EQUIPE";"DSE-AUDIT-002-20260912-074205-CONTROLE-14";"JOURNAL - TYPEEVENEMENT - CONTROLE | JOURNAL - SOURCE - WORKFLOW | JOURNAL - RESULTAT - AVERTISSEMENT";"";"";"";"";"";"";"";"";"09/17/2026 13:52:19";"09/12/2026 05:42:20";"";""
"599";"DSE-AUDIT-002-20260912-074205-CONTROLE-15";"";"";"";"12/09/2026 07:42:19";"AUDIT GOUVERNANCE OBJ-LST";"";"";"";"Oui";"Non";"Non";"IDLST=LST-000016; NOMLISTE=OBJ-GEO-STATUT; RESULTAT=AVERTISSEMENT; SCORE=90; ANOMALIES=EQUIPE";"DSE-AUDIT-002-20260912-074205-CONTROLE-15";"JOURNAL - TYPEEVENEMENT - CONTROLE | JOURNAL - SOURCE - WORKFLOW | JOURNAL - RESULTAT - AVERTISSEMENT";"";"";"";"";"";"";"";"";"09/17/2026 13:52:19";"09/12/2026 05:42:20";"";""
"600";"DSE-AUDIT-002-20260912-074205-CONTROLE-16";"";"";"";"12/09/2026 07:42:19";"AUDIT GOUVERNANCE OBJ-LST";"";"";"";"Oui";"Non";"Non";"IDLST=LST-000017; NOMLISTE=OBJ-GEO-TERRITOIRE; RESULTAT=AVERTISSEMENT; SCORE=90; ANOMALIES=EQUIPE";"DSE-AUDIT-002-20260912-074205-CONTROLE-16";"JOURNAL - TYPEEVENEMENT - CONTROLE | JOURNAL - SOURCE - WORKFLOW | JOURNAL - RESULTAT - AVERTISSEMENT";"";"";"";"";"";"";"";"";"09/17/2026 13:52:21";"09/12/2026 05:42:21";"";""
"601";"DSE-AUDIT-002-20260912-074205-CONTROLE-17";"";"";"";"12/09/2026 07:42:20";"AUDIT GOUVERNANCE OBJ-LST";"";"";"";"Oui";"Non";"Non";"IDLST=LST-000018; NOMLISTE=OBJ-GEO-VILLE; RESULTAT=AVERTISSEMENT; SCORE=90; ANOMALIES=EQUIPE";"DSE-AUDIT-002-20260912-074205-CONTROLE-17";"JOURNAL - TYPEEVENEMENT - CONTROLE | JOURNAL - SOURCE - WORKFLOW | JOURNAL - RESULTAT - AVERTISSEMENT";"";"";"";"";"";"";"";"";"09/17/2026 13:52:22";"09/12/2026 05:42:22";"";""
"602";"DSE-AUDIT-002-20260912-074205-CONTROLE-18";"";"";"";"12/09/2026 07:42:21";"AUDIT GOUVERNANCE OBJ-LST";"";"";"";"Oui";"Non";"Non";"IDLST=LST-000019; NOMLISTE=OBJ-GEO-ZONE; RESULTAT=AVERTISSEMENT; SCORE=90; ANOMALIES=EQUIPE";"DSE-AUDIT-002-20260912-074205-CONTROLE-18";"JOURNAL - TYPEEVENEMENT - CONTROLE | JOURNAL - SOURCE - WORKFLOW | JOURNAL - RESULTAT - AVERTISSEMENT";"";"";"";"";"";"";"";"";"09/17/2026 13:52:24";"09/12/2026 05:42:23";"";""
"603";"DSE-AUDIT-002-20260912-074205-CONTROLE-19";"";"";"";"12/09/2026 07:42:21";"AUDIT GOUVERNANCE OBJ-LST";"";"";"";"Oui";"Non";"Non";"IDLST=LST-000020; NOMLISTE=OBJ-JRN; RESULTAT=AVERTISSEMENT; SCORE=90; ANOMALIES=EQUIPE";"DSE-AUDIT-002-20260912-074205-CONTROLE-19";"JOURNAL - TYPEEVENEMENT - CONTROLE | JOURNAL - SOURCE - WORKFLOW | JOURNAL - RESULTAT - AVERTISSEMENT";"";"";"";"";"";"";"";"";"09/17/2026 13:52:25";"09/12/2026 05:42:23";"";""
"604";"DSE-AUDIT-002-20260912-074205-CONTROLE-20";"";"";"";"12/09/2026 07:42:22";"AUDIT GOUVERNANCE OBJ-LST";"";"";"";"Oui";"Non";"Non";"IDLST=LST-000021; NOMLISTE=OBJ-JRN-GEO; RESULTAT=AVERTISSEMENT; SCORE=90; ANOMALIES=EQUIPE";"DSE-AUDIT-002-20260912-074205-CONTROLE-20";"JOURNAL - TYPEEVENEMENT - CONTROLE | JOURNAL - SOURCE - WORKFLOW | JOURNAL - RESULTAT - AVERTISSEMENT";"";"";"";"";"";"";"";"";"09/17/2026 13:52:27";"09/12/2026 05:42:24";"";""
"605";"DSE-AUDIT-002-20260912-074205-CONTROLE-21";"";"";"";"12/09/2026 07:42:23";"AUDIT GOUVERNANCE OBJ-LST";"";"";"";"Oui";"Non";"Non";"IDLST=LST-000022; NOMLISTE=OBJ-MODULE; RESULTAT=AVERTISSEMENT; SCORE=90; ANOMALIES=EQUIPE";"DSE-AUDIT-002-20260912-074205-CONTROLE-21";"JOURNAL - TYPEEVENEMENT - CONTROLE | JOURNAL - SOURCE - WORKFLOW | JOURNAL - RESULTAT - AVERTISSEMENT";"";"";"";"";"";"";"";"";"09/17/2026 13:52:28";"09/12/2026 05:42:26";"";""
"606";"DSE-AUDIT-002-20260912-074205-CONTROLE-22";"";"";"";"12/09/2026 07:42:24";"AUDIT GOUVERNANCE OBJ-LST";"";"";"";"Oui";"Non";"Non";"IDLST=LST-000023; NOMLISTE=OBJ-ORG; RESULTAT=AVERTISSEMENT; SCORE=90; ANOMALIES=EQUIPE";"DSE-AUDIT-002-20260912-074205-CONTROLE-22";"JOURNAL - TYPEEVENEMENT - CONTROLE | JOURNAL - SOURCE - WORKFLOW | JOURNAL - RESULTAT - AVERTISSEMENT";"";"";"";"";"";"";"";"";"09/17/2026 13:52:31";"09/12/2026 05:42:26";"";""
"607";"DSE-AUDIT-002-20260912-074205-CONTROLE-23";"";"";"";"12/09/2026 07:42:25";"AUDIT GOUVERNANCE OBJ-LST";"";"";"";"Oui";"Non";"Non";"IDLST=LST-000024; NOMLISTE=OBJ-ORG-COMPTE; RESULTAT=AVERTISSEMENT; SCORE=90; ANOMALIES=EQUIPE";"DSE-AUDIT-002-20260912-074205-CONTROLE-23";"JOURNAL - TYPEEVENEMENT - CONTROLE | JOURNAL - SOURCE - WORKFLOW | JOURNAL - RESULTAT - AVERTISSEMENT";"";"";"";"";"";"";"";"";"09/17/2026 13:52:31";"09/12/2026 05:42:27";"";""
"608";"DSE-AUDIT-002-20260912-074205-CONTROLE-24";"";"";"";"12/09/2026 07:42:25";"AUDIT GOUVERNANCE OBJ-LST";"";"";"";"Oui";"Non";"Non";"IDLST=LST-000025; NOMLISTE=OBJ-ORG-CONTACT; RESULTAT=AVERTISSEMENT; SCORE=90; ANOMALIES=EQUIPE";"DSE-AUDIT-002-20260912-074205-CONTROLE-24";"JOURNAL - TYPEEVENEMENT - CONTROLE | JOURNAL - SOURCE - WORKFLOW | JOURNAL - RESULTAT - AVERTISSEMENT";"";"";"";"";"";"";"";"";"09/17/2026 13:52:34";"09/12/2026 05:42:27";"";""
"609";"DSE-AUDIT-002-20260912-074205-CONTROLE-25";"";"";"";"12/09/2026 07:42:26";"AUDIT GOUVERNANCE OBJ-LST";"";"";"";"Oui";"Non";"Non";"IDLST=LST-000026; NOMLISTE=OBJ-PWS; RESULTAT=AVERTISSEMENT; SCORE=90; ANOMALIES=EQUIPE";"DSE-AUDIT-002-20260912-074205-CONTROLE-25";"JOURNAL - TYPEEVENEMENT - CONTROLE | JOURNAL - SOURCE - WORKFLOW | JOURNAL - RESULTAT - AVERTISSEMENT";"";"";"";"";"";"";"";"";"09/17/2026 13:52:34";"09/12/2026 05:42:28";"";""
"610";"DSE-AUDIT-002-20260912-074205-CONTROLE-26";"";"";"";"12/09/2026 07:42:27";"AUDIT GOUVERNANCE OBJ-LST";"";"";"";"Oui";"Non";"Non";"IDLST=LST-000027; NOMLISTE=OBJ-REF-00; RESULTAT=AVERTISSEMENT; SCORE=90; ANOMALIES=EQUIPE";"DSE-AUDIT-002-20260912-074205-CONTROLE-26";"JOURNAL - TYPEEVENEMENT - CONTROLE | JOURNAL - SOURCE - WORKFLOW | JOURNAL - RESULTAT - AVERTISSEMENT";"";"";"";"";"";"";"";"";"09/17/2026 13:52:36";"09/12/2026 05:42:29";"";""
"611";"DSE-AUDIT-002-20260912-074205-CONTROLE-27";"";"";"";"12/09/2026 07:42:28";"AUDIT GOUVERNANCE OBJ-LST";"";"";"";"Oui";"Non";"Non";"IDLST=LST-000028; NOMLISTE=OBJ-REF-10; RESULTAT=AVERTISSEMENT; SCORE=90; ANOMALIES=EQUIPE";"DSE-AUDIT-002-20260912-074205-CONTROLE-27";"JOURNAL - TYPEEVENEMENT - CONTROLE | JOURNAL - SOURCE - WORKFLOW | JOURNAL - RESULTAT - AVERTISSEMENT";"";"";"";"";"";"";"";"";"09/17/2026 13:52:37";"09/12/2026 05:42:30";"";""
"612";"DSE-AUDIT-002-20260912-074205-CONTROLE-28";"";"";"";"12/09/2026 07:42:28";"AUDIT GOUVERNANCE OBJ-LST";"";"";"";"Oui";"Non";"Non";"IDLST=LST-000029; NOMLISTE=OBJ-REF-20; RESULTAT=AVERTISSEMENT; SCORE=90; ANOMALIES=EQUIPE";"DSE-AUDIT-002-20260912-074205-CONTROLE-28";"JOURNAL - TYPEEVENEMENT - CONTROLE | JOURNAL - SOURCE - WORKFLOW | JOURNAL - RESULTAT - AVERTISSEMENT";"";"";"";"";"";"";"";"";"09/17/2026 13:52:39";"09/12/2026 05:42:30";"";""
"613";"DSE-AUDIT-002-20260912-074205-CONTROLE-29";"";"";"";"12/09/2026 07:42:29";"AUDIT GOUVERNANCE OBJ-LST";"";"";"";"Oui";"Non";"Non";"IDLST=LST-000030; NOMLISTE=OBJ-REF-30; RESULTAT=AVERTISSEMENT; SCORE=90; ANOMALIES=EQUIPE";"DSE-AUDIT-002-20260912-074205-CONTROLE-29";"JOURNAL - TYPEEVENEMENT - CONTROLE | JOURNAL - SOURCE - WORKFLOW | JOURNAL - RESULTAT - AVERTISSEMENT";"";"";"";"";"";"";"";"";"09/17/2026 13:52:40";"09/12/2026 05:42:31";"";""
"614";"DSE-AUDIT-002-20260912-074205-CONTROLE-30";"";"";"";"12/09/2026 07:42:30";"AUDIT GOUVERNANCE OBJ-LST";"";"";"";"Oui";"Non";"Non";"IDLST=LST-000031; NOMLISTE=OBJ-REF-40; RESULTAT=AVERTISSEMENT; SCORE=90; ANOMALIES=EQUIPE";"DSE-AUDIT-002-20260912-074205-CONTROLE-30";"JOURNAL - TYPEEVENEMENT - CONTROLE | JOURNAL - SOURCE - WORKFLOW | JOURNAL - RESULTAT - AVERTISSEMENT";"";"";"";"";"";"";"";"";"09/17/2026 13:52:42";"09/12/2026 05:42:32";"";""
"615";"DSE-AUDIT-002-20260912-074205-CONTROLE-31";"";"";"";"12/09/2026 07:42:31";"AUDIT GOUVERNANCE OBJ-LST";"";"";"";"Oui";"Non";"Non";"IDLST=LST-000032; NOMLISTE=OBJ-REF-50; RESULTAT=AVERTISSEMENT; SCORE=90; ANOMALIES=EQUIPE";"DSE-AUDIT-002-20260912-074205-CONTROLE-31";"JOURNAL - TYPEEVENEMENT - CONTROLE | JOURNAL - SOURCE - WORKFLOW | JOURNAL - RESULTAT - AVERTISSEMENT";"";"";"";"";"";"";"";"";"09/17/2026 13:52:43";"09/12/2026 05:42:33";"";""
"616";"DSE-AUDIT-002-20260912-074205-CONTROLE-32";"";"";"";"12/09/2026 07:42:31";"AUDIT GOUVERNANCE OBJ-LST";"";"";"";"Oui";"Non";"Non";"IDLST=LST-000033; NOMLISTE=OBJ-REF-60; RESULTAT=AVERTISSEMENT; SCORE=90; ANOMALIES=EQUIPE";"DSE-AUDIT-002-20260912-074205-CONTROLE-32";"JOURNAL - TYPEEVENEMENT - CONTROLE | JOURNAL - SOURCE - WORKFLOW | JOURNAL - RESULTAT - AVERTISSEMENT";"";"";"";"";"";"";"";"";"09/17/2026 13:52:45";"09/12/2026 05:42:33";"";""
"617";"DSE-AUDIT-002-20260912-074205-CONTROLE-33";"";"";"";"12/09/2026 07:42:32";"AUDIT GOUVERNANCE OBJ-LST";"";"";"";"Oui";"Non";"Non";"IDLST=LST-000034; NOMLISTE=OBJ-REF-70; RESULTAT=AVERTISSEMENT; SCORE=90; ANOMALIES=EQUIPE";"DSE-AUDIT-002-20260912-074205-CONTROLE-33";"JOURNAL - TYPEEVENEMENT - CONTROLE | JOURNAL - SOURCE - WORKFLOW | JOURNAL - RESULTAT - AVERTISSEMENT";"";"";"";"";"";"";"";"";"09/17/2026 13:52:46";"09/12/2026 05:42:34";"";""
"618";"DSE-AUDIT-002-20260912-074205-CONTROLE-34";"";"";"";"12/09/2026 07:42:33";"AUDIT GOUVERNANCE OBJ-LST";"";"";"";"Oui";"Non";"Non";"IDLST=LST-000035; NOMLISTE=OBJ-REF-80; RESULTAT=AVERTISSEMENT; SCORE=90; ANOMALIES=EQUIPE";"DSE-AUDIT-002-20260912-074205-CONTROLE-34";"JOURNAL - TYPEEVENEMENT - CONTROLE | JOURNAL - SOURCE - WORKFLOW | JOURNAL - RESULTAT - AVERTISSEMENT";"";"";"";"";"";"";"";"";"09/17/2026 13:52:48";"09/12/2026 05:42:35";"";""
"619";"DSE-AUDIT-002-20260912-074205-CONTROLE-35";"";"";"";"12/09/2026 07:42:34";"AUDIT GOUVERNANCE OBJ-LST";"";"";"";"Oui";"Non";"Non";"IDLST=LST-000036; NOMLISTE=OBJ-REF-90; RESULTAT=AVERTISSEMENT; SCORE=90; ANOMALIES=EQUIPE";"DSE-AUDIT-002-20260912-074205-CONTROLE-35";"JOURNAL - TYPEEVENEMENT - CONTROLE | JOURNAL - SOURCE - WORKFLOW | JOURNAL - RESULTAT - AVERTISSEMENT";"";"";"";"";"";"";"";"";"09/17/2026 13:52:49";"09/12/2026 05:42:36";"";""
"620";"DSE-AUDIT-002-20260912-074205-CONTROLE-36";"";"";"";"12/09/2026 07:42:34";"AUDIT GOUVERNANCE OBJ-LST";"";"";"";"Oui";"Non";"Non";"IDLST=LST-000037; NOMLISTE=OBJ-REF-95; RESULTAT=AVERTISSEMENT; SCORE=90; ANOMALIES=EQUIPE";"DSE-AUDIT-002-20260912-074205-CONTROLE-36";"JOURNAL - TYPEEVENEMENT - CONTROLE | JOURNAL - SOURCE - WORKFLOW | JOURNAL - RESULTAT - AVERTISSEMENT";"";"";"";"";"";"";"";"";"09/17/2026 13:52:51";"09/12/2026 05:42:36";"";""
"621";"DSE-AUDIT-002-20260912-074205-CONTROLE-37";"";"";"";"12/09/2026 07:42:35";"AUDIT GOUVERNANCE OBJ-LST";"";"";"";"Oui";"Non";"Non";"IDLST=LST-000038; NOMLISTE=OBJ-REF-DOMAINE; RESULTAT=AVERTISSEMENT; SCORE=90; ANOMALIES=EQUIPE";"DSE-AUDIT-002-20260912-074205-CONTROLE-37";"JOURNAL - TYPEEVENEMENT - CONTROLE | JOURNAL - SOURCE - WORKFLOW | JOURNAL - RESULTAT - AVERTISSEMENT";"";"";"";"";"";"";"";"";"09/17/2026 13:52:52";"09/12/2026 05:42:38";"";""
"622";"DSE-AUDIT-002-20260912-074205-CONTROLE-38";"";"";"";"12/09/2026 07:42:36";"AUDIT GOUVERNANCE OBJ-LST";"";"";"";"Oui";"Non";"Non";"IDLST=LST-000039; NOMLISTE=OBJ-REF-LST-STATUT; RESULTAT=AVERTISSEMENT; SCORE=90; ANOMALIES=EQUIPE";"DSE-AUDIT-002-20260912-074205-CONTROLE-38";"JOURNAL - TYPEEVENEMENT - CONTROLE | JOURNAL - SOURCE - WORKFLOW | JOURNAL - RESULTAT - AVERTISSEMENT";"";"";"";"";"";"";"";"";"09/17/2026 13:52:54";"09/12/2026 05:42:38";"";""
"623";"DSE-AUDIT-002-20260912-074205-CONTROLE-39";"";"";"";"12/09/2026 07:42:37";"AUDIT GOUVERNANCE OBJ-LST";"";"";"";"Oui";"Non";"Non";"IDLST=LST-000040; NOMLISTE=OBJ-REF-LST-TYPE; RESULTAT=AVERTISSEMENT; SCORE=90; ANOMALIES=EQUIPE";"DSE-AUDIT-002-20260912-074205-CONTROLE-39";"JOURNAL - TYPEEVENEMENT - CONTROLE | JOURNAL - SOURCE - WORKFLOW | JOURNAL - RESULTAT - AVERTISSEMENT";"";"";"";"";"";"";"";"";"09/17/2026 13:52:55";"09/12/2026 05:42:38";"";""
"624";"DSE-AUDIT-002-20260912-074205-CONTROLE-40";"";"";"";"12/09/2026 07:42:37";"AUDIT GOUVERNANCE OBJ-LST";"";"";"";"Oui";"Non";"Non";"IDLST=LST-000041; NOMLISTE=OBJ-REF-ORG-COMPTE-TYPE; RESULTAT=AVERTISSEMENT; SCORE=90; ANOMALIES=EQUIPE";"DSE-AUDIT-002-20260912-074205-CONTROLE-40";"JOURNAL - TYPEEVENEMENT - CONTROLE | JOURNAL - SOURCE - WORKFLOW | JOURNAL - RESULTAT - AVERTISSEMENT";"";"";"";"";"";"";"";"";"09/17/2026 13:52:57";"09/12/2026 05:42:39";"";""
"625";"DSE-AUDIT-002-20260912-074205-CONTROLE-41";"";"";"";"12/09/2026 07:42:38";"AUDIT GOUVERNANCE OBJ-LST";"";"";"";"Oui";"Non";"Non";"IDLST=LST-000042; NOMLISTE=OBJ-REF-ORG-CONTACT-TYPE; RESULTAT=AVERTISSEMENT; SCORE=90; ANOMALIES=EQUIPE";"DSE-AUDIT-002-20260912-074205-CONTROLE-41";"JOURNAL - TYPEEVENEMENT - CONTROLE | JOURNAL - SOURCE - WORKFLOW | JOURNAL - RESULTAT - AVERTISSEMENT";"";"";"";"";"";"";"";"";"09/17/2026 13:52:58";"09/12/2026 05:42:40";"";""
"626";"DSE-AUDIT-002-20260912-074205-CONTROLE-42";"";"";"";"12/09/2026 07:42:39";"AUDIT GOUVERNANCE OBJ-LST";"";"";"";"Oui";"Non";"Non";"IDLST=LST-000043; NOMLISTE=OBJ-REF-ORG-SECTEUR; RESULTAT=AVERTISSEMENT; SCORE=90; ANOMALIES=EQUIPE";"DSE-AUDIT-002-20260912-074205-CONTROLE-42";"JOURNAL - TYPEEVENEMENT - CONTROLE | JOURNAL - SOURCE - WORKFLOW | JOURNAL - RESULTAT - AVERTISSEMENT";"";"";"";"";"";"";"";"";"09/17/2026 13:53:00";"09/12/2026 05:42:41";"";""
"627";"DSE-AUDIT-002-20260912-074205-CONTROLE-43";"";"";"";"12/09/2026 07:42:40";"AUDIT GOUVERNANCE OBJ-LST";"";"";"";"Oui";"Non";"Non";"IDLST=LST-000044; NOMLISTE=OBJ-REF-ORG-STATUT; RESULTAT=AVERTISSEMENT; SCORE=90; ANOMALIES=EQUIPE";"DSE-AUDIT-002-20260912-074205-CONTROLE-43";"JOURNAL - TYPEEVENEMENT - CONTROLE | JOURNAL - SOURCE - WORKFLOW | JOURNAL - RESULTAT - AVERTISSEMENT";"";"";"";"";"";"";"";"";"09/17/2026 13:53:01";"09/12/2026 05:42:41";"";""
"628";"DSE-AUDIT-002-20260912-074205-CONTROLE-44";"";"";"";"12/09/2026 07:42:40";"AUDIT GOUVERNANCE OBJ-LST";"";"";"";"Oui";"Non";"Non";"IDLST=LST-000045; NOMLISTE=OBJ-REF-ORG-TYPE; RESULTAT=AVERTISSEMENT; SCORE=90; ANOMALIES=EQUIPE";"DSE-AUDIT-002-20260912-074205-CONTROLE-44";"JOURNAL - TYPEEVENEMENT - CONTROLE | JOURNAL - SOURCE - WORKFLOW | JOURNAL - RESULTAT - AVERTISSEMENT";"";"";"";"";"";"";"";"";"09/17/2026 13:53:03";"09/12/2026 05:42:42";"";""
"629";"DSE-AUDIT-002-20260912-074205-CONTROLE-45";"";"";"";"12/09/2026 07:42:41";"AUDIT GOUVERNANCE OBJ-LST";"";"";"";"Oui";"Non";"Non";"IDLST=LST-000046; NOMLISTE=OBJ-REL; RESULTAT=AVERTISSEMENT; SCORE=90; ANOMALIES=EQUIPE";"DSE-AUDIT-002-20260912-074205-CONTROLE-45";"JOURNAL - TYPEEVENEMENT - CONTROLE | JOURNAL - SOURCE - WORKFLOW | JOURNAL - RESULTAT - AVERTISSEMENT";"";"";"";"";"";"";"";"";"09/17/2026 13:53:04";"09/12/2026 05:42:44";"";""
"630";"DSE-AUDIT-002-20260912-074205-CONTROLE-46";"";"";"";"12/09/2026 07:42:42";"AUDIT GOUVERNANCE OBJ-LST";"";"";"";"Oui";"Non";"Non";"IDLST=LST-000047; NOMLISTE=OBJ-SITE; RESULTAT=AVERTISSEMENT; SCORE=90; ANOMALIES=EQUIPE";"DSE-AUDIT-002-20260912-074205-CONTROLE-46";"JOURNAL - TYPEEVENEMENT - CONTROLE | JOURNAL - SOURCE - WORKFLOW | JOURNAL - RESULTAT - AVERTISSEMENT";"";"";"";"";"";"";"";"";"09/17/2026 13:53:06";"09/12/2026 05:42:44";"";""
"631";"DSE-AUDIT-002-20260912-074205-CONTROLE-47";"";"";"";"12/09/2026 07:42:43";"AUDIT GOUVERNANCE OBJ-LST";"";"";"";"Oui";"Non";"Non";"IDLST=LST-000048; NOMLISTE=OBJ-STATUT; RESULTAT=AVERTISSEMENT; SCORE=90; ANOMALIES=EQUIPE";"DSE-AUDIT-002-20260912-074205-CONTROLE-47";"JOURNAL - TYPEEVENEMENT - CONTROLE | JOURNAL - SOURCE - WORKFLOW | JOURNAL - RESULTAT - AVERTISSEMENT";"";"";"";"";"";"";"";"";"09/17/2026 13:53:07";"09/12/2026 05:42:45";"";""
"632";"DSE-AUDIT-002-20260912-074205-CONTROLE-48";"";"";"";"12/09/2026 07:42:43";"AUDIT GOUVERNANCE OBJ-LST";"";"";"";"Oui";"Non";"Non";"IDLST=LST-000049; NOMLISTE=Pages; RESULTAT=AVERTISSEMENT; SCORE=90; ANOMALIES=EQUIPE";"DSE-AUDIT-002-20260912-074205-CONTROLE-48";"JOURNAL - TYPEEVENEMENT - CONTROLE | JOURNAL - SOURCE - WORKFLOW | JOURNAL - RESULTAT - AVERTISSEMENT";"";"";"";"";"";"";"";"";"09/17/2026 13:53:09";"09/12/2026 05:42:45";"";""
"633";"DSE-AUDIT-002-20260912-074205-CONTROLE-49";"";"";"";"12/09/2026 07:42:44";"AUDIT GOUVERNANCE OBJ-LST";"";"";"";"Oui";"Non";"Non";"IDLST=LST-000050; NOMLISTE=Pièces jointes; RESULTAT=AVERTISSEMENT; SCORE=90; ANOMALIES=EQUIPE";"DSE-AUDIT-002-20260912-074205-CONTROLE-49";"JOURNAL - TYPEEVENEMENT - CONTROLE | JOURNAL - SOURCE - WORKFLOW | JOURNAL - RESULTAT - AVERTISSEMENT";"";"";"";"";"";"";"";"";"09/17/2026 13:53:10";"09/12/2026 05:42:46";"";""
"634";"DSE-AUDIT-002-20260912-074205-CONTROLE-50";"";"";"";"12/09/2026 07:42:45";"AUDIT GOUVERNANCE OBJ-LST";"";"";"";"Oui";"Non";"Non";"IDLST=LST-000051; NOMLISTE=ZZ-ARCHIVE-DSE-AUTRE - Bibliothèque de styles; RESULTAT=AVERTISSEMENT; SCORE=90; ANOMALIES=EQUIPE";"DSE-AUDIT-002-20260912-074205-CONTROLE-50";"JOURNAL - TYPEEVENEMENT - CONTROLE | JOURNAL - SOURCE - WORKFLOW | JOURNAL - RESULTAT - AVERTISSEMENT";"";"";"";"";"";"";"";"";"09/17/2026 13:53:12";"09/12/2026 05:42:47";"";""
"635";"DSE-AUDIT-002-20260912-074205-CONTROLE-51";"";"";"";"12/09/2026 07:42:46";"AUDIT GOUVERNANCE OBJ-LST";"";"";"";"Oui";"Non";"Non";"IDLST=LST-000052; NOMLISTE=ZZ-ARCHIVE-DSE-AUTRE - Modèles de formulaire; RESULTAT=AVERTISSEMENT; SCORE=90; ANOMALIES=EQUIPE";"DSE-AUDIT-002-20260912-074205-CONTROLE-51";"JOURNAL - TYPEEVENEMENT - CONTROLE | JOURNAL - SOURCE - WORKFLOW | JOURNAL - RESULTAT - AVERTISSEMENT";"";"";"";"";"";"";"";"";"09/17/2026 13:53:13";"09/12/2026 05:42:48";"";""
"636";"DSE-AUDIT-002-20260912-074205-CONTROLE-53";"";"";"";"12/09/2026 07:42:46";"AUDIT GOUVERNANCE OBJ-LST";"";"";"";"Oui";"Non";"Non";"IDLST=LST-000053; NOMLISTE=ZZ-ARCHIVE-DSE-Ressources d’assistant; RESULTAT=AVERTISSEMENT; SCORE=90; ANOMALIES=EQUIPE";"DSE-AUDIT-002-20260912-074205-CONTROLE-53";"JOURNAL - TYPEEVENEMENT - CONTROLE | JOURNAL - SOURCE - WORKFLOW | JOURNAL - RESULTAT - AVERTISSEMENT";"";"";"";"";"";"";"";"";"09/17/2026 13:53:15";"09/12/2026 05:42:48";"";""
"637";"DSE-AUDIT-002-20260912-074205-FIN";"";"";"";"12/09/2026 07:42:49";"FIN";"";"";"";"Oui";"Non";"Non";"Controles=52; Conformes=0; Avertissements=52; Erreurs=0; CSV=https://blogssite.sharepoint.com/sites/Bibliotheque/DSEAUDITS/RAPPORTS/DSE-AUDIT-002-GOUVERNANCE-20260912-074205.csv; Aucune correction automatique.";"DSE-AUDIT-002-20260912-074205-FIN";"JOURNAL - TYPEEVENEMENT - CONTROLE | JOURNAL - SOURCE - WORKFLOW | JOURNAL - RESULTAT - AVERTISSEMENT";"";"";"";"";"";"";"";"";"09/17/2026 13:53:16";"09/12/2026 05:42:51";"";""
"638";"DSE-AUDIT-002-20260912-075215-DEBUT";"";"";"";"12/09/2026 07:52:19";"DEBUT";"";"";"";"Non";"Non";"Non";"Demarrage de DSE-AUDIT-002 Phase 2. Audit en lecture seule. Aucune correction automatique.";"DSE-AUDIT-002-20260912-075215-DEBUT";"JOURNAL - TYPEEVENEMENT - CONTROLE | JOURNAL - SOURCE - WORKFLOW | JOURNAL - RESULTAT - SUCCES";"";"";"";"";"";"";"";"";"09/17/2026 13:53:17";"09/12/2026 05:52:21";"";""
"639";"DSE-AUDIT-002-20260912-075215-CONTROLE-1";"";"";"";"12/09/2026 07:52:20";"AUDIT GOUVERNANCE OBJ-LST";"";"";"";"Non";"Non";"Non";"IDLST=LST-000001; NOMLISTE=DOC - Documents; RESULTAT=CONFORME; SCORE=100; ANOMALIES=";"DSE-AUDIT-002-20260912-075215-CONTROLE-1";"JOURNAL - TYPEEVENEMENT - CONTROLE | JOURNAL - SOURCE - WORKFLOW | JOURNAL - RESULTAT - SUCCES";"";"";"";"";"";"";"";"";"09/17/2026 13:53:20";"09/12/2026 05:52:22";"";""
"640";"DSE-AUDIT-002-20260912-075215-CONTROLE-2";"";"";"";"12/09/2026 07:52:21";"AUDIT GOUVERNANCE OBJ-LST";"";"";"";"Non";"Non";"Non";"IDLST=LST-000002; NOMLISTE=DSE - Coffre Ford; RESULTAT=CONFORME; SCORE=100; ANOMALIES=";"DSE-AUDIT-002-20260912-075215-CONTROLE-2";"JOURNAL - TYPEEVENEMENT - CONTROLE | JOURNAL - SOURCE - WORKFLOW | JOURNAL - RESULTAT - SUCCES";"";"";"";"";"";"";"";"";"09/17/2026 13:53:21";"09/12/2026 05:52:23";"";""
"641";"DSE-AUDIT-002-20260912-075215-CONTROLE-3";"";"";"";"12/09/2026 07:52:22";"AUDIT GOUVERNANCE OBJ-LST";"";"";"";"Non";"Non";"Non";"IDLST=LST-000003; NOMLISTE=OBJ; RESULTAT=CONFORME; SCORE=100; ANOMALIES=";"DSE-AUDIT-002-20260912-075215-CONTROLE-3";"JOURNAL - TYPEEVENEMENT - CONTROLE | JOURNAL - SOURCE - WORKFLOW | JOURNAL - RESULTAT - SUCCES";"";"";"";"";"";"";"";"";"09/17/2026 13:53:22";"09/12/2026 05:52:24";"";""
"642";"DSE-AUDIT-002-20260912-075215-CONTROLE-4";"";"";"";"12/09/2026 07:52:22";"AUDIT GOUVERNANCE OBJ-LST";"";"";"";"Non";"Non";"Non";"IDLST=LST-000005; NOMLISTE=OBJ-AUDIT; RESULTAT=CONFORME; SCORE=100; ANOMALIES=";"DSE-AUDIT-002-20260912-075215-CONTROLE-4";"JOURNAL - TYPEEVENEMENT - CONTROLE | JOURNAL - SOURCE - WORKFLOW | JOURNAL - RESULTAT - SUCCES";"";"";"";"";"";"";"";"";"09/17/2026 13:53:23";"09/12/2026 05:52:24";"";""
"643";"DSE-AUDIT-002-20260912-075215-CONTROLE-5";"";"";"";"12/09/2026 07:52:23";"AUDIT GOUVERNANCE OBJ-LST";"";"";"";"Non";"Non";"Non";"IDLST=LST-000006; NOMLISTE=OBJ-GEO-CAPITALE; RESULTAT=CONFORME; SCORE=100; ANOMALIES=";"DSE-AUDIT-002-20260912-075215-CONTROLE-5";"JOURNAL - TYPEEVENEMENT - CONTROLE | JOURNAL - SOURCE - WORKFLOW | JOURNAL - RESULTAT - SUCCES";"";"";"";"";"";"";"";"";"09/17/2026 13:53:25";"09/12/2026 05:52:25";"";""
"644";"DSE-AUDIT-002-20260912-075215-CONTROLE-6";"";"";"";"12/09/2026 07:52:24";"AUDIT GOUVERNANCE OBJ-LST";"";"";"";"Non";"Non";"Non";"IDLST=LST-000007; NOMLISTE=OBJ-GEO-CONTINENT; RESULTAT=CONFORME; SCORE=100; ANOMALIES=";"DSE-AUDIT-002-20260912-075215-CONTROLE-6";"JOURNAL - TYPEEVENEMENT - CONTROLE | JOURNAL - SOURCE - WORKFLOW | JOURNAL - RESULTAT - SUCCES";"";"";"";"";"";"";"";"";"09/17/2026 13:53:26";"09/12/2026 05:52:26";"";""
"645";"DSE-AUDIT-002-20260912-075215-CONTROLE-7";"";"";"";"12/09/2026 07:52:25";"AUDIT GOUVERNANCE OBJ-LST";"";"";"";"Non";"Non";"Non";"IDLST=LST-000008; NOMLISTE=OBJ-GEO-DEPARTEMENT; RESULTAT=CONFORME; SCORE=100; ANOMALIES=";"DSE-AUDIT-002-20260912-075215-CONTROLE-7";"JOURNAL - TYPEEVENEMENT - CONTROLE | JOURNAL - SOURCE - WORKFLOW | JOURNAL - RESULTAT - SUCCES";"";"";"";"";"";"";"";"";"09/17/2026 13:53:28";"09/12/2026 05:52:26";"";""
"646";"DSE-AUDIT-002-20260912-075215-CONTROLE-8";"";"";"";"12/09/2026 07:52:25";"AUDIT GOUVERNANCE OBJ-LST";"";"";"";"Non";"Non";"Non";"IDLST=LST-000009; NOMLISTE=OBJ-GEO-DEVISE; RESULTAT=CONFORME; SCORE=100; ANOMALIES=";"DSE-AUDIT-002-20260912-075215-CONTROLE-8";"JOURNAL - TYPEEVENEMENT - CONTROLE | JOURNAL - SOURCE - WORKFLOW | JOURNAL - RESULTAT - SUCCES";"";"";"";"";"";"";"";"";"09/17/2026 13:53:29";"09/12/2026 05:52:27";"";""
"647";"DSE-AUDIT-002-20260912-075215-CONTROLE-9";"";"";"";"12/09/2026 07:52:26";"AUDIT GOUVERNANCE OBJ-LST";"";"";"";"Non";"Non";"Non";"IDLST=LST-000010; NOMLISTE=OBJ-GEO-FUSEAU-HORAIRE; RESULTAT=CONFORME; SCORE=100; ANOMALIES=";"DSE-AUDIT-002-20260912-075215-CONTROLE-9";"JOURNAL - TYPEEVENEMENT - CONTROLE | JOURNAL - SOURCE - WORKFLOW | JOURNAL - RESULTAT - SUCCES";"";"";"";"";"";"";"";"";"09/17/2026 13:53:31";"09/12/2026 05:52:28";"";""
"648";"DSE-AUDIT-002-20260912-075215-CONTROLE-10";"";"";"";"12/09/2026 07:52:27";"AUDIT GOUVERNANCE OBJ-LST";"";"";"";"Non";"Non";"Non";"IDLST=LST-000011; NOMLISTE=OBJ-GEO-LANGUE; RESULTAT=CONFORME; SCORE=100; ANOMALIES=";"DSE-AUDIT-002-20260912-075215-CONTROLE-10";"JOURNAL - TYPEEVENEMENT - CONTROLE | JOURNAL - SOURCE - WORKFLOW | JOURNAL - RESULTAT - SUCCES";"";"";"";"";"";"";"";"";"09/17/2026 13:53:32";"09/12/2026 05:52:29";"";""
"649";"DSE-AUDIT-002-20260912-075215-CONTROLE-11";"";"";"";"12/09/2026 07:52:28";"AUDIT GOUVERNANCE OBJ-LST";"";"";"";"Non";"Non";"Non";"IDLST=LST-000012; NOMLISTE=OBJ-GEO-NATIONALITE; RESULTAT=CONFORME; SCORE=100; ANOMALIES=";"DSE-AUDIT-002-20260912-075215-CONTROLE-11";"JOURNAL - TYPEEVENEMENT - CONTROLE | JOURNAL - SOURCE - WORKFLOW | JOURNAL - RESULTAT - SUCCES";"";"";"";"";"";"";"";"";"09/17/2026 13:53:34";"09/12/2026 05:52:29";"";""
"650";"DSE-AUDIT-002-20260912-075215-CONTROLE-12";"";"";"";"12/09/2026 07:52:28";"AUDIT GOUVERNANCE OBJ-LST";"";"";"";"Non";"Non";"Non";"IDLST=LST-000013; NOMLISTE=OBJ-GEO-PAYS; RESULTAT=CONFORME; SCORE=100; ANOMALIES=";"DSE-AUDIT-002-20260912-075215-CONTROLE-12";"JOURNAL - TYPEEVENEMENT - CONTROLE | JOURNAL - SOURCE - WORKFLOW | JOURNAL - RESULTAT - SUCCES";"";"";"";"";"";"";"";"";"09/17/2026 13:53:35";"09/12/2026 05:52:30";"";""
"651";"DSE-AUDIT-002-20260912-075215-CONTROLE-13";"";"";"";"12/09/2026 07:52:29";"AUDIT GOUVERNANCE OBJ-LST";"";"";"";"Non";"Non";"Non";"IDLST=LST-000014; NOMLISTE=OBJ-GEO-REGION; RESULTAT=CONFORME; SCORE=100; ANOMALIES=";"DSE-AUDIT-002-20260912-075215-CONTROLE-13";"JOURNAL - TYPEEVENEMENT - CONTROLE | JOURNAL - SOURCE - WORKFLOW | JOURNAL - RESULTAT - SUCCES";"";"";"";"";"";"";"";"";"09/17/2026 13:53:38";"09/12/2026 05:52:31";"";""
"652";"DSE-AUDIT-002-20260912-075215-CONTROLE-14";"";"";"";"12/09/2026 07:52:30";"AUDIT GOUVERNANCE OBJ-LST";"";"";"";"Non";"Non";"Non";"IDLST=LST-000015; NOMLISTE=OBJ-GEO-SOURCE; RESULTAT=CONFORME; SCORE=100; ANOMALIES=";"DSE-AUDIT-002-20260912-075215-CONTROLE-14";"JOURNAL - TYPEEVENEMENT - CONTROLE | JOURNAL - SOURCE - WORKFLOW | JOURNAL - RESULTAT - SUCCES";"";"";"";"";"";"";"";"";"09/17/2026 13:53:39";"09/12/2026 05:52:32";"";""
"653";"DSE-AUDIT-002-20260912-075215-CONTROLE-15";"";"";"";"12/09/2026 07:52:30";"AUDIT GOUVERNANCE OBJ-LST";"";"";"";"Non";"Non";"Non";"IDLST=LST-000016; NOMLISTE=OBJ-GEO-STATUT; RESULTAT=CONFORME; SCORE=100; ANOMALIES=";"DSE-AUDIT-002-20260912-075215-CONTROLE-15";"JOURNAL - TYPEEVENEMENT - CONTROLE | JOURNAL - SOURCE - WORKFLOW | JOURNAL - RESULTAT - SUCCES";"";"";"";"";"";"";"";"";"09/17/2026 13:53:40";"09/12/2026 05:52:32";"";""
"654";"DSE-AUDIT-002-20260912-075215-CONTROLE-16";"";"";"";"12/09/2026 07:52:31";"AUDIT GOUVERNANCE OBJ-LST";"";"";"";"Non";"Non";"Non";"IDLST=LST-000017; NOMLISTE=OBJ-GEO-TERRITOIRE; RESULTAT=CONFORME; SCORE=100; ANOMALIES=";"DSE-AUDIT-002-20260912-075215-CONTROLE-16";"JOURNAL - TYPEEVENEMENT - CONTROLE | JOURNAL - SOURCE - WORKFLOW | JOURNAL - RESULTAT - SUCCES";"";"";"";"";"";"";"";"";"09/17/2026 13:53:42";"09/12/2026 05:52:33";"";""
"655";"DSE-AUDIT-002-20260912-075215-CONTROLE-17";"";"";"";"12/09/2026 07:52:32";"AUDIT GOUVERNANCE OBJ-LST";"";"";"";"Non";"Non";"Non";"IDLST=LST-000018; NOMLISTE=OBJ-GEO-VILLE; RESULTAT=CONFORME; SCORE=100; ANOMALIES=";"DSE-AUDIT-002-20260912-075215-CONTROLE-17";"JOURNAL - TYPEEVENEMENT - CONTROLE | JOURNAL - SOURCE - WORKFLOW | JOURNAL - RESULTAT - SUCCES";"";"";"";"";"";"";"";"";"09/17/2026 13:53:43";"09/12/2026 05:52:34";"";""
"656";"DSE-AUDIT-002-20260912-075215-CONTROLE-18";"";"";"";"12/09/2026 07:52:33";"AUDIT GOUVERNANCE OBJ-LST";"";"";"";"Non";"Non";"Non";"IDLST=LST-000019; NOMLISTE=OBJ-GEO-ZONE; RESULTAT=CONFORME; SCORE=100; ANOMALIES=";"DSE-AUDIT-002-20260912-075215-CONTROLE-18";"JOURNAL - TYPEEVENEMENT - CONTROLE | JOURNAL - SOURCE - WORKFLOW | JOURNAL - RESULTAT - SUCCES";"";"";"";"";"";"";"";"";"09/17/2026 13:53:44";"09/12/2026 05:52:35";"";""
"657";"DSE-AUDIT-002-20260912-075215-CONTROLE-19";"";"";"";"12/09/2026 07:52:33";"AUDIT GOUVERNANCE OBJ-LST";"";"";"";"Non";"Non";"Non";"IDLST=LST-000020; NOMLISTE=OBJ-JRN; RESULTAT=CONFORME; SCORE=100; ANOMALIES=";"DSE-AUDIT-002-20260912-075215-CONTROLE-19";"JOURNAL - TYPEEVENEMENT - CONTROLE | JOURNAL - SOURCE - WORKFLOW | JOURNAL - RESULTAT - SUCCES";"";"";"";"";"";"";"";"";"09/17/2026 13:53:46";"09/12/2026 05:52:35";"";""
"658";"DSE-AUDIT-002-20260912-075215-CONTROLE-20";"";"";"";"12/09/2026 07:52:34";"AUDIT GOUVERNANCE OBJ-LST";"";"";"";"Non";"Non";"Non";"IDLST=LST-000021; NOMLISTE=OBJ-JRN-GEO; RESULTAT=CONFORME; SCORE=100; ANOMALIES=";"DSE-AUDIT-002-20260912-075215-CONTROLE-20";"JOURNAL - TYPEEVENEMENT - CONTROLE | JOURNAL - SOURCE - WORKFLOW | JOURNAL - RESULTAT - SUCCES";"";"";"";"";"";"";"";"";"09/17/2026 13:53:47";"09/12/2026 05:52:36";"";""
"659";"DSE-AUDIT-002-20260912-075215-CONTROLE-21";"";"";"";"12/09/2026 07:52:35";"AUDIT GOUVERNANCE OBJ-LST";"";"";"";"Non";"Non";"Non";"IDLST=LST-000022; NOMLISTE=OBJ-MODULE; RESULTAT=CONFORME; SCORE=100; ANOMALIES=";"DSE-AUDIT-002-20260912-075215-CONTROLE-21";"JOURNAL - TYPEEVENEMENT - CONTROLE | JOURNAL - SOURCE - WORKFLOW | JOURNAL - RESULTAT - SUCCES";"";"";"";"";"";"";"";"";"09/17/2026 13:53:49";"09/12/2026 05:52:37";"";""
"660";"DSE-AUDIT-002-20260912-075215-CONTROLE-22";"";"";"";"12/09/2026 07:52:36";"AUDIT GOUVERNANCE OBJ-LST";"";"";"";"Non";"Non";"Non";"IDLST=LST-000023; NOMLISTE=OBJ-ORG; RESULTAT=CONFORME; SCORE=100; ANOMALIES=";"DSE-AUDIT-002-20260912-075215-CONTROLE-22";"JOURNAL - TYPEEVENEMENT - CONTROLE | JOURNAL - SOURCE - WORKFLOW | JOURNAL - RESULTAT - SUCCES";"";"";"";"";"";"";"";"";"09/17/2026 13:53:50";"09/12/2026 05:52:37";"";""
"661";"DSE-AUDIT-002-20260912-075215-CONTROLE-23";"";"";"";"12/09/2026 07:52:36";"AUDIT GOUVERNANCE OBJ-LST";"";"";"";"Non";"Non";"Non";"IDLST=LST-000024; NOMLISTE=OBJ-ORG-COMPTE; RESULTAT=CONFORME; SCORE=100; ANOMALIES=";"DSE-AUDIT-002-20260912-075215-CONTROLE-23";"JOURNAL - TYPEEVENEMENT - CONTROLE | JOURNAL - SOURCE - WORKFLOW | JOURNAL - RESULTAT - SUCCES";"";"";"";"";"";"";"";"";"09/17/2026 13:53:52";"09/12/2026 05:52:38";"";""
"662";"DSE-AUDIT-002-20260912-075215-CONTROLE-24";"";"";"";"12/09/2026 07:52:37";"AUDIT GOUVERNANCE OBJ-LST";"";"";"";"Non";"Non";"Non";"IDLST=LST-000025; NOMLISTE=OBJ-ORG-CONTACT; RESULTAT=CONFORME; SCORE=100; ANOMALIES=";"DSE-AUDIT-002-20260912-075215-CONTROLE-24";"JOURNAL - TYPEEVENEMENT - CONTROLE | JOURNAL - SOURCE - WORKFLOW | JOURNAL - RESULTAT - SUCCES";"";"";"";"";"";"";"";"";"09/17/2026 13:53:53";"09/12/2026 05:52:39";"";""
"663";"DSE-AUDIT-002-20260912-075215-CONTROLE-25";"";"";"";"12/09/2026 07:52:38";"AUDIT GOUVERNANCE OBJ-LST";"";"";"";"Non";"Non";"Non";"IDLST=LST-000026; NOMLISTE=OBJ-PWS; RESULTAT=CONFORME; SCORE=100; ANOMALIES=";"DSE-AUDIT-002-20260912-075215-CONTROLE-25";"JOURNAL - TYPEEVENEMENT - CONTROLE | JOURNAL - SOURCE - WORKFLOW | JOURNAL - RESULTAT - SUCCES";"";"";"";"";"";"";"";"";"09/17/2026 13:53:55";"09/12/2026 05:52:40";"";""
"664";"DSE-AUDIT-002-20260912-075215-CONTROLE-26";"";"";"";"12/09/2026 07:52:39";"AUDIT GOUVERNANCE OBJ-LST";"";"";"";"Non";"Non";"Non";"IDLST=LST-000027; NOMLISTE=OBJ-REF-00; RESULTAT=CONFORME; SCORE=100; ANOMALIES=";"DSE-AUDIT-002-20260912-075215-CONTROLE-26";"JOURNAL - TYPEEVENEMENT - CONTROLE | JOURNAL - SOURCE - WORKFLOW | JOURNAL - RESULTAT - SUCCES";"";"";"";"";"";"";"";"";"09/17/2026 13:53:56";"09/12/2026 05:52:40";"";""
"665";"DSE-AUDIT-002-20260912-075215-CONTROLE-27";"";"";"";"12/09/2026 07:52:39";"AUDIT GOUVERNANCE OBJ-LST";"";"";"";"Non";"Non";"Non";"IDLST=LST-000028; NOMLISTE=OBJ-REF-10; RESULTAT=CONFORME; SCORE=100; ANOMALIES=";"DSE-AUDIT-002-20260912-075215-CONTROLE-27";"JOURNAL - TYPEEVENEMENT - CONTROLE | JOURNAL - SOURCE - WORKFLOW | JOURNAL - RESULTAT - SUCCES";"";"";"";"";"";"";"";"";"09/17/2026 13:53:58";"09/12/2026 05:52:41";"";""
"666";"DSE-AUDIT-002-20260912-075215-CONTROLE-28";"";"";"";"12/09/2026 07:52:40";"AUDIT GOUVERNANCE OBJ-LST";"";"";"";"Non";"Non";"Non";"IDLST=LST-000029; NOMLISTE=OBJ-REF-20; RESULTAT=CONFORME; SCORE=100; ANOMALIES=";"DSE-AUDIT-002-20260912-075215-CONTROLE-28";"JOURNAL - TYPEEVENEMENT - CONTROLE | JOURNAL - SOURCE - WORKFLOW | JOURNAL - RESULTAT - SUCCES";"";"";"";"";"";"";"";"";"09/17/2026 13:53:59";"09/12/2026 05:52:42";"";""
"667";"DSE-AUDIT-002-20260912-075215-CONTROLE-29";"";"";"";"12/09/2026 07:52:41";"AUDIT GOUVERNANCE OBJ-LST";"";"";"";"Non";"Non";"Non";"IDLST=LST-000030; NOMLISTE=OBJ-REF-30; RESULTAT=CONFORME; SCORE=100; ANOMALIES=";"DSE-AUDIT-002-20260912-075215-CONTROLE-29";"JOURNAL - TYPEEVENEMENT - CONTROLE | JOURNAL - SOURCE - WORKFLOW | JOURNAL - RESULTAT - SUCCES";"";"";"";"";"";"";"";"";"09/17/2026 13:54:01";"09/12/2026 05:52:43";"";""
"668";"DSE-AUDIT-002-20260912-075215-CONTROLE-30";"";"";"";"12/09/2026 07:52:41";"AUDIT GOUVERNANCE OBJ-LST";"";"";"";"Non";"Non";"Non";"IDLST=LST-000031; NOMLISTE=OBJ-REF-40; RESULTAT=CONFORME; SCORE=100; ANOMALIES=";"DSE-AUDIT-002-20260912-075215-CONTROLE-30";"JOURNAL - TYPEEVENEMENT - CONTROLE | JOURNAL - SOURCE - WORKFLOW | JOURNAL - RESULTAT - SUCCES";"";"";"";"";"";"";"";"";"09/17/2026 13:54:02";"09/12/2026 05:52:43";"";""
"669";"DSE-AUDIT-002-20260912-075215-CONTROLE-31";"";"";"";"12/09/2026 07:52:42";"AUDIT GOUVERNANCE OBJ-LST";"";"";"";"Non";"Non";"Non";"IDLST=LST-000032; NOMLISTE=OBJ-REF-50; RESULTAT=CONFORME; SCORE=100; ANOMALIES=";"DSE-AUDIT-002-20260912-075215-CONTROLE-31";"JOURNAL - TYPEEVENEMENT - CONTROLE | JOURNAL - SOURCE - WORKFLOW | JOURNAL - RESULTAT - SUCCES";"";"";"";"";"";"";"";"";"09/17/2026 13:54:04";"09/12/2026 05:52:44";"";""
"670";"DSE-AUDIT-002-20260912-075215-CONTROLE-32";"";"";"";"12/09/2026 07:52:43";"AUDIT GOUVERNANCE OBJ-LST";"";"";"";"Non";"Non";"Non";"IDLST=LST-000033; NOMLISTE=OBJ-REF-60; RESULTAT=CONFORME; SCORE=100; ANOMALIES=";"DSE-AUDIT-002-20260912-075215-CONTROLE-32";"JOURNAL - TYPEEVENEMENT - CONTROLE | JOURNAL - SOURCE - WORKFLOW | JOURNAL - RESULTAT - SUCCES";"";"";"";"";"";"";"";"";"09/17/2026 13:54:05";"09/12/2026 05:52:45";"";""
"671";"DSE-AUDIT-002-20260912-075215-CONTROLE-33";"";"";"";"12/09/2026 07:52:44";"AUDIT GOUVERNANCE OBJ-LST";"";"";"";"Non";"Non";"Non";"IDLST=LST-000034; NOMLISTE=OBJ-REF-70; RESULTAT=CONFORME; SCORE=100; ANOMALIES=";"DSE-AUDIT-002-20260912-075215-CONTROLE-33";"JOURNAL - TYPEEVENEMENT - CONTROLE | JOURNAL - SOURCE - WORKFLOW | JOURNAL - RESULTAT - SUCCES";"";"";"";"";"";"";"";"";"09/17/2026 13:54:07";"09/12/2026 05:52:45";"";""
"672";"DSE-AUDIT-002-20260912-075215-CONTROLE-34";"";"";"";"12/09/2026 07:52:44";"AUDIT GOUVERNANCE OBJ-LST";"";"";"";"Non";"Non";"Non";"IDLST=LST-000035; NOMLISTE=OBJ-REF-80; RESULTAT=CONFORME; SCORE=100; ANOMALIES=";"DSE-AUDIT-002-20260912-075215-CONTROLE-34";"JOURNAL - TYPEEVENEMENT - CONTROLE | JOURNAL - SOURCE - WORKFLOW | JOURNAL - RESULTAT - SUCCES";"";"";"";"";"";"";"";"";"09/17/2026 13:54:08";"09/12/2026 05:52:46";"";""
"673";"DSE-AUDIT-002-20260912-075215-CONTROLE-35";"";"";"";"12/09/2026 07:52:45";"AUDIT GOUVERNANCE OBJ-LST";"";"";"";"Non";"Non";"Non";"IDLST=LST-000036; NOMLISTE=OBJ-REF-90; RESULTAT=CONFORME; SCORE=100; ANOMALIES=";"DSE-AUDIT-002-20260912-075215-CONTROLE-35";"JOURNAL - TYPEEVENEMENT - CONTROLE | JOURNAL - SOURCE - WORKFLOW | JOURNAL - RESULTAT - SUCCES";"";"";"";"";"";"";"";"";"09/17/2026 13:54:09";"09/12/2026 05:52:47";"";""
"674";"DSE-AUDIT-002-20260912-075215-CONTROLE-36";"";"";"";"12/09/2026 07:52:46";"AUDIT GOUVERNANCE OBJ-LST";"";"";"";"Non";"Non";"Non";"IDLST=LST-000037; NOMLISTE=OBJ-REF-95; RESULTAT=CONFORME; SCORE=100; ANOMALIES=";"DSE-AUDIT-002-20260912-075215-CONTROLE-36";"JOURNAL - TYPEEVENEMENT - CONTROLE | JOURNAL - SOURCE - WORKFLOW | JOURNAL - RESULTAT - SUCCES";"";"";"";"";"";"";"";"";"09/17/2026 13:54:11";"09/12/2026 05:52:48";"";""
"675";"DSE-AUDIT-002-20260912-075215-CONTROLE-37";"";"";"";"12/09/2026 07:52:47";"AUDIT GOUVERNANCE OBJ-LST";"";"";"";"Non";"Non";"Non";"IDLST=LST-000038; NOMLISTE=OBJ-REF-DOMAINE; RESULTAT=CONFORME; SCORE=100; ANOMALIES=";"DSE-AUDIT-002-20260912-075215-CONTROLE-37";"JOURNAL - TYPEEVENEMENT - CONTROLE | JOURNAL - SOURCE - WORKFLOW | JOURNAL - RESULTAT - SUCCES";"";"";"";"";"";"";"";"";"09/17/2026 13:54:12";"09/12/2026 05:52:49";"";""
"676";"DSE-AUDIT-002-20260912-075215-CONTROLE-38";"";"";"";"12/09/2026 07:52:47";"AUDIT GOUVERNANCE OBJ-LST";"";"";"";"Non";"Non";"Non";"IDLST=LST-000039; NOMLISTE=OBJ-REF-LST-STATUT; RESULTAT=CONFORME; SCORE=100; ANOMALIES=";"DSE-AUDIT-002-20260912-075215-CONTROLE-38";"JOURNAL - TYPEEVENEMENT - CONTROLE | JOURNAL - SOURCE - WORKFLOW | JOURNAL - RESULTAT - SUCCES";"";"";"";"";"";"";"";"";"09/17/2026 13:54:14";"09/12/2026 05:52:49";"";""
"677";"DSE-AUDIT-002-20260912-075215-CONTROLE-39";"";"";"";"12/09/2026 07:52:48";"AUDIT GOUVERNANCE OBJ-LST";"";"";"";"Non";"Non";"Non";"IDLST=LST-000040; NOMLISTE=OBJ-REF-LST-TYPE; RESULTAT=CONFORME; SCORE=100; ANOMALIES=";"DSE-AUDIT-002-20260912-075215-CONTROLE-39";"JOURNAL - TYPEEVENEMENT - CONTROLE | JOURNAL - SOURCE - WORKFLOW | JOURNAL - RESULTAT - SUCCES";"";"";"";"";"";"";"";"";"09/17/2026 13:54:16";"09/12/2026 05:52:50";"";""
"678";"DSE-AUDIT-002-20260912-075215-CONTROLE-40";"";"";"";"12/09/2026 07:52:49";"AUDIT GOUVERNANCE OBJ-LST";"";"";"";"Non";"Non";"Non";"IDLST=LST-000041; NOMLISTE=OBJ-REF-ORG-COMPTE-TYPE; RESULTAT=CONFORME; SCORE=100; ANOMALIES=";"DSE-AUDIT-002-20260912-075215-CONTROLE-40";"JOURNAL - TYPEEVENEMENT - CONTROLE | JOURNAL - SOURCE - WORKFLOW | JOURNAL - RESULTAT - SUCCES";"";"";"";"";"";"";"";"";"09/17/2026 13:54:17";"09/12/2026 05:52:51";"";""
"679";"DSE-AUDIT-002-20260912-075215-CONTROLE-41";"";"";"";"12/09/2026 07:52:50";"AUDIT GOUVERNANCE OBJ-LST";"";"";"";"Non";"Non";"Non";"IDLST=LST-000042; NOMLISTE=OBJ-REF-ORG-CONTACT-TYPE; RESULTAT=CONFORME; SCORE=100; ANOMALIES=";"DSE-AUDIT-002-20260912-075215-CONTROLE-41";"JOURNAL - TYPEEVENEMENT - CONTROLE | JOURNAL - SOURCE - WORKFLOW | JOURNAL - RESULTAT - SUCCES";"";"";"";"";"";"";"";"";"09/17/2026 13:54:18";"09/12/2026 05:52:51";"";""
"680";"DSE-AUDIT-002-20260912-075215-CONTROLE-42";"";"";"";"12/09/2026 07:52:50";"AUDIT GOUVERNANCE OBJ-LST";"";"";"";"Non";"Non";"Non";"IDLST=LST-000043; NOMLISTE=OBJ-REF-ORG-SECTEUR; RESULTAT=CONFORME; SCORE=100; ANOMALIES=";"DSE-AUDIT-002-20260912-075215-CONTROLE-42";"JOURNAL - TYPEEVENEMENT - CONTROLE | JOURNAL - SOURCE - WORKFLOW | JOURNAL - RESULTAT - SUCCES";"";"";"";"";"";"";"";"";"09/17/2026 13:54:21";"09/12/2026 05:52:52";"";""
"681";"DSE-AUDIT-002-20260912-075215-CONTROLE-43";"";"";"";"12/09/2026 07:52:51";"AUDIT GOUVERNANCE OBJ-LST";"";"";"";"Non";"Non";"Non";"IDLST=LST-000044; NOMLISTE=OBJ-REF-ORG-STATUT; RESULTAT=CONFORME; SCORE=100; ANOMALIES=";"DSE-AUDIT-002-20260912-075215-CONTROLE-43";"JOURNAL - TYPEEVENEMENT - CONTROLE | JOURNAL - SOURCE - WORKFLOW | JOURNAL - RESULTAT - SUCCES";"";"";"";"";"";"";"";"";"09/17/2026 13:54:21";"09/12/2026 05:52:53";"";""
"682";"DSE-AUDIT-002-20260912-075215-CONTROLE-44";"";"";"";"12/09/2026 07:52:52";"AUDIT GOUVERNANCE OBJ-LST";"";"";"";"Non";"Non";"Non";"IDLST=LST-000045; NOMLISTE=OBJ-REF-ORG-TYPE; RESULTAT=CONFORME; SCORE=100; ANOMALIES=";"DSE-AUDIT-002-20260912-075215-CONTROLE-44";"JOURNAL - TYPEEVENEMENT - CONTROLE | JOURNAL - SOURCE - WORKFLOW | JOURNAL - RESULTAT - SUCCES";"";"";"";"";"";"";"";"";"09/17/2026 13:54:24";"09/12/2026 05:52:54";"";""
"683";"DSE-AUDIT-002-20260912-075215-CONTROLE-45";"";"";"";"12/09/2026 07:52:53";"AUDIT GOUVERNANCE OBJ-LST";"";"";"";"Non";"Non";"Non";"IDLST=LST-000046; NOMLISTE=OBJ-REL; RESULTAT=CONFORME; SCORE=100; ANOMALIES=";"DSE-AUDIT-002-20260912-075215-CONTROLE-45";"JOURNAL - TYPEEVENEMENT - CONTROLE | JOURNAL - SOURCE - WORKFLOW | JOURNAL - RESULTAT - SUCCES";"";"";"";"";"";"";"";"";"09/17/2026 13:54:24";"09/12/2026 05:52:55";"";""
"684";"DSE-AUDIT-002-20260912-075215-CONTROLE-46";"";"";"";"12/09/2026 07:52:53";"AUDIT GOUVERNANCE OBJ-LST";"";"";"";"Non";"Non";"Non";"IDLST=LST-000047; NOMLISTE=OBJ-SITE; RESULTAT=CONFORME; SCORE=100; ANOMALIES=";"DSE-AUDIT-002-20260912-075215-CONTROLE-46";"JOURNAL - TYPEEVENEMENT - CONTROLE | JOURNAL - SOURCE - WORKFLOW | JOURNAL - RESULTAT - SUCCES";"";"";"";"";"";"";"";"";"09/17/2026 13:54:26";"09/12/2026 05:52:55";"";""
"685";"DSE-AUDIT-002-20260912-075215-CONTROLE-47";"";"";"";"12/09/2026 07:52:54";"AUDIT GOUVERNANCE OBJ-LST";"";"";"";"Non";"Non";"Non";"IDLST=LST-000048; NOMLISTE=OBJ-STATUT; RESULTAT=CONFORME; SCORE=100; ANOMALIES=";"DSE-AUDIT-002-20260912-075215-CONTROLE-47";"JOURNAL - TYPEEVENEMENT - CONTROLE | JOURNAL - SOURCE - WORKFLOW | JOURNAL - RESULTAT - SUCCES";"";"";"";"";"";"";"";"";"09/17/2026 13:54:28";"09/12/2026 05:52:56";"";""
"686";"DSE-AUDIT-002-20260912-075215-CONTROLE-48";"";"";"";"12/09/2026 07:52:55";"AUDIT GOUVERNANCE OBJ-LST";"";"";"";"Non";"Non";"Non";"IDLST=LST-000049; NOMLISTE=Pages; RESULTAT=CONFORME; SCORE=100; ANOMALIES=";"DSE-AUDIT-002-20260912-075215-CONTROLE-48";"JOURNAL - TYPEEVENEMENT - CONTROLE | JOURNAL - SOURCE - WORKFLOW | JOURNAL - RESULTAT - SUCCES";"";"";"";"";"";"";"";"";"09/17/2026 13:54:29";"09/12/2026 05:52:57";"";""
"687";"DSE-AUDIT-002-20260912-075215-CONTROLE-49";"";"";"";"12/09/2026 07:52:55";"AUDIT GOUVERNANCE OBJ-LST";"";"";"";"Non";"Non";"Non";"IDLST=LST-000050; NOMLISTE=Pièces jointes; RESULTAT=CONFORME; SCORE=100; ANOMALIES=";"DSE-AUDIT-002-20260912-075215-CONTROLE-49";"JOURNAL - TYPEEVENEMENT - CONTROLE | JOURNAL - SOURCE - WORKFLOW | JOURNAL - RESULTAT - SUCCES";"";"";"";"";"";"";"";"";"09/17/2026 13:54:31";"09/12/2026 05:52:57";"";""
"688";"DSE-AUDIT-002-20260912-075215-CONTROLE-50";"";"";"";"12/09/2026 07:52:56";"AUDIT GOUVERNANCE OBJ-LST";"";"";"";"Non";"Non";"Non";"IDLST=LST-000051; NOMLISTE=ZZ-ARCHIVE-DSE-AUTRE - Bibliothèque de styles; RESULTAT=CONFORME; SCORE=100; ANOMALIES=";"DSE-AUDIT-002-20260912-075215-CONTROLE-50";"JOURNAL - TYPEEVENEMENT - CONTROLE | JOURNAL - SOURCE - WORKFLOW | JOURNAL - RESULTAT - SUCCES";"";"";"";"";"";"";"";"";"09/17/2026 13:54:32";"09/12/2026 05:52:58";"";""
"689";"DSE-AUDIT-002-20260912-075215-CONTROLE-51";"";"";"";"12/09/2026 07:52:57";"AUDIT GOUVERNANCE OBJ-LST";"";"";"";"Non";"Non";"Non";"IDLST=LST-000052; NOMLISTE=ZZ-ARCHIVE-DSE-AUTRE - Modèles de formulaire; RESULTAT=CONFORME; SCORE=100; ANOMALIES=";"DSE-AUDIT-002-20260912-075215-CONTROLE-51";"JOURNAL - TYPEEVENEMENT - CONTROLE | JOURNAL - SOURCE - WORKFLOW | JOURNAL - RESULTAT - SUCCES";"";"";"";"";"";"";"";"";"09/17/2026 13:54:34";"09/12/2026 05:52:59";"";""
"690";"DSE-AUDIT-002-20260912-075215-CONTROLE-53";"";"";"";"12/09/2026 07:52:58";"AUDIT GOUVERNANCE OBJ-LST";"";"";"";"Non";"Non";"Non";"IDLST=LST-000053; NOMLISTE=ZZ-ARCHIVE-DSE-Ressources d’assistant; RESULTAT=CONFORME; SCORE=100; ANOMALIES=";"DSE-AUDIT-002-20260912-075215-CONTROLE-53";"JOURNAL - TYPEEVENEMENT - CONTROLE | JOURNAL - SOURCE - WORKFLOW | JOURNAL - RESULTAT - SUCCES";"";"";"";"";"";"";"";"";"09/17/2026 13:54:36";"09/12/2026 05:53:00";"";""
"691";"DSE-AUDIT-002-20260912-075215-FIN";"";"";"";"12/09/2026 07:53:00";"FIN";"";"";"";"Non";"Non";"Non";"Controles=52; Conformes=52; Avertissements=0; Erreurs=0; CSV=https://blogssite.sharepoint.com/sites/Bibliotheque/DSEAUDITS/RAPPORTS/DSE-AUDIT-002-GOUVERNANCE-20260912-075215.csv; Aucune correction automatique.";"DSE-AUDIT-002-20260912-075215-FIN";"JOURNAL - TYPEEVENEMENT - CONTROLE | JOURNAL - SOURCE - WORKFLOW | JOURNAL - RESULTAT - SUCCES";"";"";"";"";"";"";"";"";"09/17/2026 13:54:36";"09/12/2026 05:53:02";"";""
"692";"DSE-LST-004-20260912-082905-DEBUT";"";"";"";"12/09/2026 08:29:08";"DEBUT";"";"";"";"Non";"Non";"Non";"Demarrage DSE-LST-004 version 1.0.0-SIMULATION. Mode simulation. Aucune creation, mise a jour ou suppression dans OBJ-LST. Coffre Ford exclu.";"DSE-LST-004-20260912-082905-DEBUT";"JOURNAL - TYPEEVENEMENT - CONTROLE | JOURNAL - SOURCE - WORKFLOW | JOURNAL - RESULTAT - SUCCES";"";"";"";"";"";"";"";"";"09/17/2026 13:54:39";"09/12/2026 06:29:10";"";""
"693";"DSE-LST-004-20260912-082905-MAJ-1";"";"";"";"12/09/2026 08:29:12";"SIMULATION MISE A JOUR OBJ-LST";"";"";"";"Oui";"Non";"Non";"IDLST=LST-000001; NOM=DOC - Documents; NBELEMENTS: 458 -> 459; Aucune modification executee.";"DSE-LST-004-20260912-082905-MAJ-1";"JOURNAL - TYPEEVENEMENT - CONTROLE | JOURNAL - SOURCE - WORKFLOW | JOURNAL - RESULTAT - AVERTISSEMENT";"";"";"";"";"";"";"";"";"09/17/2026 13:54:39";"09/12/2026 06:29:15";"";""
"694";"DSE-LST-004-20260912-082905-NOUVEAU-3";"";"";"";"12/09/2026 08:29:14";"SIMULATION NOUVEAU CONTENEUR";"";"";"";"Oui";"Non";"Non";"NOM=DSE-AUDITS; TYPE=BIBLIOTHEQUE; URL=https://blogssite.sharepoint.com/sites/Bibliotheque/DSEAUDITS; Aucune modification executee.";"DSE-LST-004-20260912-082905-NOUVEAU-3";"JOURNAL - TYPEEVENEMENT - CONTROLE | JOURNAL - SOURCE - WORKFLOW | JOURNAL - RESULTAT - AVERTISSEMENT";"";"";"";"";"";"";"";"";"09/17/2026 13:54:41";"09/12/2026 06:29:16";"";""
"695";"DSE-LST-004-20260912-082905-NOUVEAU-4";"";"";"";"12/09/2026 08:29:16";"SIMULATION NOUVEAU CONTENEUR";"";"";"";"Oui";"Non";"Non";"NOM=DSE-CSV; TYPE=BIBLIOTHEQUE; URL=https://blogssite.sharepoint.com/sites/Bibliotheque/DSECSV; Aucune modification executee.";"DSE-LST-004-20260912-082905-NOUVEAU-4";"JOURNAL - TYPEEVENEMENT - CONTROLE | JOURNAL - SOURCE - WORKFLOW | JOURNAL - RESULTAT - AVERTISSEMENT";"";"";"";"";"";"";"";"";"09/17/2026 13:54:42";"09/12/2026 06:29:18";"";""
"696";"DSE-LST-004-20260912-082905-NOUVEAU-5";"";"";"";"12/09/2026 08:29:18";"SIMULATION NOUVEAU CONTENEUR";"";"";"";"Oui";"Non";"Non";"NOM=DSE-OUTILS; TYPE=BIBLIOTHEQUE; URL=https://blogssite.sharepoint.com/sites/Bibliotheque/DSEOUTILS; Aucune modification executee.";"DSE-LST-004-20260912-082905-NOUVEAU-5";"JOURNAL - TYPEEVENEMENT - CONTROLE | JOURNAL - SOURCE - WORKFLOW | JOURNAL - RESULTAT - AVERTISSEMENT";"";"";"";"";"";"";"";"";"09/17/2026 13:54:44";"09/12/2026 06:29:19";"";""
"697";"DSE-LST-004-20260912-082905-NOUVEAU-7";"";"";"";"12/09/2026 08:29:21";"SIMULATION NOUVEAU CONTENEUR";"";"";"";"Oui";"Non";"Non";"NOM=OBJ-ACT; TYPE=LISTE; URL=https://blogssite.sharepoint.com/sites/Bibliotheque/Lists/OBJACT; Aucune modification executee.";"DSE-LST-004-20260912-082905-NOUVEAU-7";"JOURNAL - TYPEEVENEMENT - CONTROLE | JOURNAL - SOURCE - WORKFLOW | JOURNAL - RESULTAT - AVERTISSEMENT";"";"";"";"";"";"";"";"";"09/17/2026 13:54:45";"09/12/2026 06:29:23";"";""
"698";"DSE-LST-004-20260912-082905-MAJ-23";"";"";"";"12/09/2026 08:29:39";"SIMULATION MISE A JOUR OBJ-LST";"";"";"";"Oui";"Non";"Non";"IDLST=LST-000020; NOM=OBJ-JRN; NBELEMENTS: 253 -> 691; Aucune modification executee.";"DSE-LST-004-20260912-082905-MAJ-23";"JOURNAL - TYPEEVENEMENT - CONTROLE | JOURNAL - SOURCE - WORKFLOW | JOURNAL - RESULTAT - AVERTISSEMENT";"";"";"";"";"";"";"";"";"09/17/2026 13:54:47";"09/12/2026 06:29:41";"";""
"699";"DSE-LST-004-20260912-082905-NOUVEAU-25";"";"";"";"12/09/2026 08:29:42";"SIMULATION NOUVEAU CONTENEUR";"";"";"";"Oui";"Non";"Non";"NOM=OBJ-LST; TYPE=LISTE; URL=https://blogssite.sharepoint.com/sites/Bibliotheque/Lists/OBJLST; Aucune modification executee.";"DSE-LST-004-20260912-082905-NOUVEAU-25";"JOURNAL - TYPEEVENEMENT - CONTROLE | JOURNAL - SOURCE - WORKFLOW | JOURNAL - RESULTAT - AVERTISSEMENT";"";"";"";"";"";"";"";"";"09/17/2026 13:54:48";"09/12/2026 06:29:44";"";""
"700";"DSE-LST-004-20260912-082905-FIN";"";"";"";"12/09/2026 08:30:18";"FIN";"";"";"";"Oui";"Non";"Non";"Mode=SIMULATION; Nouveaux=5; DejaConformes=49; MisesAJourProposees=2; Exclus=1; Erreurs=0; Rapport=https://blogssite.sharepoint.com/sites/Bibliotheque/DSEAUDITS/RAPPORTS/DSE-LST-004-SIMULATION-20260912-082905.csv; Aucune modification OBJ-LST.";"DSE-LST-004-20260912-082905-FIN";"JOURNAL - TYPEEVENEMENT - CONTROLE | JOURNAL - SOURCE - WORKFLOW | JOURNAL - RESULTAT - AVERTISSEMENT";"";"";"";"";"";"";"";"";"09/17/2026 13:54:50";"09/12/2026 06:30:20";"";""
"701";"DSE-LST-004-20260912-083520-DEBUT";"";"";"";"12/09/2026 08:35:23";"DEBUT";"";"";"";"Non";"Non";"Non";"Demarrage DSE-LST-004 version 1.1.0-SIMULATION. Mode simulation. Aucune creation, mise a jour ou suppression dans OBJ-LST. Coffre Ford exclu.";"DSE-LST-004-20260912-083520-DEBUT";"JOURNAL - TYPEEVENEMENT - CONTROLE | JOURNAL - SOURCE - WORKFLOW | JOURNAL - RESULTAT - SUCCES";"";"";"";"";"";"";"";"";"09/17/2026 13:54:51";"09/12/2026 06:35:25";"";""
"702";"DSE-LST-004-20260912-083520-MAJ-1";"";"";"";"12/09/2026 08:35:27";"SIMULATION MISE A JOUR OBJ-LST";"";"";"";"Oui";"Non";"Non";"IDLST=LST-000001; NOM=DOC - Documents; NBELEMENTS: 458 -> 459; Aucune modification executee.";"DSE-LST-004-20260912-083520-MAJ-1";"JOURNAL - TYPEEVENEMENT - CONTROLE | JOURNAL - SOURCE - WORKFLOW | JOURNAL - RESULTAT - AVERTISSEMENT";"";"";"";"";"";"";"";"";"09/17/2026 13:54:53";"09/12/2026 06:35:29";"";""
"703";"DSE-LST-004-20260912-083520-NOUVEAU-3";"";"";"";"12/09/2026 08:35:29";"SIMULATION NOUVEAU CONTENEUR";"";"";"";"Oui";"Non";"Non";"NOM=DSE-AUDITS; TYPE=BIBLIOTHEQUE; URL=https://blogssite.sharepoint.com/sites/Bibliotheque/DSEAUDITS; Aucune modification executee.";"DSE-LST-004-20260912-083520-NOUVEAU-3";"JOURNAL - TYPEEVENEMENT - CONTROLE | JOURNAL - SOURCE - WORKFLOW | JOURNAL - RESULTAT - AVERTISSEMENT";"";"";"";"";"";"";"";"";"09/17/2026 13:54:54";"09/12/2026 06:35:31";"";""
"704";"DSE-LST-004-20260912-083520-NOUVEAU-4";"";"";"";"12/09/2026 08:35:31";"SIMULATION NOUVEAU CONTENEUR";"";"";"";"Oui";"Non";"Non";"NOM=DSE-CSV; TYPE=BIBLIOTHEQUE; URL=https://blogssite.sharepoint.com/sites/Bibliotheque/DSECSV; Aucune modification executee.";"DSE-LST-004-20260912-083520-NOUVEAU-4";"JOURNAL - TYPEEVENEMENT - CONTROLE | JOURNAL - SOURCE - WORKFLOW | JOURNAL - RESULTAT - AVERTISSEMENT";"";"";"";"";"";"";"";"";"09/17/2026 13:54:56";"09/12/2026 06:35:34";"";""
"705";"DSE-LST-004-20260912-083520-NOUVEAU-5";"";"";"";"12/09/2026 08:35:33";"SIMULATION NOUVEAU CONTENEUR";"";"";"";"Oui";"Non";"Non";"NOM=DSE-OUTILS; TYPE=BIBLIOTHEQUE; URL=https://blogssite.sharepoint.com/sites/Bibliotheque/DSEOUTILS; Aucune modification executee.";"DSE-LST-004-20260912-083520-NOUVEAU-5";"JOURNAL - TYPEEVENEMENT - CONTROLE | JOURNAL - SOURCE - WORKFLOW | JOURNAL - RESULTAT - AVERTISSEMENT";"";"";"";"";"";"";"";"";"09/17/2026 13:54:57";"09/12/2026 06:35:35";"";""
"706";"DSE-LST-004-20260912-083520-NOUVEAU-7";"";"";"";"12/09/2026 08:35:36";"SIMULATION NOUVEAU CONTENEUR";"";"";"";"Oui";"Non";"Non";"NOM=OBJ-ACT; TYPE=LISTE; URL=https://blogssite.sharepoint.com/sites/Bibliotheque/Lists/OBJACT; Aucune modification executee.";"DSE-LST-004-20260912-083520-NOUVEAU-7";"JOURNAL - TYPEEVENEMENT - CONTROLE | JOURNAL - SOURCE - WORKFLOW | JOURNAL - RESULTAT - AVERTISSEMENT";"";"";"";"";"";"";"";"";"09/17/2026 13:54:59";"09/12/2026 06:35:38";"";""
"707";"DSE-LST-004-20260912-083520-MAJ-23";"";"";"";"12/09/2026 08:35:54";"SIMULATION MISE A JOUR OBJ-LST";"";"";"";"Oui";"Non";"Non";"IDLST=LST-000020; NOM=OBJ-JRN; NBELEMENTS: 253 -> 700; Aucune modification executee.";"DSE-LST-004-20260912-083520-MAJ-23";"JOURNAL - TYPEEVENEMENT - CONTROLE | JOURNAL - SOURCE - WORKFLOW | JOURNAL - RESULTAT - AVERTISSEMENT";"";"";"";"";"";"";"";"";"09/17/2026 13:55:00";"09/12/2026 06:35:55";"";""
"708";"DSE-LST-004-20260912-083520-NOUVEAU-25";"";"";"";"12/09/2026 08:35:57";"SIMULATION NOUVEAU CONTENEUR";"";"";"";"Oui";"Non";"Non";"NOM=OBJ-LST; TYPE=LISTE; URL=https://blogssite.sharepoint.com/sites/Bibliotheque/Lists/OBJLST; Aucune modification executee.";"DSE-LST-004-20260912-083520-NOUVEAU-25";"JOURNAL - TYPEEVENEMENT - CONTROLE | JOURNAL - SOURCE - WORKFLOW | JOURNAL - RESULTAT - AVERTISSEMENT";"";"";"";"";"";"";"";"";"09/17/2026 13:55:02";"09/12/2026 06:35:58";"";""
"709";"DSE-LST-004-20260912-083520-FIN";"";"";"";"12/09/2026 08:36:33";"FIN";"";"";"";"Oui";"Non";"Non";"Mode=SIMULATION; Nouveaux=5; DejaConformes=49; MisesAJourProposees=2; Disparus=0; Exclus=1; Erreurs=0; Rapport=https://blogssite.sharepoint.com/sites/Bibliotheque/DSEAUDITS/RAPPORTS/DSE-LST-004-SIMULATION-20260912-083520.csv; Aucune modification OBJ-LST.";"DSE-LST-004-20260912-083520-FIN";"JOURNAL - TYPEEVENEMENT - CONTROLE | JOURNAL - SOURCE - WORKFLOW | JOURNAL - RESULTAT - AVERTISSEMENT";"";"";"";"";"";"";"";"";"09/17/2026 13:55:04";"09/12/2026 06:36:35";"";""
"710";"DSE-LST-004-20260912-084251-DEBUT";"";"";"";"12/09/2026 08:42:54";"DEBUT";"";"";"";"Non";"Non";"Non";"Demarrage DSE-LST-004 version 1.2.0-SIMULATION-VALIDATION. Mode simulation. Aucune creation, mise a jour ou suppression dans OBJ-LST. Coffre Ford exclu.";"DSE-LST-004-20260912-084251-DEBUT";"JOURNAL - TYPEEVENEMENT - CONTROLE | JOURNAL - SOURCE - WORKFLOW | JOURNAL - RESULTAT - SUCCES";"";"";"";"";"";"";"";"";"09/17/2026 13:55:04";"09/12/2026 06:42:56";"";""
"711";"DSE-LST-004-20260912-084251-ERREUR-084255720";"";"";"";"12/09/2026 08:42:55";"ERREUR";"";"";"";"Oui";"Non";"Non";"RunId=DSE-LST-004-20260912-084251; Mode=SIMULATION; ERREUR=La colonne « VALIDER » n’existe pas. Elle a peut-être été supprimée par un autre utilisateur.; Aucune modification OBJ-LST.";"DSE-LST-004-20260912-084251-ERREUR-084255720";"JOURNAL - TYPEEVENEMENT - CONTROLE | JOURNAL - SOURCE - WORKFLOW | JOURNAL - RESULTAT - ECHEC";"";"";"";"";"";"";"";"";"09/17/2026 13:55:06";"09/12/2026 06:42:58";"";""
"712";"DSE-LST-004-20260912-084251-FIN";"";"";"";"12/09/2026 08:42:56";"FIN";"";"";"";"Oui";"Non";"Non";"Mode=SIMULATION; Erreurs=1; Aucune modification OBJ-LST.";"DSE-LST-004-20260912-084251-FIN";"JOURNAL - TYPEEVENEMENT - CONTROLE | JOURNAL - SOURCE - WORKFLOW | JOURNAL - RESULTAT - ECHEC";"";"";"";"";"";"";"";"";"09/17/2026 13:55:07";"09/12/2026 06:42:58";"";""
"713";"DSE-LST-004-20260912-084315-DEBUT";"";"";"";"12/09/2026 08:43:17";"DEBUT";"";"";"";"Non";"Non";"Non";"Demarrage DSE-LST-004 version 1.2.0-SIMULATION-VALIDATION. Mode simulation. Aucune creation, mise a jour ou suppression dans OBJ-LST. Coffre Ford exclu.";"DSE-LST-004-20260912-084315-DEBUT";"JOURNAL - TYPEEVENEMENT - CONTROLE | JOURNAL - SOURCE - WORKFLOW | JOURNAL - RESULTAT - SUCCES";"";"";"";"";"";"";"";"";"09/17/2026 13:55:09";"09/12/2026 06:43:19";"";""
"714";"DSE-LST-004-20260912-084315-ERREUR-084319076";"";"";"";"12/09/2026 08:43:19";"ERREUR";"";"";"";"Oui";"Non";"Non";"RunId=DSE-LST-004-20260912-084315; Mode=SIMULATION; ERREUR=La colonne « VALIDER » n’existe pas. Elle a peut-être été supprimée par un autre utilisateur.; Aucune modification OBJ-LST.";"DSE-LST-004-20260912-084315-ERREUR-084319076";"JOURNAL - TYPEEVENEMENT - CONTROLE | JOURNAL - SOURCE - WORKFLOW | JOURNAL - RESULTAT - ECHEC";"";"";"";"";"";"";"";"";"09/17/2026 13:55:10";"09/12/2026 06:43:20";"";""
"715";"DSE-LST-004-20260912-084315-FIN";"";"";"";"12/09/2026 08:43:19";"FIN";"";"";"";"Oui";"Non";"Non";"Mode=SIMULATION; Erreurs=1; Aucune modification OBJ-LST.";"DSE-LST-004-20260912-084315-FIN";"JOURNAL - TYPEEVENEMENT - CONTROLE | JOURNAL - SOURCE - WORKFLOW | JOURNAL - RESULTAT - ECHEC";"";"";"";"";"";"";"";"";"09/17/2026 13:55:12";"09/12/2026 06:43:21";"";""
"716";"DSE-LST-004-20260912-091229-ERREUR";"";"";"";"12/09/2026 09:12:32";"ERREUR";"";"";"";"Oui";"Non";"Non";"Aucune liste OBJ-REF-XX detectee sur le site.";"DSE-LST-004-20260912-091229-ERREUR";"JOURNAL - TYPEEVENEMENT - CONTROLE | JOURNAL - SOURCE - WORKFLOW | JOURNAL - RESULTAT - ECHEC";"";"";"";"";"";"";"";"";"09/17/2026 13:55:13";"09/12/2026 07:12:34";"";""
"717";"DSE-LST-004-20260912-091430-ERREUR";"";"";"";"12/09/2026 09:14:32";"ERREUR";"";"";"";"Oui";"Non";"Non";"Cannot validate argument on parameter 'Includes'. The argument ""LookupList"" does not belong to the set ""DescriptionResource;DescriptionResource.Context;DescriptionResource.Tag;DescriptionResource.Path;DescriptionResource.ObjectVersion;DescriptionResource.ServerObjectIsNull;DescriptionResource.TypedObject;IndexStatus;ShowInFiltersPane;TitleResource;TitleResource.Context;TitleResource.Tag;TitleResource.Path;TitleResource.ObjectVersion;TitleResource.ServerObjectIsNull;TitleResource.TypedObject;FieldTypeKind;AutofillInfo;AutoIndexed;CanBeDeleted;ClientSideComponentId;ClientSideComponentProperties;ClientValidationFormula;ClientValidationMessage;CustomFormatter;DefaultFormula;DefaultValue;Description;Direction;EnforceUniqueValues;EntityPropertyName;Filterable;FromBaseType;Group;Hidden;Id;Indexed;InternalName;IsModern;JSLink;NoCrawl;PinnedToFiltersPane;ReadOnlyField;Required;SchemaXml;SchemaXmlWithResourceTokens;Scope;Sealed;Sortable;StaticName;Title;TypeAsString;TypeDisplayName;TypeShortDescription;ValidationFormula;ValidationMessage;Context;Tag;Path;ObjectVersion;ServerObjectIsNull;TypedObject"" specified by the ValidateSet attribute. Supply an argument that is in the set and then try the command again.";"DSE-LST-004-20260912-091430-ERREUR";"JOURNAL - TYPEEVENEMENT - CONTROLE | JOURNAL - SOURCE - WORKFLOW | JOURNAL - RESULTAT - ECHEC";"";"";"";"";"";"";"";"";"09/17/2026 13:55:14";"09/12/2026 07:14:33";"";""
"718";"DSE-LST-004-20260912-091830-ERREUR";"";"";"";"12/09/2026 09:18:34";"ERREUR";"";"";"";"Oui";"Non";"Non";"The property 'Count' cannot be found on this object. Verify that the property exists.";"DSE-LST-004-20260912-091830-ERREUR";"JOURNAL - TYPEEVENEMENT - CONTROLE | JOURNAL - SOURCE - WORKFLOW | JOURNAL - RESULTAT - ECHEC";"";"";"";"";"";"";"";"";"09/17/2026 13:55:17";"09/12/2026 07:18:36";"";""
"719";"DSE-LST-004-20260912-092106-DEBUT";"";"";"";"12/09/2026 09:21:09";"DEBUT";"";"";"";"Non";"Non";"Non";"Version=1.4.3-REV-H; Referentiel=OBJ-REF-20-STATUTS-GENERAUX; Suppression interdite.";"DSE-LST-004-20260912-092106-DEBUT";"JOURNAL - TYPEEVENEMENT - CONTROLE | JOURNAL - SOURCE - WORKFLOW | JOURNAL - RESULTAT - SUCCES";"";"";"";"";"";"";"";"";"09/17/2026 13:55:17";"09/12/2026 07:21:10";"";""
"720";"DSE-LST-004-20260912-092106-VALIDATION-1";"";"";"";"12/09/2026 09:21:27";"VALIDATION OBJ-LST";"";"";"";"Non";"Non";"Non";"NOM=DOC - Documents; DECISION=VALIDE; REFERENTIEL=OBJ-REF-20-STATUTS-GENERAUX";"DSE-LST-004-20260912-092106-VALIDATION-1";"JOURNAL - TYPEEVENEMENT - CONTROLE | JOURNAL - SOURCE - WORKFLOW | JOURNAL - RESULTAT - SUCCES";"";"";"";"";"";"";"";"";"09/17/2026 13:55:19";"09/12/2026 07:21:28";"";""
"721";"DSE-LST-004-20260912-092653-DEBUT";"";"";"";"12/09/2026 09:26:57";"DEBUT";"";"";"";"Non";"Non";"Non";"Version=1.4.4-REV-I; Referentiel=OBJ-REF-20-STATUTS-GENERAUX; Suppression interdite.";"DSE-LST-004-20260912-092653-DEBUT";"JOURNAL - TYPEEVENEMENT - CONTROLE | JOURNAL - SOURCE - WORKFLOW | JOURNAL - RESULTAT - SUCCES";"";"";"";"";"";"";"";"";"09/17/2026 13:55:21";"09/12/2026 07:26:58";"";""
"722";"DSE-LST-004-20260912-092653-VALIDATION-3";"";"";"";"12/09/2026 09:27:16";"DECISION OBJ-LST";"";"";"";"Non";"Non";"Non";"NOM=OBJ; DECISION=MAINTIEN EN ATTENTE; ETAT=EN ATTENTE; REFERENTIEL=OBJ-REF-20-STATUTS-GENERAUX";"DSE-LST-004-20260912-092653-VALIDATION-3";"JOURNAL - TYPEEVENEMENT - CONTROLE | JOURNAL - SOURCE - WORKFLOW | JOURNAL - RESULTAT - SUCCES";"";"";"";"";"";"";"";"";"09/17/2026 13:55:23";"09/12/2026 07:27:17";"";""
"723";"DSE-LST-004-20260912-092653-VALIDATION-4";"";"";"";"12/09/2026 09:27:32";"DECISION OBJ-LST";"";"";"";"Non";"Non";"Non";"NOM=OBJ-AUDIT; DECISION=VALIDATION; ETAT=VALIDE; REFERENTIEL=OBJ-REF-20-STATUTS-GENERAUX";"DSE-LST-004-20260912-092653-VALIDATION-4";"JOURNAL - TYPEEVENEMENT - CONTROLE | JOURNAL - SOURCE - WORKFLOW | JOURNAL - RESULTAT - SUCCES";"";"";"";"";"";"";"";"";"09/17/2026 13:55:23";"09/12/2026 07:27:33";"";""
"724";"DSE-LST-004-20260912-092653-VALIDATION-5";"";"";"";"12/09/2026 09:27:40";"DECISION OBJ-LST";"";"";"";"Non";"Non";"Non";"NOM=OBJ-GEO-CAPITALE; DECISION=VALIDATION; ETAT=VALIDE; REFERENTIEL=OBJ-REF-20-STATUTS-GENERAUX";"DSE-LST-004-20260912-092653-VALIDATION-5";"JOURNAL - TYPEEVENEMENT - CONTROLE | JOURNAL - SOURCE - WORKFLOW | JOURNAL - RESULTAT - SUCCES";"";"";"";"";"";"";"";"";"09/17/2026 13:55:26";"09/12/2026 07:27:41";"";""
"725";"DSE-LST-004-20260912-092653-VALIDATION-6";"";"";"";"12/09/2026 09:27:47";"DECISION OBJ-LST";"";"";"";"Non";"Non";"Non";"NOM=OBJ-GEO-CONTINENT; DECISION=VALIDATION; ETAT=VALIDE; REFERENTIEL=OBJ-REF-20-STATUTS-GENERAUX";"DSE-LST-004-20260912-092653-VALIDATION-6";"JOURNAL - TYPEEVENEMENT - CONTROLE | JOURNAL - SOURCE - WORKFLOW | JOURNAL - RESULTAT - SUCCES";"";"";"";"";"";"";"";"";"09/17/2026 13:55:26";"09/12/2026 07:27:49";"";""
"726";"DSE-LST-004-20260912-092653-VALIDATION-7";"";"";"";"12/09/2026 09:27:54";"DECISION OBJ-LST";"";"";"";"Non";"Non";"Non";"NOM=OBJ-GEO-DEPARTEMENT; DECISION=VALIDATION; ETAT=VALIDE; REFERENTIEL=OBJ-REF-20-STATUTS-GENERAUX";"DSE-LST-004-20260912-092653-VALIDATION-7";"JOURNAL - TYPEEVENEMENT - CONTROLE | JOURNAL - SOURCE - WORKFLOW | JOURNAL - RESULTAT - SUCCES";"";"";"";"";"";"";"";"";"09/17/2026 13:55:28";"09/12/2026 07:27:56";"";""
"727";"DSE-LST-004-20260912-092653-VALIDATION-8";"";"";"";"12/09/2026 09:28:02";"DECISION OBJ-LST";"";"";"";"Non";"Non";"Non";"NOM=OBJ-GEO-DEVISE; DECISION=VALIDATION; ETAT=VALIDE; REFERENTIEL=OBJ-REF-20-STATUTS-GENERAUX";"DSE-LST-004-20260912-092653-VALIDATION-8";"JOURNAL - TYPEEVENEMENT - CONTROLE | JOURNAL - SOURCE - WORKFLOW | JOURNAL - RESULTAT - SUCCES";"";"";"";"";"";"";"";"";"09/17/2026 13:55:29";"09/12/2026 07:28:03";"";""
"728";"DSE-LST-004-20260912-092653-VALIDATION-9";"";"";"";"12/09/2026 09:28:09";"DECISION OBJ-LST";"";"";"";"Non";"Non";"Non";"NOM=OBJ-GEO-FUSEAU-HORAIRE; DECISION=VALIDATION; ETAT=VALIDE; REFERENTIEL=OBJ-REF-20-STATUTS-GENERAUX";"DSE-LST-004-20260912-092653-VALIDATION-9";"JOURNAL - TYPEEVENEMENT - CONTROLE | JOURNAL - SOURCE - WORKFLOW | JOURNAL - RESULTAT - SUCCES";"";"";"";"";"";"";"";"";"09/17/2026 13:55:31";"09/12/2026 07:28:10";"";""
"729";"DSE-LST-004-20260912-092653-VALIDATION-10";"";"";"";"12/09/2026 09:28:16";"DECISION OBJ-LST";"";"";"";"Non";"Non";"Non";"NOM=OBJ-GEO-LANGUE; DECISION=VALIDATION; ETAT=VALIDE; REFERENTIEL=OBJ-REF-20-STATUTS-GENERAUX";"DSE-LST-004-20260912-092653-VALIDATION-10";"JOURNAL - TYPEEVENEMENT - CONTROLE | JOURNAL - SOURCE - WORKFLOW | JOURNAL - RESULTAT - SUCCES";"";"";"";"";"";"";"";"";"09/17/2026 13:55:32";"09/12/2026 07:28:17";"";""
"730";"DSE-LST-004-20260912-092653-VALIDATION-11";"";"";"";"12/09/2026 09:28:22";"DECISION OBJ-LST";"";"";"";"Non";"Non";"Non";"NOM=OBJ-GEO-NATIONALITE; DECISION=VALIDATION; ETAT=VALIDE; REFERENTIEL=OBJ-REF-20-STATUTS-GENERAUX";"DSE-LST-004-20260912-092653-VALIDATION-11";"JOURNAL - TYPEEVENEMENT - CONTROLE | JOURNAL - SOURCE - WORKFLOW | JOURNAL - RESULTAT - SUCCES";"";"";"";"";"";"";"";"";"09/17/2026 13:55:34";"09/12/2026 07:28:23";"";""
"731";"DSE-LST-004-20260912-092653-VALIDATION-12";"";"";"";"12/09/2026 09:28:28";"DECISION OBJ-LST";"";"";"";"Non";"Non";"Non";"NOM=OBJ-GEO-PAYS; DECISION=VALIDATION; ETAT=VALIDE; REFERENTIEL=OBJ-REF-20-STATUTS-GENERAUX";"DSE-LST-004-20260912-092653-VALIDATION-12";"JOURNAL - TYPEEVENEMENT - CONTROLE | JOURNAL - SOURCE - WORKFLOW | JOURNAL - RESULTAT - SUCCES";"";"";"";"";"";"";"";"";"09/17/2026 13:55:35";"09/12/2026 07:28:30";"";""
"732";"DSE-LST-004-20260912-092653-VALIDATION-13";"";"";"";"12/09/2026 09:28:35";"DECISION OBJ-LST";"";"";"";"Non";"Non";"Non";"NOM=OBJ-GEO-REGION; DECISION=VALIDATION; ETAT=VALIDE; REFERENTIEL=OBJ-REF-20-STATUTS-GENERAUX";"DSE-LST-004-20260912-092653-VALIDATION-13";"JOURNAL - TYPEEVENEMENT - CONTROLE | JOURNAL - SOURCE - WORKFLOW | JOURNAL - RESULTAT - SUCCES";"";"";"";"";"";"";"";"";"09/17/2026 13:55:37";"09/12/2026 07:28:36";"";""
"733";"DSE-LST-004-20260912-092653-VALIDATION-14";"";"";"";"12/09/2026 09:28:41";"DECISION OBJ-LST";"";"";"";"Non";"Non";"Non";"NOM=OBJ-GEO-SOURCE; DECISION=VALIDATION; ETAT=VALIDE; REFERENTIEL=OBJ-REF-20-STATUTS-GENERAUX";"DSE-LST-004-20260912-092653-VALIDATION-14";"JOURNAL - TYPEEVENEMENT - CONTROLE | JOURNAL - SOURCE - WORKFLOW | JOURNAL - RESULTAT - SUCCES";"";"";"";"";"";"";"";"";"09/17/2026 13:55:38";"09/12/2026 07:28:42";"";""
"734";"DSE-LST-004-20260912-092653-VALIDATION-15";"";"";"";"12/09/2026 09:28:48";"DECISION OBJ-LST";"";"";"";"Non";"Non";"Non";"NOM=OBJ-GEO-STATUT; DECISION=VALIDATION; ETAT=VALIDE; REFERENTIEL=OBJ-REF-20-STATUTS-GENERAUX";"DSE-LST-004-20260912-092653-VALIDATION-15";"JOURNAL - TYPEEVENEMENT - CONTROLE | JOURNAL - SOURCE - WORKFLOW | JOURNAL - RESULTAT - SUCCES";"";"";"";"";"";"";"";"";"09/17/2026 13:55:40";"09/12/2026 07:28:50";"";""
"735";"DSE-LST-004-20260912-092653-VALIDATION-16";"";"";"";"12/09/2026 09:28:55";"DECISION OBJ-LST";"";"";"";"Non";"Non";"Non";"NOM=OBJ-GEO-TERRITOIRE; DECISION=VALIDATION; ETAT=VALIDE; REFERENTIEL=OBJ-REF-20-STATUTS-GENERAUX";"DSE-LST-004-20260912-092653-VALIDATION-16";"JOURNAL - TYPEEVENEMENT - CONTROLE | JOURNAL - SOURCE - WORKFLOW | JOURNAL - RESULTAT - SUCCES";"";"";"";"";"";"";"";"";"09/17/2026 13:55:41";"09/12/2026 07:28:56";"";""
"736";"DSE-LST-004-20260912-092653-VALIDATION-17";"";"";"";"12/09/2026 09:29:02";"DECISION OBJ-LST";"";"";"";"Non";"Non";"Non";"NOM=OBJ-GEO-VILLE; DECISION=VALIDATION; ETAT=VALIDE; REFERENTIEL=OBJ-REF-20-STATUTS-GENERAUX";"DSE-LST-004-20260912-092653-VALIDATION-17";"JOURNAL - TYPEEVENEMENT - CONTROLE | JOURNAL - SOURCE - WORKFLOW | JOURNAL - RESULTAT - SUCCES";"";"";"";"";"";"";"";"";"09/17/2026 13:55:43";"09/12/2026 07:29:03";"";""
"737";"DSE-LST-004-20260912-092653-VALIDATION-18";"";"";"";"12/09/2026 09:29:08";"DECISION OBJ-LST";"";"";"";"Non";"Non";"Non";"NOM=OBJ-GEO-ZONE; DECISION=VALIDATION; ETAT=VALIDE; REFERENTIEL=OBJ-REF-20-STATUTS-GENERAUX";"DSE-LST-004-20260912-092653-VALIDATION-18";"JOURNAL - TYPEEVENEMENT - CONTROLE | JOURNAL - SOURCE - WORKFLOW | JOURNAL - RESULTAT - SUCCES";"";"";"";"";"";"";"";"";"09/17/2026 13:55:44";"09/12/2026 07:29:10";"";""
"738";"DSE-LST-004-20260912-092653-VALIDATION-19";"";"";"";"12/09/2026 09:29:13";"DECISION OBJ-LST";"";"";"";"Non";"Non";"Non";"NOM=OBJ-JRN; DECISION=VALIDATION; ETAT=VALIDE; REFERENTIEL=OBJ-REF-20-STATUTS-GENERAUX";"DSE-LST-004-20260912-092653-VALIDATION-19";"JOURNAL - TYPEEVENEMENT - CONTROLE | JOURNAL - SOURCE - WORKFLOW | JOURNAL - RESULTAT - SUCCES";"";"";"";"";"";"";"";"";"09/17/2026 13:55:46";"09/12/2026 07:29:15";"";""
"739";"DSE-LST-004-20260912-092653-VALIDATION-20";"";"";"";"12/09/2026 09:29:19";"DECISION OBJ-LST";"";"";"";"Non";"Non";"Non";"NOM=OBJ-JRN-GEO; DECISION=VALIDATION; ETAT=VALIDE; REFERENTIEL=OBJ-REF-20-STATUTS-GENERAUX";"DSE-LST-004-20260912-092653-VALIDATION-20";"JOURNAL - TYPEEVENEMENT - CONTROLE | JOURNAL - SOURCE - WORKFLOW | JOURNAL - RESULTAT - SUCCES";"";"";"";"";"";"";"";"";"09/17/2026 13:55:47";"09/12/2026 07:29:21";"";""
"740";"DSE-LST-004-20260912-092653-VALIDATION-21";"";"";"";"12/09/2026 09:29:27";"DECISION OBJ-LST";"";"";"";"Non";"Non";"Non";"NOM=OBJ-MODULE; DECISION=VALIDATION; ETAT=VALIDE; REFERENTIEL=OBJ-REF-20-STATUTS-GENERAUX";"DSE-LST-004-20260912-092653-VALIDATION-21";"JOURNAL - TYPEEVENEMENT - CONTROLE | JOURNAL - SOURCE - WORKFLOW | JOURNAL - RESULTAT - SUCCES";"";"";"";"";"";"";"";"";"09/17/2026 13:55:48";"09/12/2026 07:29:28";"";""
"741";"DSE-LST-004-20260912-092653-VALIDATION-22";"";"";"";"12/09/2026 09:29:32";"DECISION OBJ-LST";"";"";"";"Non";"Non";"Non";"NOM=OBJ-ORG; DECISION=VALIDATION; ETAT=VALIDE; REFERENTIEL=OBJ-REF-20-STATUTS-GENERAUX";"DSE-LST-004-20260912-092653-VALIDATION-22";"JOURNAL - TYPEEVENEMENT - CONTROLE | JOURNAL - SOURCE - WORKFLOW | JOURNAL - RESULTAT - SUCCES";"";"";"";"";"";"";"";"";"09/17/2026 13:55:50";"09/12/2026 07:29:34";"";""
"742";"DSE-LST-004-20260912-092653-VALIDATION-23";"";"";"";"12/09/2026 09:29:42";"DECISION OBJ-LST";"";"";"";"Non";"Non";"Non";"NOM=OBJ-ORG-COMPTE; DECISION=VALIDATION; ETAT=VALIDE; REFERENTIEL=OBJ-REF-20-STATUTS-GENERAUX";"DSE-LST-004-20260912-092653-VALIDATION-23";"JOURNAL - TYPEEVENEMENT - CONTROLE | JOURNAL - SOURCE - WORKFLOW | JOURNAL - RESULTAT - SUCCES";"";"";"";"";"";"";"";"";"09/17/2026 13:55:51";"09/12/2026 07:29:44";"";""
"743";"DSE-LST-004-20260912-092653-VALIDATION-24";"";"";"";"12/09/2026 09:29:48";"DECISION OBJ-LST";"";"";"";"Non";"Non";"Non";"NOM=OBJ-ORG-CONTACT; DECISION=VALIDATION; ETAT=VALIDE; REFERENTIEL=OBJ-REF-20-STATUTS-GENERAUX";"DSE-LST-004-20260912-092653-VALIDATION-24";"JOURNAL - TYPEEVENEMENT - CONTROLE | JOURNAL - SOURCE - WORKFLOW | JOURNAL - RESULTAT - SUCCES";"";"";"";"";"";"";"";"";"09/17/2026 13:55:53";"09/12/2026 07:29:49";"";""
"744";"DSE-LST-004-20260912-092653-VALIDATION-25";"";"";"";"12/09/2026 09:29:53";"DECISION OBJ-LST";"";"";"";"Non";"Non";"Non";"NOM=OBJ-PWS; DECISION=VALIDATION; ETAT=VALIDE; REFERENTIEL=OBJ-REF-20-STATUTS-GENERAUX";"DSE-LST-004-20260912-092653-VALIDATION-25";"JOURNAL - TYPEEVENEMENT - CONTROLE | JOURNAL - SOURCE - WORKFLOW | JOURNAL - RESULTAT - SUCCES";"";"";"";"";"";"";"";"";"09/17/2026 13:55:54";"09/12/2026 07:29:54";"";""
"745";"DSE-LST-004-20260912-092653-VALIDATION-26";"";"";"";"12/09/2026 09:30:00";"DECISION OBJ-LST";"";"";"";"Non";"Non";"Non";"NOM=OBJ-REF-00-TYPES-OBJETS; DECISION=VALIDATION; ETAT=VALIDE; REFERENTIEL=OBJ-REF-20-STATUTS-GENERAUX";"DSE-LST-004-20260912-092653-VALIDATION-26";"JOURNAL - TYPEEVENEMENT - CONTROLE | JOURNAL - SOURCE - WORKFLOW | JOURNAL - RESULTAT - SUCCES";"";"";"";"";"";"";"";"";"09/17/2026 13:55:56";"09/12/2026 07:30:02";"";""
"746";"DSE-LST-004-20260912-092653-VALIDATION-27";"";"";"";"12/09/2026 09:30:06";"DECISION OBJ-LST";"";"";"";"Non";"Non";"Non";"NOM=OBJ-REF-10-TECHNOLOGIES; DECISION=VALIDATION; ETAT=VALIDE; REFERENTIEL=OBJ-REF-20-STATUTS-GENERAUX";"DSE-LST-004-20260912-092653-VALIDATION-27";"JOURNAL - TYPEEVENEMENT - CONTROLE | JOURNAL - SOURCE - WORKFLOW | JOURNAL - RESULTAT - SUCCES";"";"";"";"";"";"";"";"";"09/17/2026 13:55:57";"09/12/2026 07:30:08";"";""
"747";"DSE-LST-004-20260912-092653-VALIDATION-28";"";"";"";"12/09/2026 09:30:12";"DECISION OBJ-LST";"";"";"";"Non";"Non";"Non";"NOM=OBJ-REF-20-STATUTS-GENERAUX; DECISION=VALIDATION; ETAT=VALIDE; REFERENTIEL=OBJ-REF-20-STATUTS-GENERAUX";"DSE-LST-004-20260912-092653-VALIDATION-28";"JOURNAL - TYPEEVENEMENT - CONTROLE | JOURNAL - SOURCE - WORKFLOW | JOURNAL - RESULTAT - SUCCES";"";"";"";"";"";"";"";"";"09/17/2026 13:55:59";"09/12/2026 07:30:13";"";""
"748";"DSE-LST-004-20260912-092653-VALIDATION-29";"";"";"";"12/09/2026 09:30:19";"DECISION OBJ-LST";"";"";"";"Non";"Non";"Non";"NOM=OBJ-REF-30-PRIORITES; DECISION=VALIDATION; ETAT=VALIDE; REFERENTIEL=OBJ-REF-20-STATUTS-GENERAUX";"DSE-LST-004-20260912-092653-VALIDATION-29";"JOURNAL - TYPEEVENEMENT - CONTROLE | JOURNAL - SOURCE - WORKFLOW | JOURNAL - RESULTAT - SUCCES";"";"";"";"";"";"";"";"";"09/17/2026 13:56:01";"09/12/2026 07:30:20";"";""
"749";"DSE-LST-004-20260912-092653-VALIDATION-30";"";"";"";"12/09/2026 09:30:24";"DECISION OBJ-LST";"";"";"";"Non";"Non";"Non";"NOM=OBJ-REF-40-USAGES; DECISION=VALIDATION; ETAT=VALIDE; REFERENTIEL=OBJ-REF-20-STATUTS-GENERAUX";"DSE-LST-004-20260912-092653-VALIDATION-30";"JOURNAL - TYPEEVENEMENT - CONTROLE | JOURNAL - SOURCE - WORKFLOW | JOURNAL - RESULTAT - SUCCES";"";"";"";"";"";"";"";"";"09/17/2026 13:56:02";"09/12/2026 07:30:26";"";""
"750";"DSE-LST-004-20260912-092653-VALIDATION-31";"";"";"";"12/09/2026 09:30:30";"DECISION OBJ-LST";"";"";"";"Non";"Non";"Non";"NOM=OBJ-REF-50-ROLES; DECISION=VALIDATION; ETAT=VALIDE; REFERENTIEL=OBJ-REF-20-STATUTS-GENERAUX";"DSE-LST-004-20260912-092653-VALIDATION-31";"JOURNAL - TYPEEVENEMENT - CONTROLE | JOURNAL - SOURCE - WORKFLOW | JOURNAL - RESULTAT - SUCCES";"";"";"";"";"";"";"";"";"09/17/2026 13:56:04";"09/12/2026 07:30:32";"";""
"751";"DSE-LST-004-20260912-092653-VALIDATION-32";"";"";"";"12/09/2026 09:30:36";"DECISION OBJ-LST";"";"";"";"Non";"Non";"Non";"NOM=OBJ-REF-60-MODES-TRAITEMENT; DECISION=VALIDATION; ETAT=VALIDE; REFERENTIEL=OBJ-REF-20-STATUTS-GENERAUX";"DSE-LST-004-20260912-092653-VALIDATION-32";"JOURNAL - TYPEEVENEMENT - CONTROLE | JOURNAL - SOURCE - WORKFLOW | JOURNAL - RESULTAT - SUCCES";"";"";"";"";"";"";"";"";"09/17/2026 13:56:06";"09/12/2026 07:30:37";"";""
"752";"DSE-LST-004-20260912-092653-VALIDATION-33";"";"";"";"12/09/2026 09:30:41";"DECISION OBJ-LST";"";"";"";"Non";"Non";"Non";"NOM=OBJ-REF-70-RELATIONS; DECISION=VALIDATION; ETAT=VALIDE; REFERENTIEL=OBJ-REF-20-STATUTS-GENERAUX";"DSE-LST-004-20260912-092653-VALIDATION-33";"JOURNAL - TYPEEVENEMENT - CONTROLE | JOURNAL - SOURCE - WORKFLOW | JOURNAL - RESULTAT - SUCCES";"";"";"";"";"";"";"";"";"09/17/2026 13:56:06";"09/12/2026 07:30:42";"";""
"753";"DSE-LST-004-20260912-092653-VALIDATION-34";"";"";"";"12/09/2026 09:30:47";"DECISION OBJ-LST";"";"";"";"Non";"Non";"Non";"NOM=OBJ-REF-80-FREQUENCES; DECISION=VALIDATION; ETAT=VALIDE; REFERENTIEL=OBJ-REF-20-STATUTS-GENERAUX";"DSE-LST-004-20260912-092653-VALIDATION-34";"JOURNAL - TYPEEVENEMENT - CONTROLE | JOURNAL - SOURCE - WORKFLOW | JOURNAL - RESULTAT - SUCCES";"";"";"";"";"";"";"";"";"09/17/2026 13:56:08";"09/12/2026 07:30:48";"";""
"754";"DSE-LST-004-20260912-092653-VALIDATION-35";"";"";"";"12/09/2026 09:30:52";"DECISION OBJ-LST";"";"";"";"Non";"Non";"Non";"NOM=OBJ-REF-90-QUALITE; DECISION=VALIDATION; ETAT=VALIDE; REFERENTIEL=OBJ-REF-20-STATUTS-GENERAUX";"DSE-LST-004-20260912-092653-VALIDATION-35";"JOURNAL - TYPEEVENEMENT - CONTROLE | JOURNAL - SOURCE - WORKFLOW | JOURNAL - RESULTAT - SUCCES";"";"";"";"";"";"";"";"";"09/17/2026 13:56:09";"09/12/2026 07:30:53";"";""
"755";"DSE-LST-004-20260912-092653-VALIDATION-36";"";"";"";"12/09/2026 09:30:57";"DECISION OBJ-LST";"";"";"";"Non";"Non";"Non";"NOM=OBJ-REF-95-POWER-PAGES-COMPOSANTS; DECISION=VALIDATION; ETAT=VALIDE; REFERENTIEL=OBJ-REF-20-STATUTS-GENERAUX";"DSE-LST-004-20260912-092653-VALIDATION-36";"JOURNAL - TYPEEVENEMENT - CONTROLE | JOURNAL - SOURCE - WORKFLOW | JOURNAL - RESULTAT - SUCCES";"";"";"";"";"";"";"";"";"09/17/2026 13:56:12";"09/12/2026 07:30:59";"";""
"756";"DSE-LST-004-20260912-092653-VALIDATION-37";"";"";"";"12/09/2026 09:31:04";"DECISION OBJ-LST";"";"";"";"Non";"Non";"Non";"NOM=OBJ-REF-DOMAINE; DECISION=VALIDATION; ETAT=VALIDE; REFERENTIEL=OBJ-REF-20-STATUTS-GENERAUX";"DSE-LST-004-20260912-092653-VALIDATION-37";"JOURNAL - TYPEEVENEMENT - CONTROLE | JOURNAL - SOURCE - WORKFLOW | JOURNAL - RESULTAT - SUCCES";"";"";"";"";"";"";"";"";"09/17/2026 13:56:12";"09/12/2026 07:31:05";"";""
"757";"DSE-LST-004-20260912-092653-VALIDATION-38";"";"";"";"12/09/2026 09:31:09";"DECISION OBJ-LST";"";"";"";"Non";"Non";"Non";"NOM=OBJ-REF-LST-STATUT; DECISION=VALIDATION; ETAT=VALIDE; REFERENTIEL=OBJ-REF-20-STATUTS-GENERAUX";"DSE-LST-004-20260912-092653-VALIDATION-38";"JOURNAL - TYPEEVENEMENT - CONTROLE | JOURNAL - SOURCE - WORKFLOW | JOURNAL - RESULTAT - SUCCES";"";"";"";"";"";"";"";"";"09/17/2026 13:56:15";"09/12/2026 07:31:10";"";""
"758";"DSE-LST-004-20260912-092653-VALIDATION-39";"";"";"";"12/09/2026 09:31:14";"DECISION OBJ-LST";"";"";"";"Non";"Non";"Non";"NOM=OBJ-REF-LST-TYPE; DECISION=VALIDATION; ETAT=VALIDE; REFERENTIEL=OBJ-REF-20-STATUTS-GENERAUX";"DSE-LST-004-20260912-092653-VALIDATION-39";"JOURNAL - TYPEEVENEMENT - CONTROLE | JOURNAL - SOURCE - WORKFLOW | JOURNAL - RESULTAT - SUCCES";"";"";"";"";"";"";"";"";"09/17/2026 13:56:15";"09/12/2026 07:31:15";"";""
"759";"DSE-LST-004-20260912-092653-VALIDATION-40";"";"";"";"12/09/2026 09:31:21";"DECISION OBJ-LST";"";"";"";"Non";"Non";"Non";"NOM=OBJ-REF-ORG-COMPTE-TYPE; DECISION=VALIDATION; ETAT=VALIDE; REFERENTIEL=OBJ-REF-20-STATUTS-GENERAUX";"DSE-LST-004-20260912-092653-VALIDATION-40";"JOURNAL - TYPEEVENEMENT - CONTROLE | JOURNAL - SOURCE - WORKFLOW | JOURNAL - RESULTAT - SUCCES";"";"";"";"";"";"";"";"";"09/17/2026 13:56:17";"09/12/2026 07:31:23";"";""
"760";"DSE-LST-004-20260912-092653-VALIDATION-41";"";"";"";"12/09/2026 09:31:28";"DECISION OBJ-LST";"";"";"";"Non";"Non";"Non";"NOM=OBJ-REF-ORG-CONTACT-TYPE; DECISION=VALIDATION; ETAT=VALIDE; REFERENTIEL=OBJ-REF-20-STATUTS-GENERAUX";"DSE-LST-004-20260912-092653-VALIDATION-41";"JOURNAL - TYPEEVENEMENT - CONTROLE | JOURNAL - SOURCE - WORKFLOW | JOURNAL - RESULTAT - SUCCES";"";"";"";"";"";"";"";"";"09/17/2026 13:56:18";"09/12/2026 07:31:30";"";""
"761";"DSE-LST-004-20260912-092653-VALIDATION-42";"";"";"";"12/09/2026 09:31:36";"DECISION OBJ-LST";"";"";"";"Non";"Non";"Non";"NOM=OBJ-REF-ORG-SECTEUR; DECISION=VALIDATION; ETAT=VALIDE; REFERENTIEL=OBJ-REF-20-STATUTS-GENERAUX";"DSE-LST-004-20260912-092653-VALIDATION-42";"JOURNAL - TYPEEVENEMENT - CONTROLE | JOURNAL - SOURCE - WORKFLOW | JOURNAL - RESULTAT - SUCCES";"";"";"";"";"";"";"";"";"09/17/2026 13:56:20";"09/12/2026 07:31:38";"";""
"762";"DSE-LST-004-20260912-092653-VALIDATION-43";"";"";"";"12/09/2026 09:31:41";"DECISION OBJ-LST";"";"";"";"Non";"Non";"Non";"NOM=OBJ-REF-ORG-STATUT; DECISION=VALIDATION; ETAT=VALIDE; REFERENTIEL=OBJ-REF-20-STATUTS-GENERAUX";"DSE-LST-004-20260912-092653-VALIDATION-43";"JOURNAL - TYPEEVENEMENT - CONTROLE | JOURNAL - SOURCE - WORKFLOW | JOURNAL - RESULTAT - SUCCES";"";"";"";"";"";"";"";"";"09/17/2026 13:56:21";"09/12/2026 07:31:43";"";""
"763";"DSE-LST-004-20260912-092653-VALIDATION-44";"";"";"";"12/09/2026 09:31:47";"DECISION OBJ-LST";"";"";"";"Non";"Non";"Non";"NOM=OBJ-REF-ORG-TYPE; DECISION=VALIDATION; ETAT=VALIDE; REFERENTIEL=OBJ-REF-20-STATUTS-GENERAUX";"DSE-LST-004-20260912-092653-VALIDATION-44";"JOURNAL - TYPEEVENEMENT - CONTROLE | JOURNAL - SOURCE - WORKFLOW | JOURNAL - RESULTAT - SUCCES";"";"";"";"";"";"";"";"";"09/17/2026 13:56:23";"09/12/2026 07:31:49";"";""
"764";"DSE-LST-004-20260912-092653-VALIDATION-45";"";"";"";"12/09/2026 09:31:53";"DECISION OBJ-LST";"";"";"";"Non";"Non";"Non";"NOM=OBJ-REL; DECISION=VALIDATION; ETAT=VALIDE; REFERENTIEL=OBJ-REF-20-STATUTS-GENERAUX";"DSE-LST-004-20260912-092653-VALIDATION-45";"JOURNAL - TYPEEVENEMENT - CONTROLE | JOURNAL - SOURCE - WORKFLOW | JOURNAL - RESULTAT - SUCCES";"";"";"";"";"";"";"";"";"09/17/2026 13:56:26";"09/12/2026 07:31:55";"";""
"765";"DSE-LST-004-20260912-092653-VALIDATION-46";"";"";"";"12/09/2026 09:31:59";"DECISION OBJ-LST";"";"";"";"Non";"Non";"Non";"NOM=OBJ-SITE; DECISION=VALIDATION; ETAT=VALIDE; REFERENTIEL=OBJ-REF-20-STATUTS-GENERAUX";"DSE-LST-004-20260912-092653-VALIDATION-46";"JOURNAL - TYPEEVENEMENT - CONTROLE | JOURNAL - SOURCE - WORKFLOW | JOURNAL - RESULTAT - SUCCES";"";"";"";"";"";"";"";"";"09/17/2026 13:56:26";"09/12/2026 07:32:01";"";""
"766";"DSE-LST-004-20260912-092653-VALIDATION-47";"";"";"";"12/09/2026 09:32:05";"DECISION OBJ-LST";"";"";"";"Non";"Non";"Non";"NOM=OBJ-STATUT; DECISION=VALIDATION; ETAT=VALIDE; REFERENTIEL=OBJ-REF-20-STATUTS-GENERAUX";"DSE-LST-004-20260912-092653-VALIDATION-47";"JOURNAL - TYPEEVENEMENT - CONTROLE | JOURNAL - SOURCE - WORKFLOW | JOURNAL - RESULTAT - SUCCES";"";"";"";"";"";"";"";"";"09/17/2026 13:56:28";"09/12/2026 07:32:06";"";""
"767";"DSE-LST-004-20260912-092653-VALIDATION-48";"";"";"";"12/09/2026 09:32:11";"DECISION OBJ-LST";"";"";"";"Non";"Non";"Non";"NOM=Pages; DECISION=VALIDATION; ETAT=VALIDE; REFERENTIEL=OBJ-REF-20-STATUTS-GENERAUX";"DSE-LST-004-20260912-092653-VALIDATION-48";"JOURNAL - TYPEEVENEMENT - CONTROLE | JOURNAL - SOURCE - WORKFLOW | JOURNAL - RESULTAT - SUCCES";"";"";"";"";"";"";"";"";"09/17/2026 13:56:30";"09/12/2026 07:32:12";"";""
"768";"DSE-LST-004-20260912-092653-VALIDATION-49";"";"";"";"12/09/2026 09:32:17";"DECISION OBJ-LST";"";"";"";"Non";"Non";"Non";"NOM=Pièces jointes; DECISION=VALIDATION; ETAT=VALIDE; REFERENTIEL=OBJ-REF-20-STATUTS-GENERAUX";"DSE-LST-004-20260912-092653-VALIDATION-49";"JOURNAL - TYPEEVENEMENT - CONTROLE | JOURNAL - SOURCE - WORKFLOW | JOURNAL - RESULTAT - SUCCES";"";"";"";"";"";"";"";"";"09/17/2026 13:56:31";"09/12/2026 07:32:19";"";""
"769";"DSE-LST-004-20260912-092653-VALIDATION-50";"";"";"";"12/09/2026 09:32:26";"DECISION OBJ-LST";"";"";"";"Non";"Non";"Non";"NOM=ZZ-ARCHIVE-DSE-AUTRE - Bibliothèque de styles; DECISION=ARCHIVAGE; ETAT=ARCHIVE; REFERENTIEL=OBJ-REF-20-STATUTS-GENERAUX";"DSE-LST-004-20260912-092653-VALIDATION-50";"JOURNAL - TYPEEVENEMENT - CONTROLE | JOURNAL - SOURCE - WORKFLOW | JOURNAL - RESULTAT - SUCCES";"";"";"";"";"";"";"";"";"09/17/2026 13:56:33";"09/12/2026 07:32:28";"";""
"770";"DSE-LST-004-20260912-092653-VALIDATION-51";"";"";"";"12/09/2026 09:32:36";"DECISION OBJ-LST";"";"";"";"Non";"Non";"Non";"NOM=ZZ-ARCHIVE-DSE-AUTRE - Modèles de formulaire; DECISION=REFUS; ETAT=REFUSE; REFERENTIEL=OBJ-REF-20-STATUTS-GENERAUX";"DSE-LST-004-20260912-092653-VALIDATION-51";"JOURNAL - TYPEEVENEMENT - CONTROLE | JOURNAL - SOURCE - WORKFLOW | JOURNAL - RESULTAT - SUCCES";"";"";"";"";"";"";"";"";"09/17/2026 13:56:34";"09/12/2026 07:32:37";"";""
"771";"DSE-LST-004-20260912-092653-VALIDATION-53";"";"";"";"12/09/2026 09:32:46";"DECISION OBJ-LST";"";"";"";"Non";"Non";"Non";"NOM=ZZ-ARCHIVE-DSE-Ressources d’assistant; DECISION=ARCHIVAGE; ETAT=ARCHIVE; REFERENTIEL=OBJ-REF-20-STATUTS-GENERAUX";"DSE-LST-004-20260912-092653-VALIDATION-53";"JOURNAL - TYPEEVENEMENT - CONTROLE | JOURNAL - SOURCE - WORKFLOW | JOURNAL - RESULTAT - SUCCES";"";"";"";"";"";"";"";"";"09/17/2026 13:56:36";"09/12/2026 07:32:47";"";""
"772";"DSE-LST-004-20260912-092653-FIN";"";"";"";"12/09/2026 09:32:48";"FIN";"";"";"";"Oui";"Non";"Non";"{""Nouveau"":5,""Conforme"":49,""MiseAJour"":2,""Disparu"":0,""Doublon"":0,""Exclu"":1,""Valide"":47,""Refuse"":1,""Archive"":2,""Questions"":50,""Erreurs"":0}; Rapport=https://blogssite.sharepoint.com/sites/Bibliotheque/DSEAUDITS/RAPPORTS/DSE-LST-004-REV-E-20260912-092653.csv";"DSE-LST-004-20260912-092653-FIN";"JOURNAL - TYPEEVENEMENT - CONTROLE | JOURNAL - SOURCE - WORKFLOW | JOURNAL - RESULTAT - AVERTISSEMENT";"";"";"";"";"";"";"";"";"09/17/2026 13:56:37";"09/12/2026 07:32:49";"";""
"773";"DSE-LST-004-20260912-093852-DEBUT";"";"";"";"12/09/2026 09:38:56";"DEBUT";"";"";"";"Non";"Non";"Non";"Version=1.4.5-REV-J; Referentiel=OBJ-REF-20-STATUTS-GENERAUX; Suppression interdite.";"DSE-LST-004-20260912-093852-DEBUT";"JOURNAL - TYPEEVENEMENT - CONTROLE | JOURNAL - SOURCE - WORKFLOW | JOURNAL - RESULTAT - SUCCES";"";"";"";"";"";"";"";"";"09/17/2026 13:56:40";"09/12/2026 07:38:59";"";""
"774";"DSE-LST-004-20260912-093852-VALIDATION-3";"";"";"";"12/09/2026 09:39:16";"DECISION OBJ-LST";"";"";"";"Non";"Non";"Non";"NOM=OBJ; DECISION=MAINTIEN EN ATTENTE; ETAT=EN ATTENTE; REFERENTIEL=OBJ-REF-20-STATUTS-GENERAUX";"DSE-LST-004-20260912-093852-VALIDATION-3";"JOURNAL - TYPEEVENEMENT - CONTROLE | JOURNAL - SOURCE - WORKFLOW | JOURNAL - RESULTAT - SUCCES";"";"";"";"";"";"";"";"";"09/17/2026 13:56:40";"09/12/2026 07:39:18";"";""
"775";"DSE-LST-004-20260912-093852-FIN";"";"";"";"12/09/2026 09:40:16";"FIN";"";"";"";"Oui";"Non";"Non";"{""Nouveau"":5,""Conforme"":49,""MiseAJour"":2,""Disparu"":0,""Doublon"":0,""Exclu"":1,""Valide"":47,""Refuse"":1,""Archive"":2,""Questions"":1,""Erreurs"":0}; ChoixO=0; ChoixN=0; ChoixA=0; ChoixE=1; Rapport=https://blogssite.sharepoint.com/sites/Bibliotheque/DSEAUDITS/RAPPORTS/DSE-LST-004-REV-E-20260912-093852.csv";"DSE-LST-004-20260912-093852-FIN";"JOURNAL - TYPEEVENEMENT - CONTROLE | JOURNAL - SOURCE - WORKFLOW | JOURNAL - RESULTAT - AVERTISSEMENT";"";"";"";"";"";"";"";"";"09/17/2026 13:56:43";"09/12/2026 07:40:17";"";""
"776";"DSE-LST-004-20260912-095430-DEBUT";"";"";"";"12/09/2026 09:54:33";"DEBUT";"";"";"";"Non";"Non";"Non";"Version=1.5.0-REV-K; audit complet avant decisions; suppression interdite.";"DSE-LST-004-20260912-095430-DEBUT";"JOURNAL - TYPEEVENEMENT - CONTROLE | JOURNAL - SOURCE - WORKFLOW | JOURNAL - RESULTAT - SUCCES";"";"";"";"";"";"";"";"";"09/17/2026 13:56:43";"09/12/2026 07:54:34";"";""
"777";"DSE-LST-004-20260912-095430-DECISION-3";"";"";"";"12/09/2026 09:56:10";"DECISION OBJ-LST";"";"";"";"Non";"Non";"Non";"NOM=OBJ; DECISION=EN ATTENTE; choix=E";"DSE-LST-004-20260912-095430-DECISION-3";"JOURNAL - TYPEEVENEMENT - CONTROLE | JOURNAL - SOURCE - WORKFLOW | JOURNAL - RESULTAT - SUCCES";"";"";"";"";"";"";"";"";"09/17/2026 13:56:45";"09/12/2026 07:56:12";"";""
"778";"DSE-LST-004-20260912-095430-FIN";"";"";"";"12/09/2026 09:56:12";"FIN";"";"";"";"Oui";"Non";"Non";"Score=88; O=0; N=0; A=0; E=1; T=0; R=0; Rapport=https://blogssite.sharepoint.com/sites/Bibliotheque/DSEAUDITS/RAPPORTS/DSE-LST-004-REV-K-20260912-095430.csv";"DSE-LST-004-20260912-095430-FIN";"JOURNAL - TYPEEVENEMENT - CONTROLE | JOURNAL - SOURCE - WORKFLOW | JOURNAL - RESULTAT - AVERTISSEMENT";"";"";"";"";"";"";"";"";"09/17/2026 13:56:46";"09/12/2026 07:56:14";"";""
"779";"DSE-OBJ-LST-MISE-A-JOUR-20260912-101645-DEBUT";"";"";"";"12/09/2026 10:16:47";"DEBUT";"";"";"";"Non";"Non";"Non";"Demarrage. Lecture du dernier CSV DSE-LST-004. Mise a jour individuelle uniquement. Aucune creation ou suppression.";"DSE-OBJ-LST-MISE-A-JOUR-20260912-101645-DEBUT";"JOURNAL - TYPEEVENEMENT - MISE A JOUR | JOURNAL - SOURCE - SCRIPT | JOURNAL - RESULTAT - SUCCES";"";"";"";"";"";"";"";"";"09/17/2026 13:56:48";"09/12/2026 08:16:49";"";""
"780";"DSE-OBJ-LST-MISE-A-JOUR-20260912-101645-ERREUR-GLOBALE";"";"";"";"12/09/2026 10:16:49";"ERREUR";"";"";"";"Oui";"Non";"Non";"Aucun rapport DSE-LST-004-*.csv trouve dans DSE-AUDITS/RAPPORTS.";"DSE-OBJ-LST-MISE-A-JOUR-20260912-101645-ERREUR-GLOBALE";"JOURNAL - TYPEEVENEMENT - MISE A JOUR | JOURNAL - SOURCE - SCRIPT | JOURNAL - RESULTAT - ECHEC";"";"";"";"";"";"";"";"";"09/17/2026 13:56:49";"09/12/2026 08:16:50";"";""
"781";"DSE-OBJ-LST-MISE-A-JOUR-20260912-101645-FIN";"";"";"";"12/09/2026 10:16:49";"FIN";"";"";"";"Oui";"Non";"Non";"ERREUR=Aucun rapport DSE-LST-004-*.csv trouve dans DSE-AUDITS/RAPPORTS.";"DSE-OBJ-LST-MISE-A-JOUR-20260912-101645-FIN";"JOURNAL - TYPEEVENEMENT - MISE A JOUR | JOURNAL - SOURCE - SCRIPT | JOURNAL - RESULTAT - ECHEC";"";"";"";"";"";"";"";"";"09/17/2026 13:56:50";"09/12/2026 08:16:51";"";""
"782";"JRN-OBJ-REF-03-CREATION-20260912T115058Z";"";"";"";"09/12/2026 11:50:58";"Création de OBJ-REF-03-PROPRIETAIRES-REFERENTIELS et de la fiche propriétaire DSE.";"";"Liste OBJ-REF-03 créée ; CODE-PROPRIETAIRE=DSE ; NOM-PROPRIETAIRE=DSE ; EQUIPE=DSE ; ACTIF=Oui.";"";"Non";"Non";"Non";"OBJ-REF-99 non créé.";"";"JOURNAL - TYPEEVENEMENT - CREATION | JOURNAL - SOURCE - MANUEL | JOURNAL - RESULTAT - SUCCES";"";"";"";"";"";"";"";"";"09/17/2026 13:56:53";"09/12/2026 11:51:44";"";""
"783";"JRN-OBJ-REF-99-CREATION-20260912T115813Z";"";"";"";"09/12/2026 11:58:13";"Création de OBJ-REF-99-REGISTRE-REFERENTIELS et enregistrement des six référentiels validés.";"";"OBJ-REF-00, OBJ-REF-01, OBJ-REF-02, OBJ-REF-03, OBJ-REF-04 et OBJ-REF-99 enregistrés.";"";"Non";"Non";"Non";"Aucun ZZ créé ; aucune autre liste modifiée hors journalisation obligatoire.";"";"JOURNAL - TYPEEVENEMENT - CREATION | JOURNAL - SOURCE - MANUEL | JOURNAL - RESULTAT - SUCCES";"";"";"";"";"";"";"";"";"09/17/2026 13:56:53";"09/12/2026 11:58:39";"";""
"784";"JRN-OBJ-REF-01-CREATION-20260912T120039Z";"";"";"";"09/12/2026 12:00:39";"Création de OBJ-REF-01-FAMILLES-OBJETS et enregistrement des huit familles initiales.";"";"ORG, GEO, CNT, TEC, GOUV, OPS, EXP et DAT créés avec ACTIF=Oui.";"";"Non";"Non";"Non";"Aucune autre liste modifiée hors journalisation obligatoire.";"";"JOURNAL - TYPEEVENEMENT - CREATION | JOURNAL - SOURCE - MANUEL | JOURNAL - RESULTAT - SUCCES";"";"";"";"";"";"";"";"";"09/17/2026 13:56:56";"09/12/2026 12:02:01";"";""
"785";"JRN-OBJ-REF-02-CREATION-20260912T120336Z";"";"";"";"09/12/2026 12:03:36";"Création de OBJ-REF-02-CATEGORIES-OBJETS et enregistrement des dix catégories initiales.";"";"ENT, REF, RES, ART, CMP, SRV, EVT, PRC, CFG et DAT créés avec ACTIF=Oui.";"";"Non";"Non";"Non";"Lookup FAMILLE-OBJET facultatif vers OBJ-REF-01. Aucune autre liste modifiée hors journalisation obligatoire.";"";"JOURNAL - TYPEEVENEMENT - CREATION | JOURNAL - SOURCE - MANUEL | JOURNAL - RESULTAT - SUCCES";"";"";"";"";"";"";"";"";"09/17/2026 13:56:56";"09/12/2026 12:03:56";"";""
"786";"JRN-OBJ-REF-04-CREATION-20260912T120453Z";"";"";"";"09/12/2026 12:04:53";"Création de OBJ-REF-04-DOMAINES et enregistrement des douze domaines initiaux.";"";"GOUV, ORG, GEO, REF, LST, SCR, AUD, FLW, PAG, JRN, DAT et TEC créés avec ACTIF=Oui.";"";"Non";"Non";"Non";"Aucune autre liste modifiée hors journalisation obligatoire.";"";"JOURNAL - TYPEEVENEMENT - CREATION | JOURNAL - SOURCE - MANUEL | JOURNAL - RESULTAT - SUCCES";"";"";"";"";"";"";"";"";"09/17/2026 13:56:58";"09/12/2026 12:05:27";"";""
"787";"JRN-OBJ-REF-00-GOUVERNANCE-20260912T120453Z";"";"";"";"09/12/2026 12:04:53";"Ajout des colonnes de gouvernance dans OBJ-REF-00-TYPES-OBJETS.";"Aucune colonne de raccordement aux référentiels OBJ-REF-01 à OBJ-REF-04.";"Ajout de FAMILLE, CATEGORIE, PROPRIETAIRE, DOMAINE, DESCRIPTION-REF, ORDRE-AFFICHAGE, DATE-DERNIER-CONTROLE et ANOMALIE-DETECTEE.";"";"Non";"Non";"Non";"Les 22 types et les lookups existants sont conservés. Aucun type qualifié dans cette action.";"";"JOURNAL - TYPEEVENEMENT - MODIFICATION | JOURNAL - SOURCE - MANUEL | JOURNAL - RESULTAT - SUCCES";"";"";"";"";"";"";"";"";"09/17/2026 13:56:59";"09/12/2026 12:08:29";"";""
"788";"JRN-OBJ-REF-00-CLI-QUALIFICATION-20260912T120453Z";"";"";"";"09/12/2026 12:04:53";"Qualification des référentiels de gouvernance pour le type CLI.";"FAMILLE, CATEGORIE, PROPRIETAIRE et DOMAINE non renseignés.";"FAMILLE=1; CATEGORIE=1; PROPRIETAIRE=DSE; DOMAINE=2.";"";"Non";"Non";"Non";"CODE-TYPE=CLI; TITRE=CLIENT";"";"JOURNAL - TYPEEVENEMENT - MODIFICATION | JOURNAL - SOURCE - MANUEL | JOURNAL - RESULTAT - SUCCES";"";"";"";"";"";"";"";"";"09/17/2026 13:57:01";"09/12/2026 12:11:04";"";""
"789";"JRN-OBJ-REF-00-CPT-QUALIFICATION-20260912T120453Z";"";"";"";"09/12/2026 12:04:53";"Qualification des référentiels de gouvernance pour le type CPT.";"FAMILLE, CATEGORIE, PROPRIETAIRE et DOMAINE non renseignés.";"FAMILLE=1; CATEGORIE=1; PROPRIETAIRE=DSE; DOMAINE=2.";"";"Non";"Non";"Non";"CODE-TYPE=CPT; TITRE=COMPTE";"";"JOURNAL - TYPEEVENEMENT - MODIFICATION | JOURNAL - SOURCE - MANUEL | JOURNAL - RESULTAT - SUCCES";"";"";"";"";"";"";"";"";"09/17/2026 13:57:02";"09/12/2026 12:11:04";"";""
"790";"JRN-OBJ-REF-00-ENT-QUALIFICATION-20260912T120453Z";"";"";"";"09/12/2026 12:04:53";"Qualification des référentiels de gouvernance pour le type ENT.";"FAMILLE, CATEGORIE, PROPRIETAIRE et DOMAINE non renseignés.";"FAMILLE=1; CATEGORIE=1; PROPRIETAIRE=DSE; DOMAINE=2.";"";"Non";"Non";"Non";"CODE-TYPE=ENT; TITRE=ENTREPRISE";"";"JOURNAL - TYPEEVENEMENT - MODIFICATION | JOURNAL - SOURCE - MANUEL | JOURNAL - RESULTAT - SUCCES";"";"";"";"";"";"";"";"";"09/17/2026 13:57:04";"09/12/2026 12:11:04";"";""
"791";"JRN-OBJ-REF-00-GEO-QUALIFICATION-20260912T120453Z";"";"";"";"09/12/2026 12:04:53";"Qualification des référentiels de gouvernance pour le type GEO.";"FAMILLE, CATEGORIE, PROPRIETAIRE et DOMAINE non renseignés.";"FAMILLE=2; CATEGORIE=10; PROPRIETAIRE=DSE; DOMAINE=3.";"";"Non";"Non";"Non";"CODE-TYPE=GEO; TITRE=GEOGRAPHIE";"";"JOURNAL - TYPEEVENEMENT - MODIFICATION | JOURNAL - SOURCE - MANUEL | JOURNAL - RESULTAT - SUCCES";"";"";"";"";"";"";"";"";"09/17/2026 13:57:05";"09/12/2026 12:11:04";"";""
"792";"JRN-OBJ-REF-00-PAG-QUALIFICATION-20260912T120453Z";"";"";"";"09/12/2026 12:04:53";"Qualification des référentiels de gouvernance pour le type PAG.";"FAMILLE, CATEGORIE, PROPRIETAIRE et DOMAINE non renseignés.";"FAMILLE=3; CATEGORIE=4; PROPRIETAIRE=DSE; DOMAINE=9.";"";"Non";"Non";"Non";"CODE-TYPE=PAG; TITRE=PAGE";"";"JOURNAL - TYPEEVENEMENT - MODIFICATION | JOURNAL - SOURCE - MANUEL | JOURNAL - RESULTAT - SUCCES";"";"";"";"";"";"";"";"";"09/17/2026 13:57:07";"09/12/2026 12:11:05";"";""
"793";"JRN-OBJ-REF-00-SIT-QUALIFICATION-20260912T120453Z";"";"";"";"09/12/2026 12:04:53";"Qualification des référentiels de gouvernance pour le type SIT.";"FAMILLE, CATEGORIE, PROPRIETAIRE et DOMAINE non renseignés.";"FAMILLE=4; CATEGORIE=1; PROPRIETAIRE=DSE; DOMAINE=12.";"";"Non";"Non";"Non";"CODE-TYPE=SIT; TITRE=SITE";"";"JOURNAL - TYPEEVENEMENT - MODIFICATION | JOURNAL - SOURCE - MANUEL | JOURNAL - RESULTAT - SUCCES";"";"";"";"";"";"";"";"";"09/17/2026 13:57:09";"09/12/2026 12:11:05";"";""
"794";"JRN-OBJ-REF-00-DOM-QUALIFICATION-20260912T120453Z";"";"";"";"09/12/2026 12:04:53";"Qualification des référentiels de gouvernance pour le type DOM.";"FAMILLE, CATEGORIE, PROPRIETAIRE et DOMAINE non renseignés.";"FAMILLE=4; CATEGORIE=1; PROPRIETAIRE=DSE; DOMAINE=12.";"";"Non";"Non";"Non";"CODE-TYPE=DOM; TITRE=DOMAINE";"";"JOURNAL - TYPEEVENEMENT - MODIFICATION | JOURNAL - SOURCE - MANUEL | JOURNAL - RESULTAT - SUCCES";"";"";"";"";"";"";"";"";"09/17/2026 13:57:09";"09/12/2026 12:11:05";"";""
"795";"JRN-OBJ-REF-00-DOC-QUALIFICATION-20260912T120453Z";"";"";"";"09/12/2026 12:04:53";"Qualification des référentiels de gouvernance pour le type DOC.";"FAMILLE, CATEGORIE, PROPRIETAIRE et DOMAINE non renseignés.";"FAMILLE=3; CATEGORIE=3; PROPRIETAIRE=DSE; DOMAINE=5.";"";"Non";"Non";"Non";"CODE-TYPE=DOC; TITRE=DOCUMENT";"";"JOURNAL - TYPEEVENEMENT - MODIFICATION | JOURNAL - SOURCE - MANUEL | JOURNAL - RESULTAT - SUCCES";"";"";"";"";"";"";"";"";"09/17/2026 13:57:11";"09/12/2026 12:11:05";"";""
"796";"JRN-OBJ-REF-00-MED-QUALIFICATION-20260912T120453Z";"";"";"";"09/12/2026 12:04:53";"Qualification des référentiels de gouvernance pour le type MED.";"FAMILLE, CATEGORIE, PROPRIETAIRE et DOMAINE non renseignés.";"FAMILLE=3; CATEGORIE=3; PROPRIETAIRE=DSE; DOMAINE=5.";"";"Non";"Non";"Non";"CODE-TYPE=MED; TITRE=MEDIA";"";"JOURNAL - TYPEEVENEMENT - MODIFICATION | JOURNAL - SOURCE - MANUEL | JOURNAL - RESULTAT - SUCCES";"";"";"";"";"";"";"";"";"09/17/2026 13:57:13";"09/12/2026 12:11:05";"";""
"797";"JRN-OBJ-REF-00-PRD-QUALIFICATION-20260912T120453Z";"";"";"";"09/12/2026 12:04:53";"Qualification des référentiels de gouvernance pour le type PRD.";"FAMILLE, CATEGORIE, PROPRIETAIRE et DOMAINE non renseignés.";"FAMILLE=1; CATEGORIE=1; PROPRIETAIRE=DSE; DOMAINE=2.";"";"Non";"Non";"Non";"CODE-TYPE=PRD; TITRE=PRODUIT";"";"JOURNAL - TYPEEVENEMENT - MODIFICATION | JOURNAL - SOURCE - MANUEL | JOURNAL - RESULTAT - SUCCES";"";"";"";"";"";"";"";"";"09/17/2026 13:57:14";"09/12/2026 12:11:05";"";""
"798";"JRN-OBJ-REF-00-JRN-QUALIFICATION-20260912T120453Z";"";"";"";"09/12/2026 12:04:53";"Qualification des référentiels de gouvernance pour le type JRN.";"FAMILLE, CATEGORIE, PROPRIETAIRE et DOMAINE non renseignés.";"FAMILLE=6; CATEGORIE=7; PROPRIETAIRE=DSE; DOMAINE=10.";"";"Non";"Non";"Non";"CODE-TYPE=JRN; TITRE=JOURNAL";"";"JOURNAL - TYPEEVENEMENT - MODIFICATION | JOURNAL - SOURCE - MANUEL | JOURNAL - RESULTAT - SUCCES";"";"";"";"";"";"";"";"";"09/17/2026 13:57:16";"09/12/2026 12:11:05";"";""
"799";"JRN-OBJ-REF-00-REF-QUALIFICATION-20260912T120453Z";"";"";"";"09/12/2026 12:04:53";"Qualification des référentiels de gouvernance pour le type REF.";"FAMILLE, CATEGORIE, PROPRIETAIRE et DOMAINE non renseignés.";"FAMILLE=5; CATEGORIE=2; PROPRIETAIRE=DSE; DOMAINE=4.";"";"Non";"Non";"Non";"CODE-TYPE=REF; TITRE=REFERENTIEL";"";"JOURNAL - TYPEEVENEMENT - MODIFICATION | JOURNAL - SOURCE - MANUEL | JOURNAL - RESULTAT - SUCCES";"";"";"";"";"";"";"";"";"09/17/2026 13:57:17";"09/12/2026 12:11:05";"";""
"800";"JRN-OBJ-REF-00-MEN-QUALIFICATION-20260912T120453Z";"";"";"";"09/12/2026 12:04:53";"Qualification des référentiels de gouvernance pour le type MEN.";"FAMILLE, CATEGORIE, PROPRIETAIRE et DOMAINE non renseignés.";"FAMILLE=3; CATEGORIE=9; PROPRIETAIRE=DSE; DOMAINE=9.";"";"Non";"Non";"Non";"CODE-TYPE=MEN; TITRE=MENU";"";"JOURNAL - TYPEEVENEMENT - MODIFICATION | JOURNAL - SOURCE - MANUEL | JOURNAL - RESULTAT - SUCCES";"";"";"";"";"";"";"";"";"09/17/2026 13:57:19";"09/12/2026 12:11:06";"";""
"801";"JRN-OBJ-REF-00-FON-QUALIFICATION-20260912T120453Z";"";"";"";"09/12/2026 12:04:53";"Qualification des référentiels de gouvernance pour le type FON.";"FAMILLE, CATEGORIE, PROPRIETAIRE et DOMAINE non renseignés.";"FAMILLE=6; CATEGORIE=8; PROPRIETAIRE=DSE; DOMAINE=6.";"";"Non";"Non";"Non";"CODE-TYPE=FON; TITRE=FONCTION";"";"JOURNAL - TYPEEVENEMENT - MODIFICATION | JOURNAL - SOURCE - MANUEL | JOURNAL - RESULTAT - SUCCES";"";"";"";"";"";"";"";"";"09/17/2026 13:57:20";"09/12/2026 12:11:06";"";""
"802";"JRN-OBJ-REF-00-COR-QUALIFICATION-20260912T120453Z";"";"";"";"09/12/2026 12:04:53";"Qualification des référentiels de gouvernance pour le type COR.";"FAMILLE, CATEGORIE, PROPRIETAIRE et DOMAINE non renseignés.";"FAMILLE=4; CATEGORIE=5; PROPRIETAIRE=DSE; DOMAINE=12.";"";"Non";"Non";"Non";"CODE-TYPE=COR; TITRE=CORE";"";"JOURNAL - TYPEEVENEMENT - MODIFICATION | JOURNAL - SOURCE - MANUEL | JOURNAL - RESULTAT - SUCCES";"";"";"";"";"";"";"";"";"09/17/2026 13:57:22";"09/12/2026 12:11:06";"";""
"803";"JRN-OBJ-REF-00-SCR-QUALIFICATION-20260912T120453Z";"";"";"";"09/12/2026 12:04:53";"Qualification des référentiels de gouvernance pour le type SCR.";"FAMILLE, CATEGORIE, PROPRIETAIRE et DOMAINE non renseignés.";"FAMILLE=4; CATEGORIE=5; PROPRIETAIRE=DSE; DOMAINE=6.";"";"Non";"Non";"Non";"CODE-TYPE=SCR; TITRE=SCRIPT";"";"JOURNAL - TYPEEVENEMENT - MODIFICATION | JOURNAL - SOURCE - MANUEL | JOURNAL - RESULTAT - SUCCES";"";"";"";"";"";"";"";"";"09/17/2026 13:57:23";"09/12/2026 12:11:06";"";""
"804";"JRN-OBJ-REF-00-APP-QUALIFICATION-20260912T120453Z";"";"";"";"09/12/2026 12:04:53";"Qualification des référentiels de gouvernance pour le type APP.";"FAMILLE, CATEGORIE, PROPRIETAIRE et DOMAINE non renseignés.";"FAMILLE=4; CATEGORIE=6; PROPRIETAIRE=DSE; DOMAINE=12.";"";"Non";"Non";"Non";"CODE-TYPE=APP; TITRE=APPLICATION";"";"JOURNAL - TYPEEVENEMENT - MODIFICATION | JOURNAL - SOURCE - MANUEL | JOURNAL - RESULTAT - SUCCES";"";"";"";"";"";"";"";"";"09/17/2026 13:57:25";"09/12/2026 12:11:06";"";""
"805";"JRN-OBJ-REF-00-REP-QUALIFICATION-20260912T120453Z";"";"";"";"09/12/2026 12:04:53";"Qualification des référentiels de gouvernance pour le type REP.";"FAMILLE, CATEGORIE, PROPRIETAIRE et DOMAINE non renseignés.";"FAMILLE=3; CATEGORIE=4; PROPRIETAIRE=DSE; DOMAINE=7.";"";"Non";"Non";"Non";"CODE-TYPE=REP; TITRE=RAPPORT";"";"JOURNAL - TYPEEVENEMENT - MODIFICATION | JOURNAL - SOURCE - MANUEL | JOURNAL - RESULTAT - SUCCES";"";"";"";"";"";"";"";"";"09/17/2026 13:57:27";"09/12/2026 12:11:06";"";""
"806";"JRN-OBJ-REF-00-FOR-QUALIFICATION-20260912T120453Z";"";"";"";"09/12/2026 12:04:53";"Qualification des référentiels de gouvernance pour le type FOR.";"FAMILLE, CATEGORIE, PROPRIETAIRE et DOMAINE non renseignés.";"FAMILLE=7; CATEGORIE=3; PROPRIETAIRE=DSE; DOMAINE=7.";"";"Non";"Non";"Non";"CODE-TYPE=FOR; TITRE=FORMATION";"";"JOURNAL - TYPEEVENEMENT - MODIFICATION | JOURNAL - SOURCE - MANUEL | JOURNAL - RESULTAT - SUCCES";"";"";"";"";"";"";"";"";"09/17/2026 13:57:27";"09/12/2026 12:11:06";"";""
"807";"JRN-OBJ-REF-00-MOD-QUALIFICATION-20260912T120453Z";"";"";"";"09/12/2026 12:04:53";"Qualification des référentiels de gouvernance pour le type MOD.";"FAMILLE, CATEGORIE, PROPRIETAIRE et DOMAINE non renseignés.";"FAMILLE=3; CATEGORIE=4; PROPRIETAIRE=DSE; DOMAINE=4.";"";"Non";"Non";"Non";"CODE-TYPE=MOD; TITRE=MODELE";"";"JOURNAL - TYPEEVENEMENT - MODIFICATION | JOURNAL - SOURCE - MANUEL | JOURNAL - RESULTAT - SUCCES";"";"";"";"";"";"";"";"";"09/17/2026 13:57:29";"09/12/2026 12:11:07";"";""
"808";"JRN-OBJ-REF-00-SYS-QUALIFICATION-20260912T120453Z";"";"";"";"09/12/2026 12:04:53";"Qualification des référentiels de gouvernance pour le type SYS.";"FAMILLE, CATEGORIE, PROPRIETAIRE et DOMAINE non renseignés.";"FAMILLE=4; CATEGORIE=6; PROPRIETAIRE=DSE; DOMAINE=12.";"";"Non";"Non";"Non";"CODE-TYPE=SYS; TITRE=SYSTEME";"";"JOURNAL - TYPEEVENEMENT - MODIFICATION | JOURNAL - SOURCE - MANUEL | JOURNAL - RESULTAT - SUCCES";"";"";"";"";"";"";"";"";"09/17/2026 13:57:30";"09/12/2026 12:11:07";"";""
"809";"JRN-OBJ-REF-00-PAY-QUALIFICATION-20260912T120453Z";"";"";"";"09/12/2026 12:04:53";"Qualification des référentiels de gouvernance pour le type PAY.";"FAMILLE, CATEGORIE, PROPRIETAIRE et DOMAINE non renseignés.";"FAMILLE=2; CATEGORIE=10; PROPRIETAIRE=DSE; DOMAINE=3.";"";"Non";"Non";"Non";"CODE-TYPE=PAY; TITRE=Pays";"";"JOURNAL - TYPEEVENEMENT - MODIFICATION | JOURNAL - SOURCE - MANUEL | JOURNAL - RESULTAT - SUCCES";"";"";"";"";"";"";"";"";"09/17/2026 13:57:32";"09/12/2026 12:11:07";"";""
"810";"JRN-OBJ-SCR-CREATION-20260912122847314";"";"";"";"09/12/2026 12:28:47";"Création de OBJ-SCR et des sept scripts initiaux.";"";"DSE-LST-001, DSE-LST-002, DSE-LST-003, DSE-ORG-001, DSE-ORG-002, DSE-ORG-003 et DSE-AUDIT-GLOBAL.";"";"Non";"Non";"Non";"Propriétaire DSE; journalisation OUI; statut BROUILLON; aucun ZZ créé.";"";"JOURNAL - TYPEEVENEMENT - CREATION | JOURNAL - SOURCE - MANUEL | JOURNAL - RESULTAT - SUCCES";"";"";"";"";"";"";"";"";"09/17/2026 13:57:33";"09/12/2026 12:29:19";"";""
"811";"JRN-OBJ-SCR-DSE-LST-INVENTAIRE-20260912124746647";"";"";"";"09/12/2026 12:47:46";"Inventaire ciblé des scripts DSE-LST et création de la fiche DSE-LST-004.";"DSE-LST-004 absent de OBJ-SCR.";"DSE-LST-004 enregistré : MAINTENANCE, domaine LST, propriétaire DSE, statut TEST, journalisation OUI, version 1.5.0-REV-K.";"";"Non";"Non";"Non";"DSE-LST-001, 002 et 003 sont présents dans OBJ-SCR mais sans fichier correspondant détecté dans DSE-OUTILS; proposition ZZ uniquement, sans modification.";"";"JOURNAL - TYPEEVENEMENT - CONTROLE | JOURNAL - SOURCE - MANUEL | JOURNAL - RESULTAT - SUCCES";"";"";"";"";"";"";"";"";"09/17/2026 13:57:35";"09/12/2026 12:47:57";"";""
"812";"JRN-DSE-ORG-2026-09-12T14-04-32-860Z";"";"";"";"09/12/2026 14:04:32";"Inventaire DSE-ORG";"";"Contrôle OBJ-SCR et DSE-OUTILS/SCRIPTS : 3 fiches DSE-ORG, 0 fichier script DSE-ORG trouvé.";"";"Oui";"Non";"Non";"Aucune suppression. Fiches DSE-ORG-001 à DSE-ORG-003 incomplètes : version et chemin absents ; existence fichier non confirmée.";"";"JOURNAL - TYPEEVENEMENT - CONTROLE | JOURNAL - SOURCE - IA | JOURNAL - RESULTAT - AVERTISSEMENT";"";"";"";"";"";"";"";"";"09/17/2026 13:57:36";"09/12/2026 14:04:57";"";""
"813";"JRN-OBJ-SCR-TYPEOBJET-2026-09-12T14-06-53-197Z";"";"";"";"09/12/2026 14:06:53";"Ajout TYPE-OBJET et mise à jour scripts";"";"Opération non appliquée : ajout de colonne TYPE-OBJET bloqué par une vue OBJ-SCR dont la requête CAML est invalide.";"";"Oui";"Non";"Non";"Aucune fiche OBJ-SCR modifiée ; aucun ZZ créé ; aucun élément supprimé.";"";"JOURNAL - TYPEEVENEMENT - ANOMALIE | JOURNAL - SOURCE - IA | JOURNAL - RESULTAT - ECHEC";"";"";"";"";"";"";"";"";"09/17/2026 13:57:38";"09/12/2026 14:06:59";"";""
"814";"JRN-OBJ-SCR-VUES-2026-09-12T14-08-45-047Z";"";"";"";"09/12/2026 14:08:45";"Diagnostic CAML des vues OBJ-SCR";"";"9 vues analysées et prévisualisées avec succès. Aucune requête CAML invalide détectée ; aucune correction appliquée.";"";"Non";"Non";"Non";"Aucune fiche OBJ-SCR, colonne ou autre liste modifiée. La vue 01 - Scripts actifs, auparavant signalée, a été validée avec son filtre ACTIF=Oui et son tri NOMSCRIPT.";"";"JOURNAL - TYPEEVENEMENT - CONTROLE | JOURNAL - SOURCE - IA | JOURNAL - RESULTAT - SUCCES";"";"";"";"";"";"";"";"";"09/17/2026 13:57:39";"09/12/2026 14:08:48";"";""
"815";"JRN-OBJ-SCR-TYPEOBJET-2026-09-12T14-10-55-679Z";"";"";"";"09/12/2026 14:10:55";"Ajout TYPE-OBJET et affectation SCR";"";"Non appliqué : SharePoint bloque l’ajout de la colonne car la vue 01 - Scripts actifs contient une requête CAML rejetée en validation.";"";"Oui";"Non";"Non";"Aucune vue, fiche OBJ-SCR, autre colonne ou autre liste modifiée ; aucun ZZ ni suppression.";"";"JOURNAL - TYPEEVENEMENT - ANOMALIE | JOURNAL - SOURCE - IA | JOURNAL - RESULTAT - ECHEC";"";"";"";"";"";"";"";"";"09/17/2026 13:57:41";"09/12/2026 14:11:04";"";""
"816";"JRN-OBJ-SCR-VUE-SECURITE-2026-09-12T14-12-53-410Z";"";"";"";"09/12/2026 14:12:53";"Création vue temporaire de sécurité OBJ-SCR";"";"Non appliquée : SharePoint rejette la requête CAML de la vue temporaire 01B, avec ACTIF=Oui et tri NOMSCRIPT. La vue 01 - Scripts actifs reste la vue par défaut et ne peut pas être supprimée sans remplacer ce statut.";"";"Oui";"Non";"Non";"Aucune vue supprimée, aucune colonne ajoutée, aucune fiche OBJ-SCR modifiée, aucun ZZ ni suppression d’élément.";"";"JOURNAL - TYPEEVENEMENT - ANOMALIE | JOURNAL - SOURCE - IA | JOURNAL - RESULTAT - ECHEC";"";"";"";"";"";"";"";"";"09/17/2026 13:57:42";"09/12/2026 14:13:01";"";""
"817";"JRN-DSE-GEO-2026-09-12T14-17-37-447Z";"";"";"";"09/12/2026 14:17:37";"Inventaire DSE-GEO dans OBJ-SCR";"";"Aucun script DSE-GEO trouvé dans OBJ-SCR ni dans la bibliothèque officielle DSE-OUTILS. Aucune modification appliquée.";"";"Non";"Non";"Non";"ANOMALIE-SCR-001 respectée : aucune modification de structure OBJ-SCR ; aucun ZZ, archivage ou suppression.";"";"JOURNAL - TYPEEVENEMENT - CONTROLE | JOURNAL - SOURCE - IA | JOURNAL - RESULTAT - SUCCES";"";"";"";"";"";"";"";"";"09/17/2026 13:57:44";"09/12/2026 14:17:43";"";""
"818";"DSE-AUDIT-001-20260912-164138-DEBUT";"";"";"";"12/09/2026 16:41:40";"DEBUT";"";"";"";"Non";"Non";"Non";"Demarrage du MVP d'audit DSE. Aucune correction automatique.";"DSE-AUDIT-001-20260912-164138-DEBUT";"JOURNAL - TYPEEVENEMENT - CONTROLE | JOURNAL - SOURCE - WORKFLOW | JOURNAL - RESULTAT - SUCCES";"";"";"";"";"";"";"";"";"09/17/2026 13:57:45";"09/12/2026 14:41:42";"";""
"819";"DSE-AUDIT-001-20260912-164138-CONTROLE-1";"";"";"";"12/09/2026 16:41:44";"AUDIT OBJ-LST";"Catalogue : elements=458; colonnes=50; vues=5; URL=https://blogssite.sharepoint.com/sites/Bibliotheque/Documents partages";"Reel : elements=459; colonnes=50; vues=5; URL=https://blogssite.sharepoint.com/sites/Bibliotheque/Documents partages";"";"Oui";"Non";"Non";"IDLST=LST-000001; NOMLISTE=DOC - Documents; STATUT=ECART; DETAIL=Ecarts : ELEMENTS";"DSE-AUDIT-001-20260912-164138-CONTROLE-1";"JOURNAL - TYPEEVENEMENT - CONTROLE | JOURNAL - SOURCE - WORKFLOW | JOURNAL - RESULTAT - AVERTISSEMENT";"";"";"";"";"";"";"";"";"09/17/2026 13:57:47";"09/12/2026 14:41:46";"";""
"820";"DSE-AUDIT-001-20260912-164138-CONTROLE-2";"";"";"";"12/09/2026 16:41:46";"AUDIT OBJ-LST";"Catalogue : elements=1259; colonnes=2; vues=1; URL=https://blogssite.sharepoint.com/sites/Bibliotheque/DSE  Coffre ZIP";"Reel : elements=1258; colonnes=2; vues=1; URL=https://blogssite.sharepoint.com/sites/Bibliotheque/DSE  Coffre ZIP";"";"Oui";"Non";"Non";"IDLST=LST-000002; NOMLISTE=DSE - Coffre Ford; STATUT=ECART; DETAIL=Ecarts : ELEMENTS";"DSE-AUDIT-001-20260912-164138-CONTROLE-2";"JOURNAL - TYPEEVENEMENT - CONTROLE | JOURNAL - SOURCE - WORKFLOW | JOURNAL - RESULTAT - AVERTISSEMENT";"";"";"";"";"";"";"";"";"09/17/2026 13:57:48";"09/12/2026 14:41:48";"";""
"821";"DSE-AUDIT-001-20260912-164138-CONTROLE-3";"";"";"";"12/09/2026 16:41:48";"AUDIT OBJ-LST";"Catalogue : elements=237; colonnes=48; vues=8; URL=https://blogssite.sharepoint.com/sites/Bibliotheque/Lists/OBJ";"Reel : elements=237; colonnes=48; vues=8; URL=https://blogssite.sharepoint.com/sites/Bibliotheque/Lists/OBJ";"";"Non";"Non";"Non";"IDLST=LST-000003; NOMLISTE=OBJ; STATUT=CONFORME; DETAIL=Catalogue coherent avec SharePoint.";"DSE-AUDIT-001-20260912-164138-CONTROLE-3";"JOURNAL - TYPEEVENEMENT - CONTROLE | JOURNAL - SOURCE - WORKFLOW | JOURNAL - RESULTAT - SUCCES";"";"";"";"";"";"";"";"";"09/17/2026 13:57:49";"09/12/2026 14:41:49";"";""
"822";"DSE-AUDIT-001-20260912-164138-CONTROLE-4";"";"";"";"12/09/2026 16:41:50";"AUDIT OBJ-LST";"Catalogue : elements=2; colonnes=14; vues=1; URL=https://blogssite.sharepoint.com/sites/Bibliotheque/Lists/OBJAUDIT";"Reel : elements=2; colonnes=14; vues=1; URL=https://blogssite.sharepoint.com/sites/Bibliotheque/Lists/OBJAUDIT";"";"Non";"Non";"Non";"IDLST=LST-000005; NOMLISTE=OBJ-AUDIT; STATUT=CONFORME; DETAIL=Catalogue coherent avec SharePoint.";"DSE-AUDIT-001-20260912-164138-CONTROLE-4";"JOURNAL - TYPEEVENEMENT - CONTROLE | JOURNAL - SOURCE - WORKFLOW | JOURNAL - RESULTAT - SUCCES";"";"";"";"";"";"";"";"";"09/17/2026 13:57:52";"09/12/2026 14:41:51";"";""
"823";"DSE-AUDIT-001-20260912-164138-CONTROLE-5";"";"";"";"12/09/2026 16:41:52";"AUDIT OBJ-LST";"Catalogue : elements=249; colonnes=26; vues=6; URL=https://blogssite.sharepoint.com/sites/Bibliotheque/Lists/OBJGEOCAPITALE";"Reel : elements=249; colonnes=26; vues=6; URL=https://blogssite.sharepoint.com/sites/Bibliotheque/Lists/OBJGEOCAPITALE";"";"Non";"Non";"Non";"IDLST=LST-000006; NOMLISTE=OBJ-GEO-CAPITALE; STATUT=CONFORME; DETAIL=Catalogue coherent avec SharePoint.";"DSE-AUDIT-001-20260912-164138-CONTROLE-5";"JOURNAL - TYPEEVENEMENT - CONTROLE | JOURNAL - SOURCE - WORKFLOW | JOURNAL - RESULTAT - SUCCES";"";"";"";"";"";"";"";"";"09/17/2026 13:57:52";"09/12/2026 14:41:53";"";""
"824";"DSE-AUDIT-001-20260912-164138-CONTROLE-6";"";"";"";"12/09/2026 16:41:54";"AUDIT OBJ-LST";"Catalogue : elements=7; colonnes=20; vues=6; URL=https://blogssite.sharepoint.com/sites/Bibliotheque/Lists/OBJGEOCONTINENT";"Reel : elements=7; colonnes=20; vues=6; URL=https://blogssite.sharepoint.com/sites/Bibliotheque/Lists/OBJGEOCONTINENT";"";"Non";"Non";"Non";"IDLST=LST-000007; NOMLISTE=OBJ-GEO-CONTINENT; STATUT=CONFORME; DETAIL=Catalogue coherent avec SharePoint.";"DSE-AUDIT-001-20260912-164138-CONTROLE-6";"JOURNAL - TYPEEVENEMENT - CONTROLE | JOURNAL - SOURCE - WORKFLOW | JOURNAL - RESULTAT - SUCCES";"";"";"";"";"";"";"";"";"09/17/2026 13:57:54";"09/12/2026 14:41:55";"";""
"825";"DSE-AUDIT-001-20260912-164138-CONTROLE-7";"";"";"";"12/09/2026 16:41:55";"AUDIT OBJ-LST";"Catalogue : elements=101; colonnes=32; vues=6; URL=https://blogssite.sharepoint.com/sites/Bibliotheque/Lists/OBJGEODEPARTEMENT";"Reel : elements=101; colonnes=32; vues=6; URL=https://blogssite.sharepoint.com/sites/Bibliotheque/Lists/OBJGEODEPARTEMENT";"";"Non";"Non";"Non";"IDLST=LST-000008; NOMLISTE=OBJ-GEO-DEPARTEMENT; STATUT=CONFORME; DETAIL=Catalogue coherent avec SharePoint.";"DSE-AUDIT-001-20260912-164138-CONTROLE-7";"JOURNAL - TYPEEVENEMENT - CONTROLE | JOURNAL - SOURCE - WORKFLOW | JOURNAL - RESULTAT - SUCCES";"";"";"";"";"";"";"";"";"09/17/2026 13:57:55";"09/12/2026 14:41:58";"";""
"826";"DSE-AUDIT-001-20260912-164138-CONTROLE-8";"";"";"";"12/09/2026 16:41:57";"AUDIT OBJ-LST";"Catalogue : elements=154; colonnes=21; vues=6; URL=https://blogssite.sharepoint.com/sites/Bibliotheque/Lists/OBJGEODEVISE";"Reel : elements=154; colonnes=21; vues=6; URL=https://blogssite.sharepoint.com/sites/Bibliotheque/Lists/OBJGEODEVISE";"";"Non";"Non";"Non";"IDLST=LST-000009; NOMLISTE=OBJ-GEO-DEVISE; STATUT=CONFORME; DETAIL=Catalogue coherent avec SharePoint.";"DSE-AUDIT-001-20260912-164138-CONTROLE-8";"JOURNAL - TYPEEVENEMENT - CONTROLE | JOURNAL - SOURCE - WORKFLOW | JOURNAL - RESULTAT - SUCCES";"";"";"";"";"";"";"";"";"09/17/2026 13:57:57";"09/12/2026 14:41:59";"";""
"827";"DSE-AUDIT-001-20260912-164138-CONTROLE-9";"";"";"";"12/09/2026 16:41:59";"AUDIT OBJ-LST";"Catalogue : elements=38; colonnes=22; vues=6; URL=https://blogssite.sharepoint.com/sites/Bibliotheque/Lists/OBJGEOFUSEAUHORAIRE";"Reel : elements=38; colonnes=22; vues=6; URL=https://blogssite.sharepoint.com/sites/Bibliotheque/Lists/OBJGEOFUSEAUHORAIRE";"";"Non";"Non";"Non";"IDLST=LST-000010; NOMLISTE=OBJ-GEO-FUSEAU-HORAIRE; STATUT=CONFORME; DETAIL=Catalogue coherent avec SharePoint.";"DSE-AUDIT-001-20260912-164138-CONTROLE-9";"JOURNAL - TYPEEVENEMENT - CONTROLE | JOURNAL - SOURCE - WORKFLOW | JOURNAL - RESULTAT - SUCCES";"";"";"";"";"";"";"";"";"09/17/2026 13:57:59";"09/12/2026 14:42:01";"";""
"828";"DSE-AUDIT-001-20260912-164138-CONTROLE-10";"";"";"";"12/09/2026 16:42:01";"AUDIT OBJ-LST";"Catalogue : elements=112; colonnes=22; vues=16; URL=https://blogssite.sharepoint.com/sites/Bibliotheque/Lists/OBJGEOLANGUE";"Reel : elements=112; colonnes=22; vues=16; URL=https://blogssite.sharepoint.com/sites/Bibliotheque/Lists/OBJGEOLANGUE";"";"Non";"Non";"Non";"IDLST=LST-000011; NOMLISTE=OBJ-GEO-LANGUE; STATUT=CONFORME; DETAIL=Catalogue coherent avec SharePoint.";"DSE-AUDIT-001-20260912-164138-CONTROLE-10";"JOURNAL - TYPEEVENEMENT - CONTROLE | JOURNAL - SOURCE - WORKFLOW | JOURNAL - RESULTAT - SUCCES";"";"";"";"";"";"";"";"";"09/17/2026 13:58:01";"09/12/2026 14:42:03";"";""
"829";"DSE-AUDIT-001-20260912-164138-CONTROLE-11";"";"";"";"12/09/2026 16:42:03";"AUDIT OBJ-LST";"Catalogue : elements=249; colonnes=26; vues=6; URL=https://blogssite.sharepoint.com/sites/Bibliotheque/Lists/OBJGEONATIONALITE";"Reel : elements=249; colonnes=26; vues=6; URL=https://blogssite.sharepoint.com/sites/Bibliotheque/Lists/OBJGEONATIONALITE";"";"Non";"Non";"Non";"IDLST=LST-000012; NOMLISTE=OBJ-GEO-NATIONALITE; STATUT=CONFORME; DETAIL=Catalogue coherent avec SharePoint.";"DSE-AUDIT-001-20260912-164138-CONTROLE-11";"JOURNAL - TYPEEVENEMENT - CONTROLE | JOURNAL - SOURCE - WORKFLOW | JOURNAL - RESULTAT - SUCCES";"";"";"";"";"";"";"";"";"09/17/2026 13:58:02";"09/12/2026 14:42:04";"";""
"830";"DSE-AUDIT-001-20260912-164138-CONTROLE-12";"";"";"";"12/09/2026 16:42:05";"AUDIT OBJ-LST";"Catalogue : elements=249; colonnes=32; vues=6; URL=https://blogssite.sharepoint.com/sites/Bibliotheque/Lists/OBJGEOPAYS";"Reel : elements=249; colonnes=32; vues=6; URL=https://blogssite.sharepoint.com/sites/Bibliotheque/Lists/OBJGEOPAYS";"";"Non";"Non";"Non";"IDLST=LST-000013; NOMLISTE=OBJ-GEO-PAYS; STATUT=CONFORME; DETAIL=Catalogue coherent avec SharePoint.";"DSE-AUDIT-001-20260912-164138-CONTROLE-12";"JOURNAL - TYPEEVENEMENT - CONTROLE | JOURNAL - SOURCE - WORKFLOW | JOURNAL - RESULTAT - SUCCES";"";"";"";"";"";"";"";"";"09/17/2026 13:58:04";"09/12/2026 14:42:06";"";""
"831";"DSE-AUDIT-001-20260912-164138-CONTROLE-13";"";"";"";"12/09/2026 16:42:07";"AUDIT OBJ-LST";"Catalogue : elements=18; colonnes=34; vues=6; URL=https://blogssite.sharepoint.com/sites/Bibliotheque/Lists/OBJGEOREGION";"Reel : elements=18; colonnes=34; vues=6; URL=https://blogssite.sharepoint.com/sites/Bibliotheque/Lists/OBJGEOREGION";"";"Non";"Non";"Non";"IDLST=LST-000014; NOMLISTE=OBJ-GEO-REGION; STATUT=CONFORME; DETAIL=Catalogue coherent avec SharePoint.";"DSE-AUDIT-001-20260912-164138-CONTROLE-13";"JOURNAL - TYPEEVENEMENT - CONTROLE | JOURNAL - SOURCE - WORKFLOW | JOURNAL - RESULTAT - SUCCES";"";"";"";"";"";"";"";"";"09/17/2026 13:58:05";"09/12/2026 14:42:08";"";""
"832";"DSE-AUDIT-001-20260912-164138-CONTROLE-14";"";"";"";"12/09/2026 16:42:08";"AUDIT OBJ-LST";"Catalogue : elements=6; colonnes=32; vues=4; URL=https://blogssite.sharepoint.com/sites/Bibliotheque/Lists/OBJGEOSOURCE";"Reel : elements=6; colonnes=32; vues=4; URL=https://blogssite.sharepoint.com/sites/Bibliotheque/Lists/OBJGEOSOURCE";"";"Non";"Non";"Non";"IDLST=LST-000015; NOMLISTE=OBJ-GEO-SOURCE; STATUT=CONFORME; DETAIL=Catalogue coherent avec SharePoint.";"DSE-AUDIT-001-20260912-164138-CONTROLE-14";"JOURNAL - TYPEEVENEMENT - CONTROLE | JOURNAL - SOURCE - WORKFLOW | JOURNAL - RESULTAT - SUCCES";"";"";"";"";"";"";"";"";"09/17/2026 13:58:07";"09/12/2026 14:42:10";"";""
"833";"DSE-AUDIT-001-20260912-164138-CONTROLE-15";"";"";"";"12/09/2026 16:42:10";"AUDIT OBJ-LST";"Catalogue : elements=22; colonnes=21; vues=6; URL=https://blogssite.sharepoint.com/sites/Bibliotheque/Lists/OBJGEOSTATUT";"Reel : elements=22; colonnes=21; vues=6; URL=https://blogssite.sharepoint.com/sites/Bibliotheque/Lists/OBJGEOSTATUT";"";"Non";"Non";"Non";"IDLST=LST-000016; NOMLISTE=OBJ-GEO-STATUT; STATUT=CONFORME; DETAIL=Catalogue coherent avec SharePoint.";"DSE-AUDIT-001-20260912-164138-CONTROLE-15";"JOURNAL - TYPEEVENEMENT - CONTROLE | JOURNAL - SOURCE - WORKFLOW | JOURNAL - RESULTAT - SUCCES";"";"";"";"";"";"";"";"";"09/17/2026 13:58:07";"09/12/2026 14:42:12";"";""
"834";"DSE-AUDIT-001-20260912-164138-CONTROLE-16";"";"";"";"12/09/2026 16:42:12";"AUDIT OBJ-LST";"Catalogue : elements=9; colonnes=29; vues=5; URL=https://blogssite.sharepoint.com/sites/Bibliotheque/Lists/OBJGEOTERRITOIRE";"Reel : elements=9; colonnes=29; vues=5; URL=https://blogssite.sharepoint.com/sites/Bibliotheque/Lists/OBJGEOTERRITOIRE";"";"Non";"Non";"Non";"IDLST=LST-000017; NOMLISTE=OBJ-GEO-TERRITOIRE; STATUT=CONFORME; DETAIL=Catalogue coherent avec SharePoint.";"DSE-AUDIT-001-20260912-164138-CONTROLE-16";"JOURNAL - TYPEEVENEMENT - CONTROLE | JOURNAL - SOURCE - WORKFLOW | JOURNAL - RESULTAT - SUCCES";"";"";"";"";"";"";"";"";"09/17/2026 13:58:10";"09/12/2026 14:42:14";"";""
"835";"DSE-AUDIT-001-20260912-164138-CONTROLE-17";"";"";"";"12/09/2026 16:42:14";"AUDIT OBJ-LST";"Catalogue : elements=34868; colonnes=28; vues=6; URL=https://blogssite.sharepoint.com/sites/Bibliotheque/Lists/OBJGEOVILLE";"Reel : elements=34868; colonnes=28; vues=6; URL=https://blogssite.sharepoint.com/sites/Bibliotheque/Lists/OBJGEOVILLE";"";"Non";"Non";"Non";"IDLST=LST-000018; NOMLISTE=OBJ-GEO-VILLE; STATUT=CONFORME; DETAIL=Catalogue coherent avec SharePoint.";"DSE-AUDIT-001-20260912-164138-CONTROLE-17";"JOURNAL - TYPEEVENEMENT - CONTROLE | JOURNAL - SOURCE - WORKFLOW | JOURNAL - RESULTAT - SUCCES";"";"";"";"";"";"";"";"";"09/17/2026 13:58:10";"09/12/2026 14:42:16";"";""
"836";"DSE-AUDIT-001-20260912-164138-CONTROLE-18";"";"";"";"12/09/2026 16:42:16";"AUDIT OBJ-LST";"Catalogue : elements=35; colonnes=19; vues=5; URL=https://blogssite.sharepoint.com/sites/Bibliotheque/Lists/OBJGEOZONE";"Reel : elements=35; colonnes=19; vues=5; URL=https://blogssite.sharepoint.com/sites/Bibliotheque/Lists/OBJGEOZONE";"";"Non";"Non";"Non";"IDLST=LST-000019; NOMLISTE=OBJ-GEO-ZONE; STATUT=CONFORME; DETAIL=Catalogue coherent avec SharePoint.";"DSE-AUDIT-001-20260912-164138-CONTROLE-18";"JOURNAL - TYPEEVENEMENT - CONTROLE | JOURNAL - SOURCE - WORKFLOW | JOURNAL - RESULTAT - SUCCES";"";"";"";"";"";"";"";"";"09/17/2026 13:58:13";"09/12/2026 14:42:17";"";""
"837";"DSE-AUDIT-001-20260912-164138-CONTROLE-19";"";"";"";"12/09/2026 16:42:18";"AUDIT OBJ-LST";"Catalogue : elements=253; colonnes=16; vues=1; URL=https://blogssite.sharepoint.com/sites/Bibliotheque/Lists/OBJJRN";"Reel : elements=817; colonnes=16; vues=1; URL=https://blogssite.sharepoint.com/sites/Bibliotheque/Lists/OBJJRN";"";"Oui";"Non";"Non";"IDLST=LST-000020; NOMLISTE=OBJ-JRN; STATUT=ECART; DETAIL=Ecarts : ELEMENTS";"DSE-AUDIT-001-20260912-164138-CONTROLE-19";"JOURNAL - TYPEEVENEMENT - CONTROLE | JOURNAL - SOURCE - WORKFLOW | JOURNAL - RESULTAT - AVERTISSEMENT";"";"";"";"";"";"";"";"";"09/17/2026 13:58:13";"09/12/2026 14:42:19";"";""
"838";"DSE-AUDIT-001-20260912-164138-CONTROLE-20";"";"";"";"12/09/2026 16:42:20";"AUDIT OBJ-LST";"Catalogue : elements=74; colonnes=25; vues=1; URL=https://blogssite.sharepoint.com/sites/Bibliotheque/Lists/OBJJRNGEO";"Reel : elements=74; colonnes=25; vues=1; URL=https://blogssite.sharepoint.com/sites/Bibliotheque/Lists/OBJJRNGEO";"";"Non";"Non";"Non";"IDLST=LST-000021; NOMLISTE=OBJ-JRN-GEO; STATUT=CONFORME; DETAIL=Catalogue coherent avec SharePoint.";"DSE-AUDIT-001-20260912-164138-CONTROLE-20";"JOURNAL - TYPEEVENEMENT - CONTROLE | JOURNAL - SOURCE - WORKFLOW | JOURNAL - RESULTAT - SUCCES";"";"";"";"";"";"";"";"";"09/17/2026 13:58:15";"09/12/2026 14:42:21";"";""
"839";"DSE-AUDIT-001-20260912-164138-CONTROLE-21";"";"";"";"12/09/2026 16:42:22";"AUDIT OBJ-LST";"Catalogue : elements=0; colonnes=0; vues=1; URL=https://blogssite.sharepoint.com/sites/Bibliotheque/Lists/OBJMODULE";"Reel : elements=0; colonnes=0; vues=1; URL=https://blogssite.sharepoint.com/sites/Bibliotheque/Lists/OBJMODULE";"";"Non";"Non";"Non";"IDLST=LST-000022; NOMLISTE=OBJ-MODULE; STATUT=CONFORME; DETAIL=Catalogue coherent avec SharePoint.";"DSE-AUDIT-001-20260912-164138-CONTROLE-21";"JOURNAL - TYPEEVENEMENT - CONTROLE | JOURNAL - SOURCE - WORKFLOW | JOURNAL - RESULTAT - SUCCES";"";"";"";"";"";"";"";"";"09/17/2026 13:58:16";"09/12/2026 14:42:23";"";""
"840";"DSE-AUDIT-001-20260912-164138-CONTROLE-22";"";"";"";"12/09/2026 16:42:23";"AUDIT OBJ-LST";"Catalogue : elements=4; colonnes=23; vues=10; URL=https://blogssite.sharepoint.com/sites/Bibliotheque/Lists/OBJORG";"Reel : elements=4; colonnes=23; vues=10; URL=https://blogssite.sharepoint.com/sites/Bibliotheque/Lists/OBJORG";"";"Non";"Non";"Non";"IDLST=LST-000023; NOMLISTE=OBJ-ORG; STATUT=CONFORME; DETAIL=Catalogue coherent avec SharePoint.";"DSE-AUDIT-001-20260912-164138-CONTROLE-22";"JOURNAL - TYPEEVENEMENT - CONTROLE | JOURNAL - SOURCE - WORKFLOW | JOURNAL - RESULTAT - SUCCES";"";"";"";"";"";"";"";"";"09/17/2026 13:58:18";"09/12/2026 14:42:25";"";""
"841";"DSE-AUDIT-001-20260912-164138-CONTROLE-23";"";"";"";"12/09/2026 16:42:25";"AUDIT OBJ-LST";"Catalogue : elements=4; colonnes=16; vues=4; URL=https://blogssite.sharepoint.com/sites/Bibliotheque/Lists/OBJORGCOMPTE";"Reel : elements=4; colonnes=16; vues=4; URL=https://blogssite.sharepoint.com/sites/Bibliotheque/Lists/OBJORGCOMPTE";"";"Non";"Non";"Non";"IDLST=LST-000024; NOMLISTE=OBJ-ORG-COMPTE; STATUT=CONFORME; DETAIL=Catalogue coherent avec SharePoint.";"DSE-AUDIT-001-20260912-164138-CONTROLE-23";"JOURNAL - TYPEEVENEMENT - CONTROLE | JOURNAL - SOURCE - WORKFLOW | JOURNAL - RESULTAT - SUCCES";"";"";"";"";"";"";"";"";"09/17/2026 13:58:19";"09/12/2026 14:42:27";"";""
"842";"DSE-AUDIT-001-20260912-164138-CONTROLE-24";"";"";"";"12/09/2026 16:42:27";"AUDIT OBJ-LST";"Catalogue : elements=2; colonnes=20; vues=4; URL=https://blogssite.sharepoint.com/sites/Bibliotheque/Lists/OBJORGCONTACT";"Reel : elements=2; colonnes=20; vues=4; URL=https://blogssite.sharepoint.com/sites/Bibliotheque/Lists/OBJORGCONTACT";"";"Non";"Non";"Non";"IDLST=LST-000025; NOMLISTE=OBJ-ORG-CONTACT; STATUT=CONFORME; DETAIL=Catalogue coherent avec SharePoint.";"DSE-AUDIT-001-20260912-164138-CONTROLE-24";"JOURNAL - TYPEEVENEMENT - CONTROLE | JOURNAL - SOURCE - WORKFLOW | JOURNAL - RESULTAT - SUCCES";"";"";"";"";"";"";"";"";"09/17/2026 13:58:21";"09/12/2026 14:42:29";"";""
"843";"DSE-AUDIT-001-20260912-164138-CONTROLE-25";"";"";"";"12/09/2026 16:42:29";"AUDIT OBJ-LST";"Catalogue : elements=0; colonnes=0; vues=1; URL=https://blogssite.sharepoint.com/sites/Bibliotheque/Lists/OBJPWS";"Reel : elements=0; colonnes=0; vues=1; URL=https://blogssite.sharepoint.com/sites/Bibliotheque/Lists/OBJPWS";"";"Non";"Non";"Non";"IDLST=LST-000026; NOMLISTE=OBJ-PWS; STATUT=CONFORME; DETAIL=Catalogue coherent avec SharePoint.";"DSE-AUDIT-001-20260912-164138-CONTROLE-25";"JOURNAL - TYPEEVENEMENT - CONTROLE | JOURNAL - SOURCE - WORKFLOW | JOURNAL - RESULTAT - SUCCES";"";"";"";"";"";"";"";"";"09/17/2026 13:58:22";"09/12/2026 14:42:30";"";""
"844";"DSE-AUDIT-001-20260912-164138-CONTROLE-26";"";"";"";"12/09/2026 16:42:30";"ERREUR";"Catalogue : elements=22; colonnes=5; vues=4; URL=https://blogssite.sharepoint.com/sites/Bibliotheque/Lists/OBJREF00";"Reel : elements=0; colonnes=0; vues=0; URL=";"";"Oui";"Non";"Non";"IDLST=LST-000027; NOMLISTE=OBJ-REF-00; STATUT=LISTE MANQUANTE; DETAIL=Aucun conteneur SharePoint ne correspond au NOMLISTE catalogue.";"DSE-AUDIT-001-20260912-164138-CONTROLE-26";"JOURNAL - TYPEEVENEMENT - CONTROLE | JOURNAL - SOURCE - WORKFLOW | JOURNAL - RESULTAT - ECHEC";"";"";"";"";"";"";"";"";"09/17/2026 13:58:23";"09/12/2026 14:42:31";"";""
"845";"DSE-AUDIT-001-20260912-164138-CONTROLE-27";"";"";"";"12/09/2026 16:42:30";"ERREUR";"Catalogue : elements=49; colonnes=10; vues=1; URL=https://blogssite.sharepoint.com/sites/Bibliotheque/Lists/OBJREF10";"Reel : elements=0; colonnes=0; vues=0; URL=";"";"Oui";"Non";"Non";"IDLST=LST-000028; NOMLISTE=OBJ-REF-10; STATUT=LISTE MANQUANTE; DETAIL=Aucun conteneur SharePoint ne correspond au NOMLISTE catalogue.";"DSE-AUDIT-001-20260912-164138-CONTROLE-27";"JOURNAL - TYPEEVENEMENT - CONTROLE | JOURNAL - SOURCE - WORKFLOW | JOURNAL - RESULTAT - ECHEC";"";"";"";"";"";"";"";"";"09/17/2026 13:58:25";"09/12/2026 14:42:32";"";""
"846";"DSE-AUDIT-001-20260912-164138-CONTROLE-28";"";"";"";"12/09/2026 16:42:31";"ERREUR";"Catalogue : elements=17; colonnes=14; vues=1; URL=https://blogssite.sharepoint.com/sites/Bibliotheque/Lists/OBJREF20";"Reel : elements=0; colonnes=0; vues=0; URL=";"";"Oui";"Non";"Non";"IDLST=LST-000029; NOMLISTE=OBJ-REF-20; STATUT=LISTE MANQUANTE; DETAIL=Aucun conteneur SharePoint ne correspond au NOMLISTE catalogue.";"DSE-AUDIT-001-20260912-164138-CONTROLE-28";"JOURNAL - TYPEEVENEMENT - CONTROLE | JOURNAL - SOURCE - WORKFLOW | JOURNAL - RESULTAT - ECHEC";"";"";"";"";"";"";"";"";"09/17/2026 13:58:26";"09/12/2026 14:42:33";"";""
"847";"DSE-AUDIT-001-20260912-164138-CONTROLE-29";"";"";"";"12/09/2026 16:42:32";"ERREUR";"Catalogue : elements=20; colonnes=14; vues=1; URL=https://blogssite.sharepoint.com/sites/Bibliotheque/Lists/OBJREF30";"Reel : elements=0; colonnes=0; vues=0; URL=";"";"Oui";"Non";"Non";"IDLST=LST-000030; NOMLISTE=OBJ-REF-30; STATUT=LISTE MANQUANTE; DETAIL=Aucun conteneur SharePoint ne correspond au NOMLISTE catalogue.";"DSE-AUDIT-001-20260912-164138-CONTROLE-29";"JOURNAL - TYPEEVENEMENT - CONTROLE | JOURNAL - SOURCE - WORKFLOW | JOURNAL - RESULTAT - ECHEC";"";"";"";"";"";"";"";"";"09/17/2026 13:58:29";"09/12/2026 14:42:33";"";""
"848";"DSE-AUDIT-001-20260912-164138-CONTROLE-30";"";"";"";"12/09/2026 16:42:33";"ERREUR";"Catalogue : elements=18; colonnes=14; vues=1; URL=https://blogssite.sharepoint.com/sites/Bibliotheque/Lists/OBJREF40";"Reel : elements=0; colonnes=0; vues=0; URL=";"";"Oui";"Non";"Non";"IDLST=LST-000031; NOMLISTE=OBJ-REF-40; STATUT=LISTE MANQUANTE; DETAIL=Aucun conteneur SharePoint ne correspond au NOMLISTE catalogue.";"DSE-AUDIT-001-20260912-164138-CONTROLE-30";"JOURNAL - TYPEEVENEMENT - CONTROLE | JOURNAL - SOURCE - WORKFLOW | JOURNAL - RESULTAT - ECHEC";"";"";"";"";"";"";"";"";"09/17/2026 13:58:29";"09/12/2026 14:42:34";"";""
"849";"DSE-AUDIT-001-20260912-164138-CONTROLE-31";"";"";"";"12/09/2026 16:42:33";"ERREUR";"Catalogue : elements=11; colonnes=14; vues=1; URL=https://blogssite.sharepoint.com/sites/Bibliotheque/Lists/OBJREF50";"Reel : elements=0; colonnes=0; vues=0; URL=";"";"Oui";"Non";"Non";"IDLST=LST-000032; NOMLISTE=OBJ-REF-50; STATUT=LISTE MANQUANTE; DETAIL=Aucun conteneur SharePoint ne correspond au NOMLISTE catalogue.";"DSE-AUDIT-001-20260912-164138-CONTROLE-31";"JOURNAL - TYPEEVENEMENT - CONTROLE | JOURNAL - SOURCE - WORKFLOW | JOURNAL - RESULTAT - ECHEC";"";"";"";"";"";"";"";"";"09/17/2026 13:58:32";"09/12/2026 14:42:35";"";""
"850";"DSE-AUDIT-001-20260912-164138-CONTROLE-32";"";"";"";"12/09/2026 16:42:34";"ERREUR";"Catalogue : elements=16; colonnes=14; vues=1; URL=https://blogssite.sharepoint.com/sites/Bibliotheque/Lists/OBJREF60";"Reel : elements=0; colonnes=0; vues=0; URL=";"";"Oui";"Non";"Non";"IDLST=LST-000033; NOMLISTE=OBJ-REF-60; STATUT=LISTE MANQUANTE; DETAIL=Aucun conteneur SharePoint ne correspond au NOMLISTE catalogue.";"DSE-AUDIT-001-20260912-164138-CONTROLE-32";"JOURNAL - TYPEEVENEMENT - CONTROLE | JOURNAL - SOURCE - WORKFLOW | JOURNAL - RESULTAT - ECHEC";"";"";"";"";"";"";"";"";"09/17/2026 13:58:32";"09/12/2026 14:42:36";"";""
"851";"DSE-AUDIT-001-20260912-164138-CONTROLE-33";"";"";"";"12/09/2026 16:42:35";"ERREUR";"Catalogue : elements=19; colonnes=14; vues=1; URL=https://blogssite.sharepoint.com/sites/Bibliotheque/Lists/OBJREF70";"Reel : elements=0; colonnes=0; vues=0; URL=";"";"Oui";"Non";"Non";"IDLST=LST-000034; NOMLISTE=OBJ-REF-70; STATUT=LISTE MANQUANTE; DETAIL=Aucun conteneur SharePoint ne correspond au NOMLISTE catalogue.";"DSE-AUDIT-001-20260912-164138-CONTROLE-33";"JOURNAL - TYPEEVENEMENT - CONTROLE | JOURNAL - SOURCE - WORKFLOW | JOURNAL - RESULTAT - ECHEC";"";"";"";"";"";"";"";"";"09/17/2026 13:58:34";"09/12/2026 14:42:36";"";""
"852";"DSE-AUDIT-001-20260912-164138-CONTROLE-34";"";"";"";"12/09/2026 16:42:36";"ERREUR";"Catalogue : elements=15; colonnes=14; vues=1; URL=https://blogssite.sharepoint.com/sites/Bibliotheque/Lists/OBJREF80";"Reel : elements=0; colonnes=0; vues=0; URL=";"";"Oui";"Non";"Non";"IDLST=LST-000035; NOMLISTE=OBJ-REF-80; STATUT=LISTE MANQUANTE; DETAIL=Aucun conteneur SharePoint ne correspond au NOMLISTE catalogue.";"DSE-AUDIT-001-20260912-164138-CONTROLE-34";"JOURNAL - TYPEEVENEMENT - CONTROLE | JOURNAL - SOURCE - WORKFLOW | JOURNAL - RESULTAT - ECHEC";"";"";"";"";"";"";"";"";"09/17/2026 13:58:35";"09/12/2026 14:42:37";"";""
"853";"DSE-AUDIT-001-20260912-164138-CONTROLE-35";"";"";"";"12/09/2026 16:42:36";"ERREUR";"Catalogue : elements=18; colonnes=14; vues=1; URL=https://blogssite.sharepoint.com/sites/Bibliotheque/Lists/OBJREF90";"Reel : elements=0; colonnes=0; vues=0; URL=";"";"Oui";"Non";"Non";"IDLST=LST-000036; NOMLISTE=OBJ-REF-90; STATUT=LISTE MANQUANTE; DETAIL=Aucun conteneur SharePoint ne correspond au NOMLISTE catalogue.";"DSE-AUDIT-001-20260912-164138-CONTROLE-35";"JOURNAL - TYPEEVENEMENT - CONTROLE | JOURNAL - SOURCE - WORKFLOW | JOURNAL - RESULTAT - ECHEC";"";"";"";"";"";"";"";"";"09/17/2026 13:58:37";"09/12/2026 14:42:38";"";""
"854";"DSE-AUDIT-001-20260912-164138-CONTROLE-36";"";"";"";"12/09/2026 16:42:37";"ERREUR";"Catalogue : elements=8; colonnes=3; vues=1; URL=https://blogssite.sharepoint.com/sites/Bibliotheque/Lists/OBJREF95";"Reel : elements=0; colonnes=0; vues=0; URL=";"";"Oui";"Non";"Non";"IDLST=LST-000037; NOMLISTE=OBJ-REF-95; STATUT=LISTE MANQUANTE; DETAIL=Aucun conteneur SharePoint ne correspond au NOMLISTE catalogue.";"DSE-AUDIT-001-20260912-164138-CONTROLE-36";"JOURNAL - TYPEEVENEMENT - CONTROLE | JOURNAL - SOURCE - WORKFLOW | JOURNAL - RESULTAT - ECHEC";"";"";"";"";"";"";"";"";"09/17/2026 13:58:38";"09/12/2026 14:42:39";"";""
"855";"DSE-AUDIT-001-20260912-164138-CONTROLE-37";"";"";"";"12/09/2026 16:42:39";"AUDIT OBJ-LST";"Catalogue : elements=14; colonnes=4; vues=1; URL=https://blogssite.sharepoint.com/sites/Bibliotheque/Lists/OBJREFDOMAINE";"Reel : elements=14; colonnes=4; vues=1; URL=https://blogssite.sharepoint.com/sites/Bibliotheque/Lists/OBJREFDOMAINE";"";"Non";"Non";"Non";"IDLST=LST-000038; NOMLISTE=OBJ-REF-DOMAINE; STATUT=CONFORME; DETAIL=Catalogue coherent avec SharePoint.";"DSE-AUDIT-001-20260912-164138-CONTROLE-37";"JOURNAL - TYPEEVENEMENT - CONTROLE | JOURNAL - SOURCE - WORKFLOW | JOURNAL - RESULTAT - SUCCES";"";"";"";"";"";"";"";"";"09/17/2026 13:58:40";"09/12/2026 14:42:40";"";""
"856";"DSE-AUDIT-001-20260912-164138-CONTROLE-38";"";"";"";"12/09/2026 16:42:41";"AUDIT OBJ-LST";"Catalogue : elements=7; colonnes=4; vues=1; URL=https://blogssite.sharepoint.com/sites/Bibliotheque/Lists/OBJREFLSTSTATUT";"Reel : elements=7; colonnes=4; vues=1; URL=https://blogssite.sharepoint.com/sites/Bibliotheque/Lists/OBJREFLSTSTATUT";"";"Non";"Non";"Non";"IDLST=LST-000039; NOMLISTE=OBJ-REF-LST-STATUT; STATUT=CONFORME; DETAIL=Catalogue coherent avec SharePoint.";"DSE-AUDIT-001-20260912-164138-CONTROLE-38";"JOURNAL - TYPEEVENEMENT - CONTROLE | JOURNAL - SOURCE - WORKFLOW | JOURNAL - RESULTAT - SUCCES";"";"";"";"";"";"";"";"";"09/17/2026 13:58:42";"09/12/2026 14:42:42";"";""
"857";"DSE-AUDIT-001-20260912-164138-CONTROLE-39";"";"";"";"12/09/2026 16:42:42";"AUDIT OBJ-LST";"Catalogue : elements=11; colonnes=4; vues=1; URL=https://blogssite.sharepoint.com/sites/Bibliotheque/Lists/OBJREFLSTTYPE";"Reel : elements=11; colonnes=4; vues=1; URL=https://blogssite.sharepoint.com/sites/Bibliotheque/Lists/OBJREFLSTTYPE";"";"Non";"Non";"Non";"IDLST=LST-000040; NOMLISTE=OBJ-REF-LST-TYPE; STATUT=CONFORME; DETAIL=Catalogue coherent avec SharePoint.";"DSE-AUDIT-001-20260912-164138-CONTROLE-39";"JOURNAL - TYPEEVENEMENT - CONTROLE | JOURNAL - SOURCE - WORKFLOW | JOURNAL - RESULTAT - SUCCES";"";"";"";"";"";"";"";"";"09/17/2026 13:58:42";"09/12/2026 14:42:44";"";""
"858";"DSE-AUDIT-001-20260912-164138-CONTROLE-40";"";"";"";"12/09/2026 16:42:44";"AUDIT OBJ-LST";"Catalogue : elements=11; colonnes=4; vues=2; URL=https://blogssite.sharepoint.com/sites/Bibliotheque/Lists/OBJREFORGCOMPTETYPE";"Reel : elements=11; colonnes=4; vues=2; URL=https://blogssite.sharepoint.com/sites/Bibliotheque/Lists/OBJREFORGCOMPTETYPE";"";"Non";"Non";"Non";"IDLST=LST-000041; NOMLISTE=OBJ-REF-ORG-COMPTE-TYPE; STATUT=CONFORME; DETAIL=Catalogue coherent avec SharePoint.";"DSE-AUDIT-001-20260912-164138-CONTROLE-40";"JOURNAL - TYPEEVENEMENT - CONTROLE | JOURNAL - SOURCE - WORKFLOW | JOURNAL - RESULTAT - SUCCES";"";"";"";"";"";"";"";"";"09/17/2026 13:58:44";"09/12/2026 14:42:46";"";""
"859";"DSE-AUDIT-001-20260912-164138-CONTROLE-41";"";"";"";"12/09/2026 16:42:46";"AUDIT OBJ-LST";"Catalogue : elements=8; colonnes=4; vues=2; URL=https://blogssite.sharepoint.com/sites/Bibliotheque/Lists/OBJREFORGCONTACTTYPE";"Reel : elements=8; colonnes=4; vues=2; URL=https://blogssite.sharepoint.com/sites/Bibliotheque/Lists/OBJREFORGCONTACTTYPE";"";"Non";"Non";"Non";"IDLST=LST-000042; NOMLISTE=OBJ-REF-ORG-CONTACT-TYPE; STATUT=CONFORME; DETAIL=Catalogue coherent avec SharePoint.";"DSE-AUDIT-001-20260912-164138-CONTROLE-41";"JOURNAL - TYPEEVENEMENT - CONTROLE | JOURNAL - SOURCE - WORKFLOW | JOURNAL - RESULTAT - SUCCES";"";"";"";"";"";"";"";"";"09/17/2026 13:58:45";"09/12/2026 14:42:47";"";""
"860";"DSE-AUDIT-001-20260912-164138-CONTROLE-42";"";"";"";"12/09/2026 16:42:48";"AUDIT OBJ-LST";"Catalogue : elements=9; colonnes=4; vues=2; URL=https://blogssite.sharepoint.com/sites/Bibliotheque/Lists/OBJREFORGSECTEUR";"Reel : elements=9; colonnes=4; vues=2; URL=https://blogssite.sharepoint.com/sites/Bibliotheque/Lists/OBJREFORGSECTEUR";"";"Non";"Non";"Non";"IDLST=LST-000043; NOMLISTE=OBJ-REF-ORG-SECTEUR; STATUT=CONFORME; DETAIL=Catalogue coherent avec SharePoint.";"DSE-AUDIT-001-20260912-164138-CONTROLE-42";"JOURNAL - TYPEEVENEMENT - CONTROLE | JOURNAL - SOURCE - WORKFLOW | JOURNAL - RESULTAT - SUCCES";"";"";"";"";"";"";"";"";"09/17/2026 13:58:47";"09/12/2026 14:42:49";"";""
"861";"DSE-AUDIT-001-20260912-164138-CONTROLE-43";"";"";"";"12/09/2026 16:42:49";"AUDIT OBJ-LST";"Catalogue : elements=6; colonnes=4; vues=2; URL=https://blogssite.sharepoint.com/sites/Bibliotheque/Lists/OBJREFORGSTATUT";"Reel : elements=6; colonnes=4; vues=2; URL=https://blogssite.sharepoint.com/sites/Bibliotheque/Lists/OBJREFORGSTATUT";"";"Non";"Non";"Non";"IDLST=LST-000044; NOMLISTE=OBJ-REF-ORG-STATUT; STATUT=CONFORME; DETAIL=Catalogue coherent avec SharePoint.";"DSE-AUDIT-001-20260912-164138-CONTROLE-43";"JOURNAL - TYPEEVENEMENT - CONTROLE | JOURNAL - SOURCE - WORKFLOW | JOURNAL - RESULTAT - SUCCES";"";"";"";"";"";"";"";"";"09/17/2026 13:58:48";"09/12/2026 14:42:52";"";""
"862";"DSE-AUDIT-001-20260912-164138-CONTROLE-44";"";"";"";"12/09/2026 16:42:51";"AUDIT OBJ-LST";"Catalogue : elements=12; colonnes=4; vues=2; URL=https://blogssite.sharepoint.com/sites/Bibliotheque/Lists/OBJREFORGTYPE";"Reel : elements=12; colonnes=4; vues=2; URL=https://blogssite.sharepoint.com/sites/Bibliotheque/Lists/OBJREFORGTYPE";"";"Non";"Non";"Non";"IDLST=LST-000045; NOMLISTE=OBJ-REF-ORG-TYPE; STATUT=CONFORME; DETAIL=Catalogue coherent avec SharePoint.";"DSE-AUDIT-001-20260912-164138-CONTROLE-44";"JOURNAL - TYPEEVENEMENT - CONTROLE | JOURNAL - SOURCE - WORKFLOW | JOURNAL - RESULTAT - SUCCES";"";"";"";"";"";"";"";"";"09/17/2026 13:58:49";"09/12/2026 14:42:53";"";""
"863";"DSE-AUDIT-001-20260912-164138-CONTROLE-45";"";"";"";"12/09/2026 16:42:53";"AUDIT OBJ-LST";"Catalogue : elements=32; colonnes=10; vues=2; URL=https://blogssite.sharepoint.com/sites/Bibliotheque/Lists/OBJREL";"Reel : elements=32; colonnes=10; vues=2; URL=https://blogssite.sharepoint.com/sites/Bibliotheque/Lists/OBJREL";"";"Non";"Non";"Non";"IDLST=LST-000046; NOMLISTE=OBJ-REL; STATUT=CONFORME; DETAIL=Catalogue coherent avec SharePoint.";"DSE-AUDIT-001-20260912-164138-CONTROLE-45";"JOURNAL - TYPEEVENEMENT - CONTROLE | JOURNAL - SOURCE - WORKFLOW | JOURNAL - RESULTAT - SUCCES";"";"";"";"";"";"";"";"";"09/17/2026 13:58:52";"09/12/2026 14:42:55";"";""
"864";"DSE-AUDIT-001-20260912-164138-CONTROLE-46";"";"";"";"12/09/2026 16:42:55";"AUDIT OBJ-LST";"Catalogue : elements=0; colonnes=0; vues=1; URL=https://blogssite.sharepoint.com/sites/Bibliotheque/Lists/OBJSITE";"Reel : elements=0; colonnes=0; vues=1; URL=https://blogssite.sharepoint.com/sites/Bibliotheque/Lists/OBJSITE";"";"Non";"Non";"Non";"IDLST=LST-000047; NOMLISTE=OBJ-SITE; STATUT=CONFORME; DETAIL=Catalogue coherent avec SharePoint.";"DSE-AUDIT-001-20260912-164138-CONTROLE-46";"JOURNAL - TYPEEVENEMENT - CONTROLE | JOURNAL - SOURCE - WORKFLOW | JOURNAL - RESULTAT - SUCCES";"";"";"";"";"";"";"";"";"09/17/2026 13:58:52";"09/12/2026 14:42:57";"";""
"865";"DSE-AUDIT-001-20260912-164138-CONTROLE-47";"";"";"";"12/09/2026 16:42:57";"AUDIT OBJ-LST";"Catalogue : elements=0; colonnes=0; vues=1; URL=https://blogssite.sharepoint.com/sites/Bibliotheque/Lists/OBJSTATUT";"Reel : elements=0; colonnes=0; vues=1; URL=https://blogssite.sharepoint.com/sites/Bibliotheque/Lists/OBJSTATUT";"";"Non";"Non";"Non";"IDLST=LST-000048; NOMLISTE=OBJ-STATUT; STATUT=CONFORME; DETAIL=Catalogue coherent avec SharePoint.";"DSE-AUDIT-001-20260912-164138-CONTROLE-47";"JOURNAL - TYPEEVENEMENT - CONTROLE | JOURNAL - SOURCE - WORKFLOW | JOURNAL - RESULTAT - SUCCES";"";"";"";"";"";"";"";"";"09/17/2026 13:58:54";"09/12/2026 14:42:58";"";""
"866";"DSE-AUDIT-001-20260912-164138-CONTROLE-48";"";"";"";"12/09/2026 16:42:59";"AUDIT OBJ-LST";"Catalogue : elements=14; colonnes=18; vues=5; URL=https://blogssite.sharepoint.com/sites/Bibliotheque/SitePages";"Reel : elements=14; colonnes=18; vues=5; URL=https://blogssite.sharepoint.com/sites/Bibliotheque/SitePages";"";"Non";"Non";"Non";"IDLST=LST-000049; NOMLISTE=Pages; STATUT=CONFORME; DETAIL=Catalogue coherent avec SharePoint.";"DSE-AUDIT-001-20260912-164138-CONTROLE-48";"JOURNAL - TYPEEVENEMENT - CONTROLE | JOURNAL - SOURCE - WORKFLOW | JOURNAL - RESULTAT - SUCCES";"";"";"";"";"";"";"";"";"09/17/2026 13:58:55";"09/12/2026 14:43:00";"";""
"867";"DSE-AUDIT-001-20260912-164138-CONTROLE-49";"";"";"";"12/09/2026 16:43:01";"AUDIT OBJ-LST";"Catalogue : elements=20; colonnes=3; vues=1; URL=https://blogssite.sharepoint.com/sites/Bibliotheque/SiteAssets";"Reel : elements=20; colonnes=3; vues=1; URL=https://blogssite.sharepoint.com/sites/Bibliotheque/SiteAssets";"";"Non";"Non";"Non";"IDLST=LST-000050; NOMLISTE=Pièces jointes; STATUT=CONFORME; DETAIL=Catalogue coherent avec SharePoint.";"DSE-AUDIT-001-20260912-164138-CONTROLE-49";"JOURNAL - TYPEEVENEMENT - CONTROLE | JOURNAL - SOURCE - WORKFLOW | JOURNAL - RESULTAT - SUCCES";"";"";"";"";"";"";"";"";"09/17/2026 13:58:57";"09/12/2026 14:43:02";"";""
"868";"DSE-AUDIT-001-20260912-164138-CONTROLE-50";"";"";"";"12/09/2026 16:43:03";"AUDIT OBJ-LST";"Catalogue : elements=0; colonnes=2; vues=1; URL=https://blogssite.sharepoint.com/sites/Bibliotheque/Style Library";"Reel : elements=0; colonnes=2; vues=1; URL=https://blogssite.sharepoint.com/sites/Bibliotheque/Style Library";"";"Non";"Non";"Non";"IDLST=LST-000051; NOMLISTE=ZZ-ARCHIVE-DSE-AUTRE - Bibliothèque de styles; STATUT=CONFORME; DETAIL=Catalogue coherent avec SharePoint.";"DSE-AUDIT-001-20260912-164138-CONTROLE-50";"JOURNAL - TYPEEVENEMENT - CONTROLE | JOURNAL - SOURCE - WORKFLOW | JOURNAL - RESULTAT - SUCCES";"";"";"";"";"";"";"";"";"09/17/2026 13:58:59";"09/12/2026 14:43:04";"";""
"869";"DSE-AUDIT-001-20260912-164138-CONTROLE-51";"";"";"";"12/09/2026 16:43:04";"AUDIT OBJ-LST";"Catalogue : elements=0; colonnes=10; vues=2; URL=https://blogssite.sharepoint.com/sites/Bibliotheque/FormServerTemplates";"Reel : elements=0; colonnes=10; vues=2; URL=https://blogssite.sharepoint.com/sites/Bibliotheque/FormServerTemplates";"";"Non";"Non";"Non";"IDLST=LST-000052; NOMLISTE=ZZ-ARCHIVE-DSE-AUTRE - Modèles de formulaire; STATUT=CONFORME; DETAIL=Catalogue coherent avec SharePoint.";"DSE-AUDIT-001-20260912-164138-CONTROLE-51";"JOURNAL - TYPEEVENEMENT - CONTROLE | JOURNAL - SOURCE - WORKFLOW | JOURNAL - RESULTAT - SUCCES";"";"";"";"";"";"";"";"";"09/17/2026 13:58:59";"09/12/2026 14:43:06";"";""
"870";"DSE-AUDIT-001-20260912-164138-CONTROLE-53";"";"";"";"12/09/2026 16:43:06";"AUDIT OBJ-LST";"Catalogue : elements=4; colonnes=2; vues=1; URL=https://blogssite.sharepoint.com/sites/Bibliotheque/AgentAssets";"Reel : elements=4; colonnes=2; vues=1; URL=https://blogssite.sharepoint.com/sites/Bibliotheque/AgentAssets";"";"Non";"Non";"Non";"IDLST=LST-000053; NOMLISTE=ZZ-ARCHIVE-DSE-Ressources d’assistant; STATUT=CONFORME; DETAIL=Catalogue coherent avec SharePoint.";"DSE-AUDIT-001-20260912-164138-CONTROLE-53";"JOURNAL - TYPEEVENEMENT - CONTROLE | JOURNAL - SOURCE - WORKFLOW | JOURNAL - RESULTAT - SUCCES";"";"";"";"";"";"";"";"";"09/17/2026 13:59:02";"09/12/2026 14:43:08";"";""
"871";"DSE-AUDIT-001-20260912-164138-FIN";"";"";"";"12/09/2026 16:43:09";"FIN";"";"";"";"Oui";"Non";"Non";"Controles=52; Conformes=38; Ecarts=3; Erreurs=11; CSV=https://blogssite.sharepoint.com/sites/Bibliotheque/DSEAUDITS/RAPPORTS/DSE-AUDIT-001-20260912-164138.csv; Aucune correction automatique.";"DSE-AUDIT-001-20260912-164138-FIN";"JOURNAL - TYPEEVENEMENT - CONTROLE | JOURNAL - SOURCE - WORKFLOW | JOURNAL - RESULTAT - ECHEC";"";"";"";"";"";"";"";"";"09/17/2026 13:59:02";"09/12/2026 14:43:10";"";""
"872";"JRN-OBJ-SCR-DSE-AUD-20260913-080322";"";"";"";"09/13/2026 08:03:22";"Inventaire DSE-AUD et mise à jour OBJ-SCR";"";"Ajout OBJ-SCR : DSE-AUDIT-001-MVP-PNP (PRODUCTION, v1.0.1) ; DSE-AUDIT-002-GOUVERNANCE-PNP (BROUILLON, version non renseignée).";"";"Oui";"Non";"Non";"2 fichiers physiques vérifiés dans DSE-OUTILS ; tous deux journalisent dans OBJ-JRN. Gouvernance : DSE-AUDIT-002-GOUVERNANCE-PNP actif, avec variantes historiques dans la corbeille. Doublon historique exact de DSE-AUDIT-002-GOUVERNANCE-PNP.ps1 détecté dans la corbeille ; aucune suppression, restauration ou archivage.";"JRN-OBJ-SCR-DSE-AUD-20260913-080322";"JOURNAL - TYPEEVENEMENT - CONTROLE | JOURNAL - SOURCE - IA | JOURNAL - RESULTAT - AVERTISSEMENT";"";"";"";"";"";"";"";"";"09/17/2026 13:59:05";"09/13/2026 08:03:44";"";""
"873";"DSE-AUDIT-000-GLOBAL-20260913-142216-DEBUT";"";"";"";"";"DEBUT AUDIT GLOBAL";"";"";"";"Non";"Non";"Non";"Détection des audits actifs dans OBJ-SCR.";"DSE-AUDIT-000-GLOBAL-20260913-142216-DEBUT";"JOURNAL - TYPEEVENEMENT - AUDIT | JOURNAL - SOURCE - SCRIPT | JOURNAL - RESULTAT - SUCCES";"";"";"";"";"";"";"";"";"09/17/2026 13:59:05";"09/13/2026 12:22:21";"";""
"874";"DSE-AUDIT-000-GLOBAL-20260913-142216-AUDIT-001";"";"";"";"";"AUDIT INTROUVABLE";"";"";"";"Oui";"Non";"Non";"DSE-AUDIT-001-MVP-PNP | Fichier introuvable. Chemin OBJ-SCR : /sites/Bibliotheque/DSEOUTILS/SCRIPTS/AUDITS/DSE-AUDIT-001-MVP-PNP.ps1";"DSE-AUDIT-000-GLOBAL-20260913-142216-AUDIT-001";"JOURNAL - TYPEEVENEMENT - AUDIT | JOURNAL - SOURCE - SCRIPT | JOURNAL - RESULTAT - ECHEC";"";"";"";"";"";"";"";"";"09/17/2026 13:59:07";"09/13/2026 12:22:23";"";""
"875";"DSE-AUDIT-000-GLOBAL-20260913-142216-FIN";"";"";"";"";"FIN AUDIT GLOBAL";"";"";"";"Oui";"Non";"Non";"Audits=1; Succès=0; Échecs=0; Introuvables=1; Rapports=/sites/Bibliotheque/DSERAPPORTS/AUDITS";"DSE-AUDIT-000-GLOBAL-20260913-142216-FIN";"JOURNAL - TYPEEVENEMENT - AUDIT | JOURNAL - SOURCE - SCRIPT | JOURNAL - RESULTAT - AVERTISSEMENT";"";"";"";"";"";"";"";"";"09/17/2026 13:59:08";"09/13/2026 12:22:27";"";""
"876";"DSE-AUDIT-000-GLOBAL-20260913-142306-DEBUT";"";"";"";"";"DEBUT AUDIT GLOBAL";"";"";"";"Non";"Non";"Non";"Détection des audits actifs dans OBJ-SCR.";"DSE-AUDIT-000-GLOBAL-20260913-142306-DEBUT";"JOURNAL - TYPEEVENEMENT - AUDIT | JOURNAL - SOURCE - SCRIPT | JOURNAL - RESULTAT - SUCCES";"";"";"";"";"";"";"";"";"09/17/2026 13:59:10";"09/13/2026 12:23:11";"";""
"877";"DSE-AUDIT-000-GLOBAL-20260913-142306-ERREUR";"";"";"";"";"ERREUR AUDIT GLOBAL";"";"";"";"Oui";"Non";"Non";"Cannot find drive. A drive with the name 'file' does not exist.";"DSE-AUDIT-000-GLOBAL-20260913-142306-ERREUR";"JOURNAL - TYPEEVENEMENT - AUDIT | JOURNAL - SOURCE - SCRIPT | JOURNAL - RESULTAT - ECHEC";"";"";"";"";"";"";"";"";"09/17/2026 13:59:11";"09/13/2026 12:23:13";"";""
"878";"DSE-AUDIT-000-GLOBAL-20260913-142306-FIN";"";"";"";"";"FIN AUDIT GLOBAL";"";"";"";"Oui";"Non";"Non";"Cannot find drive. A drive with the name 'file' does not exist.";"DSE-AUDIT-000-GLOBAL-20260913-142306-FIN";"JOURNAL - TYPEEVENEMENT - AUDIT | JOURNAL - SOURCE - SCRIPT | JOURNAL - RESULTAT - ECHEC";"";"";"";"";"";"";"";"";"09/17/2026 13:59:13";"09/13/2026 12:23:14";"";""
"879";"01-DSE-AUDIT-LISTES-SHAREPOINT-20260913-142819-DEBUT";"";"";"";"";"DEBUT AUDIT LISTES SHAREPOINT";"";"";"";"Non";"Non";"Non";"Audit en lecture seule de toutes les listes et bibliotheques.";"01-DSE-AUDIT-LISTES-SHAREPOINT-20260913-142819-DEBUT";"JOURNAL - TYPEEVENEMENT - AUDIT | JOURNAL - SOURCE - SCRIPT | JOURNAL - RESULTAT - SUCCES";"";"";"";"";"";"";"";"";"09/17/2026 13:59:14";"09/13/2026 12:28:24";"";""
"880";"01-DSE-AUDIT-LISTES-SHAREPOINT-20260913-142819-FIN";"";"";"";"";"FIN AUDIT LISTES SHAREPOINT";"";"";"";"Non";"Non";"Non";"Conteneurs=64; Listes=53; Bibliotheques=11; Erreurs=0; Destination=/sites/Bibliotheque/DSERAPPORTS/AUDITS";"01-DSE-AUDIT-LISTES-SHAREPOINT-20260913-142819-FIN";"JOURNAL - TYPEEVENEMENT - AUDIT | JOURNAL - SOURCE - SCRIPT | JOURNAL - RESULTAT - SUCCES";"";"";"";"";"";"";"";"";"09/17/2026 13:59:16";"09/13/2026 12:29:15";"";""
"881";"01-DSE-AUDIT-LISTES-SHAREPOINT-20260913-143545-DEBUT";"";"";"";"";"DEBUT AUDIT LISTES SHAREPOINT";"";"";"";"Non";"Non";"Non";"Audit en lecture seule de toutes les listes et bibliotheques.";"01-DSE-AUDIT-LISTES-SHAREPOINT-20260913-143545-DEBUT";"JOURNAL - TYPEEVENEMENT - AUDIT | JOURNAL - SOURCE - SCRIPT | JOURNAL - RESULTAT - SUCCES";"";"";"";"";"";"";"";"";"09/17/2026 13:59:17";"09/13/2026 12:35:48";"";""
"882";"01-DSE-AUDIT-LISTES-SHAREPOINT-20260913-143545-FIN";"";"";"";"";"FIN AUDIT LISTES SHAREPOINT";"";"";"";"Non";"Non";"Non";"Conteneurs=64; Listes=53; Bibliotheques=11; Erreurs=0; Destination=/sites/Bibliotheque/DSERAPPORTS/AUDITS";"01-DSE-AUDIT-LISTES-SHAREPOINT-20260913-143545-FIN";"JOURNAL - TYPEEVENEMENT - AUDIT | JOURNAL - SOURCE - SCRIPT | JOURNAL - RESULTAT - SUCCES";"";"";"";"";"";"";"";"";"09/17/2026 13:59:19";"09/13/2026 12:36:38";"";""
"883";"01-DSE-AUDIT-LISTES-SHAREPOINT-20260913-143724-DEBUT";"";"";"";"";"DEBUT AUDIT LISTES SHAREPOINT";"";"";"";"Non";"Non";"Non";"Audit en lecture seule de toutes les listes et bibliotheques.";"01-DSE-AUDIT-LISTES-SHAREPOINT-20260913-143724-DEBUT";"JOURNAL - TYPEEVENEMENT - AUDIT | JOURNAL - SOURCE - SCRIPT | JOURNAL - RESULTAT - SUCCES";"";"";"";"";"";"";"";"";"09/17/2026 13:59:20";"09/13/2026 12:37:27";"";""
"884";"01-DSE-AUDIT-LISTES-SHAREPOINT-20260913-143724-FIN";"";"";"";"";"FIN AUDIT LISTES SHAREPOINT";"";"";"";"Non";"Non";"Non";"Conteneurs=64; Listes=53; Bibliotheques=11; Erreurs=0; Destination=/sites/Bibliotheque/DSERAPPORTS/AUDITS";"01-DSE-AUDIT-LISTES-SHAREPOINT-20260913-143724-FIN";"JOURNAL - TYPEEVENEMENT - AUDIT | JOURNAL - SOURCE - SCRIPT | JOURNAL - RESULTAT - SUCCES";"";"";"";"";"";"";"";"";"09/17/2026 13:59:21";"09/13/2026 12:38:17";"";""
"885";"01-DSE-AUDIT-LISTES-SHAREPOINT-20260913-163200-DEBUT";"";"";"";"";"DEBUT AUDIT LISTES SHAREPOINT";"";"";"";"Non";"Non";"Non";"Début de l audit individuel des listes SharePoint.";"01-DSE-AUDIT-LISTES-SHAREPOINT-20260913-163200-DEBUT";"JOURNAL - TYPEEVENEMENT - AUDIT | JOURNAL - SOURCE - SCRIPT | JOURNAL - RESULTAT - SUCCES";"";"";"";"";"";"";"";"";"09/17/2026 13:59:23";"09/13/2026 14:32:05";"";""
"886";"01-DSE-AUDIT-LISTES-SHAREPOINT-20260913-163200-LISTE-001";"";"";"";"";"AUDIT LISTE SHAREPOINT";"";"";"";"Non";"Non";"Non";"Liste=appdata; Elements=0; Colonnes=83; Vues=0";"01-DSE-AUDIT-LISTES-SHAREPOINT-20260913-163200-LISTE-001";"JOURNAL - TYPEEVENEMENT - AUDIT | JOURNAL - SOURCE - SCRIPT | JOURNAL - RESULTAT - SUCCES";"";"";"";"";"";"";"";"";"09/17/2026 13:59:24";"09/13/2026 14:32:07";"";""
"887";"01-DSE-AUDIT-LISTES-SHAREPOINT-20260913-163200-LISTE-002";"";"";"";"";"AUDIT LISTE SHAREPOINT";"";"";"";"Non";"Non";"Non";"Liste=Demandes d'accès; Elements=0; Colonnes=118; Vues=5";"01-DSE-AUDIT-LISTES-SHAREPOINT-20260913-163200-LISTE-002";"JOURNAL - TYPEEVENEMENT - AUDIT | JOURNAL - SOURCE - SCRIPT | JOURNAL - RESULTAT - SUCCES";"";"";"";"";"";"";"";"";"09/17/2026 13:59:26";"09/13/2026 14:32:09";"";""
"888";"01-DSE-AUDIT-LISTES-SHAREPOINT-20260913-163200-LISTE-003";"";"";"";"";"AUDIT LISTE SHAREPOINT";"";"";"";"Non";"Non";"Non";"Liste=Extensions de modèle web; Elements=242; Colonnes=104; Vues=0";"01-DSE-AUDIT-LISTES-SHAREPOINT-20260913-163200-LISTE-003";"JOURNAL - TYPEEVENEMENT - AUDIT | JOURNAL - SOURCE - SCRIPT | JOURNAL - RESULTAT - SUCCES";"";"";"";"";"";"";"";"";"09/17/2026 13:59:27";"09/13/2026 14:32:10";"";""
"889";"01-DSE-AUDIT-LISTES-SHAREPOINT-20260913-163200-LISTE-004";"";"";"";"";"AUDIT LISTE SHAREPOINT";"";"";"";"Non";"Non";"Non";"Liste=Liens manquants du site SharePoint; Elements=4; Colonnes=89; Vues=2";"01-DSE-AUDIT-LISTES-SHAREPOINT-20260913-163200-LISTE-004";"JOURNAL - TYPEEVENEMENT - AUDIT | JOURNAL - SOURCE - SCRIPT | JOURNAL - RESULTAT - SUCCES";"";"";"";"";"";"";"";"";"09/17/2026 13:59:29";"09/13/2026 14:32:12";"";""
"890";"01-DSE-AUDIT-LISTES-SHAREPOINT-20260913-163200-LISTE-005";"";"";"";"";"AUDIT LISTE SHAREPOINT";"";"";"";"Non";"Non";"Non";"Liste=Liste d'informations utilisateur; Elements=24; Colonnes=133; Vues=3";"01-DSE-AUDIT-LISTES-SHAREPOINT-20260913-163200-LISTE-005";"JOURNAL - TYPEEVENEMENT - AUDIT | JOURNAL - SOURCE - SCRIPT | JOURNAL - RESULTAT - SUCCES";"";"";"";"";"";"";"";"";"09/17/2026 13:59:30";"09/13/2026 14:32:13";"";""
"891";"01-DSE-AUDIT-LISTES-SHAREPOINT-20260913-163200-LISTE-006";"";"";"";"";"AUDIT LISTE SHAREPOINT";"";"";"";"Non";"Non";"Non";"Liste=OBJ; Elements=237; Colonnes=134; Vues=9";"01-DSE-AUDIT-LISTES-SHAREPOINT-20260913-163200-LISTE-006";"JOURNAL - TYPEEVENEMENT - AUDIT | JOURNAL - SOURCE - SCRIPT | JOURNAL - RESULTAT - SUCCES";"";"";"";"";"";"";"";"";"09/17/2026 13:59:32";"09/13/2026 14:32:15";"";""
"892";"01-DSE-AUDIT-LISTES-SHAREPOINT-20260913-163200-LISTE-007";"";"";"";"";"AUDIT LISTE SHAREPOINT";"";"";"";"Non";"Non";"Non";"Liste=OBJ-ACT; Elements=0; Colonnes=103; Vues=1";"01-DSE-AUDIT-LISTES-SHAREPOINT-20260913-163200-LISTE-007";"JOURNAL - TYPEEVENEMENT - AUDIT | JOURNAL - SOURCE - SCRIPT | JOURNAL - RESULTAT - SUCCES";"";"";"";"";"";"";"";"";"09/17/2026 13:59:33";"09/13/2026 14:32:16";"";""
"893";"01-DSE-AUDIT-LISTES-SHAREPOINT-20260913-163200-LISTE-008";"";"";"";"";"AUDIT LISTE SHAREPOINT";"";"";"";"Non";"Non";"Non";"Liste=OBJ-AUDIT; Elements=2; Colonnes=99; Vues=1";"01-DSE-AUDIT-LISTES-SHAREPOINT-20260913-163200-LISTE-008";"JOURNAL - TYPEEVENEMENT - AUDIT | JOURNAL - SOURCE - SCRIPT | JOURNAL - RESULTAT - SUCCES";"";"";"";"";"";"";"";"";"09/17/2026 13:59:34";"09/13/2026 14:32:17";"";""
"894";"01-DSE-AUDIT-LISTES-SHAREPOINT-20260913-163200-LISTE-009";"";"";"";"";"AUDIT LISTE SHAREPOINT";"";"";"";"Non";"Non";"Non";"Liste=OBJ-GEO-CAPITALE; Elements=249; Colonnes=111; Vues=6";"01-DSE-AUDIT-LISTES-SHAREPOINT-20260913-163200-LISTE-009";"JOURNAL - TYPEEVENEMENT - AUDIT | JOURNAL - SOURCE - SCRIPT | JOURNAL - RESULTAT - SUCCES";"";"";"";"";"";"";"";"";"09/17/2026 13:59:36";"09/13/2026 14:32:19";"";""
"895";"01-DSE-AUDIT-LISTES-SHAREPOINT-20260913-163200-LISTE-010";"";"";"";"";"AUDIT LISTE SHAREPOINT";"";"";"";"Non";"Non";"Non";"Liste=OBJ-GEO-CONTINENT; Elements=7; Colonnes=105; Vues=6";"01-DSE-AUDIT-LISTES-SHAREPOINT-20260913-163200-LISTE-010";"JOURNAL - TYPEEVENEMENT - AUDIT | JOURNAL - SOURCE - SCRIPT | JOURNAL - RESULTAT - SUCCES";"";"";"";"";"";"";"";"";"09/17/2026 13:59:37";"09/13/2026 14:32:20";"";""
"896";"01-DSE-AUDIT-LISTES-SHAREPOINT-20260913-163200-LISTE-011";"";"";"";"";"AUDIT LISTE SHAREPOINT";"";"";"";"Non";"Non";"Non";"Liste=OBJ-GEO-DEPARTEMENT; Elements=101; Colonnes=117; Vues=6";"01-DSE-AUDIT-LISTES-SHAREPOINT-20260913-163200-LISTE-011";"JOURNAL - TYPEEVENEMENT - AUDIT | JOURNAL - SOURCE - SCRIPT | JOURNAL - RESULTAT - SUCCES";"";"";"";"";"";"";"";"";"09/17/2026 13:59:39";"09/13/2026 14:32:22";"";""
"897";"01-DSE-AUDIT-LISTES-SHAREPOINT-20260913-163200-LISTE-012";"";"";"";"";"AUDIT LISTE SHAREPOINT";"";"";"";"Non";"Non";"Non";"Liste=OBJ-GEO-DEVISE; Elements=154; Colonnes=106; Vues=6";"01-DSE-AUDIT-LISTES-SHAREPOINT-20260913-163200-LISTE-012";"JOURNAL - TYPEEVENEMENT - AUDIT | JOURNAL - SOURCE - SCRIPT | JOURNAL - RESULTAT - SUCCES";"";"";"";"";"";"";"";"";"09/17/2026 13:59:40";"09/13/2026 14:32:23";"";""
"898";"01-DSE-AUDIT-LISTES-SHAREPOINT-20260913-163200-LISTE-013";"";"";"";"";"AUDIT LISTE SHAREPOINT";"";"";"";"Non";"Non";"Non";"Liste=OBJ-GEO-FUSEAU-HORAIRE; Elements=38; Colonnes=107; Vues=6";"01-DSE-AUDIT-LISTES-SHAREPOINT-20260913-163200-LISTE-013";"JOURNAL - TYPEEVENEMENT - AUDIT | JOURNAL - SOURCE - SCRIPT | JOURNAL - RESULTAT - SUCCES";"";"";"";"";"";"";"";"";"09/17/2026 13:59:42";"09/13/2026 14:32:25";"";""
"899";"01-DSE-AUDIT-LISTES-SHAREPOINT-20260913-163200-LISTE-014";"";"";"";"";"AUDIT LISTE SHAREPOINT";"";"";"";"Non";"Non";"Non";"Liste=OBJ-GEO-LANGUE; Elements=112; Colonnes=108; Vues=17";"01-DSE-AUDIT-LISTES-SHAREPOINT-20260913-163200-LISTE-014";"JOURNAL - TYPEEVENEMENT - AUDIT | JOURNAL - SOURCE - SCRIPT | JOURNAL - RESULTAT - SUCCES";"";"";"";"";"";"";"";"";"09/17/2026 13:59:44";"09/13/2026 14:32:26";"";""
"900";"01-DSE-AUDIT-LISTES-SHAREPOINT-20260913-163200-LISTE-015";"";"";"";"";"AUDIT LISTE SHAREPOINT";"";"";"";"Non";"Non";"Non";"Liste=OBJ-GEO-NATIONALITE; Elements=249; Colonnes=111; Vues=6";"01-DSE-AUDIT-LISTES-SHAREPOINT-20260913-163200-LISTE-015";"JOURNAL - TYPEEVENEMENT - AUDIT | JOURNAL - SOURCE - SCRIPT | JOURNAL - RESULTAT - SUCCES";"";"";"";"";"";"";"";"";"09/17/2026 13:59:44";"09/13/2026 14:32:28";"";""
"901";"01-DSE-AUDIT-LISTES-SHAREPOINT-20260913-163200-LISTE-016";"";"";"";"";"AUDIT LISTE SHAREPOINT";"";"";"";"Non";"Non";"Non";"Liste=OBJ-GEO-PAYS; Elements=249; Colonnes=117; Vues=6";"01-DSE-AUDIT-LISTES-SHAREPOINT-20260913-163200-LISTE-016";"JOURNAL - TYPEEVENEMENT - AUDIT | JOURNAL - SOURCE - SCRIPT | JOURNAL - RESULTAT - SUCCES";"";"";"";"";"";"";"";"";"09/17/2026 13:59:46";"09/13/2026 14:32:29";"";""
"902";"01-DSE-AUDIT-LISTES-SHAREPOINT-20260913-163200-LISTE-017";"";"";"";"";"AUDIT LISTE SHAREPOINT";"";"";"";"Non";"Non";"Non";"Liste=OBJ-GEO-REGION; Elements=18; Colonnes=119; Vues=6";"01-DSE-AUDIT-LISTES-SHAREPOINT-20260913-163200-LISTE-017";"JOURNAL - TYPEEVENEMENT - AUDIT | JOURNAL - SOURCE - SCRIPT | JOURNAL - RESULTAT - SUCCES";"";"";"";"";"";"";"";"";"09/17/2026 13:59:47";"09/13/2026 14:32:31";"";""
"903";"01-DSE-AUDIT-LISTES-SHAREPOINT-20260913-163200-LISTE-018";"";"";"";"";"AUDIT LISTE SHAREPOINT";"";"";"";"Non";"Non";"Non";"Liste=OBJ-GEO-SOURCE; Elements=6; Colonnes=117; Vues=4";"01-DSE-AUDIT-LISTES-SHAREPOINT-20260913-163200-LISTE-018";"JOURNAL - TYPEEVENEMENT - AUDIT | JOURNAL - SOURCE - SCRIPT | JOURNAL - RESULTAT - SUCCES";"";"";"";"";"";"";"";"";"09/17/2026 13:59:49";"09/13/2026 14:32:32";"";""
"904";"01-DSE-AUDIT-LISTES-SHAREPOINT-20260913-163200-LISTE-019";"";"";"";"";"AUDIT LISTE SHAREPOINT";"";"";"";"Non";"Non";"Non";"Liste=OBJ-GEO-STATUT; Elements=22; Colonnes=106; Vues=6";"01-DSE-AUDIT-LISTES-SHAREPOINT-20260913-163200-LISTE-019";"JOURNAL - TYPEEVENEMENT - AUDIT | JOURNAL - SOURCE - SCRIPT | JOURNAL - RESULTAT - SUCCES";"";"";"";"";"";"";"";"";"09/17/2026 13:59:50";"09/13/2026 14:32:34";"";""
"905";"01-DSE-AUDIT-LISTES-SHAREPOINT-20260913-163200-LISTE-020";"";"";"";"";"AUDIT LISTE SHAREPOINT";"";"";"";"Non";"Non";"Non";"Liste=OBJ-GEO-TERRITOIRE; Elements=9; Colonnes=114; Vues=5";"01-DSE-AUDIT-LISTES-SHAREPOINT-20260913-163200-LISTE-020";"JOURNAL - TYPEEVENEMENT - AUDIT | JOURNAL - SOURCE - SCRIPT | JOURNAL - RESULTAT - SUCCES";"";"";"";"";"";"";"";"";"09/17/2026 13:59:53";"09/13/2026 14:32:35";"";""
"906";"01-DSE-AUDIT-LISTES-SHAREPOINT-20260913-163200-LISTE-021";"";"";"";"";"AUDIT LISTE SHAREPOINT";"";"";"";"Non";"Non";"Non";"Liste=OBJ-GEO-VILLE; Elements=34868; Colonnes=113; Vues=6";"01-DSE-AUDIT-LISTES-SHAREPOINT-20260913-163200-LISTE-021";"JOURNAL - TYPEEVENEMENT - AUDIT | JOURNAL - SOURCE - SCRIPT | JOURNAL - RESULTAT - SUCCES";"";"";"";"";"";"";"";"";"09/17/2026 13:59:53";"09/13/2026 14:32:37";"";""
"907";"01-DSE-AUDIT-LISTES-SHAREPOINT-20260913-163200-LISTE-022";"";"";"";"";"AUDIT LISTE SHAREPOINT";"";"";"";"Non";"Non";"Non";"Liste=OBJ-GEO-ZONE; Elements=35; Colonnes=104; Vues=5";"01-DSE-AUDIT-LISTES-SHAREPOINT-20260913-163200-LISTE-022";"JOURNAL - TYPEEVENEMENT - AUDIT | JOURNAL - SOURCE - SCRIPT | JOURNAL - RESULTAT - SUCCES";"";"";"";"";"";"";"";"";"09/17/2026 13:59:55";"09/13/2026 14:32:38";"";""
"908";"01-DSE-AUDIT-LISTES-SHAREPOINT-20260913-163200-LISTE-023";"";"";"";"";"AUDIT LISTE SHAREPOINT";"";"";"";"Non";"Non";"Non";"Liste=OBJ-JRN; Elements=884; Colonnes=101; Vues=1";"01-DSE-AUDIT-LISTES-SHAREPOINT-20260913-163200-LISTE-023";"JOURNAL - TYPEEVENEMENT - AUDIT | JOURNAL - SOURCE - SCRIPT | JOURNAL - RESULTAT - SUCCES";"";"";"";"";"";"";"";"";"09/17/2026 13:59:56";"09/13/2026 14:32:40";"";""
"909";"01-DSE-AUDIT-LISTES-SHAREPOINT-20260913-163200-LISTE-024";"";"";"";"";"AUDIT LISTE SHAREPOINT";"";"";"";"Non";"Non";"Non";"Liste=OBJ-JRN-GEO; Elements=74; Colonnes=110; Vues=1";"01-DSE-AUDIT-LISTES-SHAREPOINT-20260913-163200-LISTE-024";"JOURNAL - TYPEEVENEMENT - AUDIT | JOURNAL - SOURCE - SCRIPT | JOURNAL - RESULTAT - SUCCES";"";"";"";"";"";"";"";"";"09/17/2026 13:59:58";"09/13/2026 14:32:41";"";""
"910";"01-DSE-AUDIT-LISTES-SHAREPOINT-20260913-163200-LISTE-025";"";"";"";"";"AUDIT LISTE SHAREPOINT";"";"";"";"Non";"Non";"Non";"Liste=OBJ-LST; Elements=52; Colonnes=106; Vues=8";"01-DSE-AUDIT-LISTES-SHAREPOINT-20260913-163200-LISTE-025";"JOURNAL - TYPEEVENEMENT - AUDIT | JOURNAL - SOURCE - SCRIPT | JOURNAL - RESULTAT - SUCCES";"";"";"";"";"";"";"";"";"09/17/2026 13:59:59";"09/13/2026 14:32:43";"";""
"911";"01-DSE-AUDIT-LISTES-SHAREPOINT-20260913-163200-LISTE-026";"";"";"";"";"AUDIT LISTE SHAREPOINT";"";"";"";"Non";"Non";"Non";"Liste=OBJ-MODULE; Elements=0; Colonnes=85; Vues=1";"01-DSE-AUDIT-LISTES-SHAREPOINT-20260913-163200-LISTE-026";"JOURNAL - TYPEEVENEMENT - AUDIT | JOURNAL - SOURCE - SCRIPT | JOURNAL - RESULTAT - SUCCES";"";"";"";"";"";"";"";"";"09/17/2026 14:00:02";"09/13/2026 14:32:44";"";""
"912";"01-DSE-AUDIT-LISTES-SHAREPOINT-20260913-163200-LISTE-027";"";"";"";"";"AUDIT LISTE SHAREPOINT";"";"";"";"Non";"Non";"Non";"Liste=OBJ-ORG; Elements=4; Colonnes=108; Vues=10";"01-DSE-AUDIT-LISTES-SHAREPOINT-20260913-163200-LISTE-027";"JOURNAL - TYPEEVENEMENT - AUDIT | JOURNAL - SOURCE - SCRIPT | JOURNAL - RESULTAT - SUCCES";"";"";"";"";"";"";"";"";"09/17/2026 14:00:03";"09/13/2026 14:32:46";"";""
"913";"01-DSE-AUDIT-LISTES-SHAREPOINT-20260913-163200-LISTE-028";"";"";"";"";"AUDIT LISTE SHAREPOINT";"";"";"";"Non";"Non";"Non";"Liste=OBJ-ORG-COMPTE; Elements=4; Colonnes=101; Vues=4";"01-DSE-AUDIT-LISTES-SHAREPOINT-20260913-163200-LISTE-028";"JOURNAL - TYPEEVENEMENT - AUDIT | JOURNAL - SOURCE - SCRIPT | JOURNAL - RESULTAT - SUCCES";"";"";"";"";"";"";"";"";"09/17/2026 14:00:04";"09/13/2026 14:32:47";"";""
"914";"01-DSE-AUDIT-LISTES-SHAREPOINT-20260913-163200-LISTE-029";"";"";"";"";"AUDIT LISTE SHAREPOINT";"";"";"";"Non";"Non";"Non";"Liste=OBJ-ORG-CONTACT; Elements=2; Colonnes=105; Vues=4";"01-DSE-AUDIT-LISTES-SHAREPOINT-20260913-163200-LISTE-029";"JOURNAL - TYPEEVENEMENT - AUDIT | JOURNAL - SOURCE - SCRIPT | JOURNAL - RESULTAT - SUCCES";"";"";"";"";"";"";"";"";"09/17/2026 14:00:06";"09/13/2026 14:32:49";"";""
"915";"01-DSE-AUDIT-LISTES-SHAREPOINT-20260913-163200-LISTE-030";"";"";"";"";"AUDIT LISTE SHAREPOINT";"";"";"";"Non";"Non";"Non";"Liste=OBJ-PWS; Elements=0; Colonnes=85; Vues=1";"01-DSE-AUDIT-LISTES-SHAREPOINT-20260913-163200-LISTE-030";"JOURNAL - TYPEEVENEMENT - AUDIT | JOURNAL - SOURCE - SCRIPT | JOURNAL - RESULTAT - SUCCES";"";"";"";"";"";"";"";"";"09/17/2026 14:00:07";"09/13/2026 14:32:51";"";""
"916";"01-DSE-AUDIT-LISTES-SHAREPOINT-20260913-163200-LISTE-031";"";"";"";"";"AUDIT LISTE SHAREPOINT";"";"";"";"Non";"Non";"Non";"Liste=OBJ-REF-00-TYPES-OBJETS; Elements=22; Colonnes=99; Vues=5";"01-DSE-AUDIT-LISTES-SHAREPOINT-20260913-163200-LISTE-031";"JOURNAL - TYPEEVENEMENT - AUDIT | JOURNAL - SOURCE - SCRIPT | JOURNAL - RESULTAT - SUCCES";"";"";"";"";"";"";"";"";"09/17/2026 14:00:09";"09/13/2026 14:32:51";"";""
"917";"01-DSE-AUDIT-LISTES-SHAREPOINT-20260913-163200-LISTE-032";"";"";"";"";"AUDIT LISTE SHAREPOINT";"";"";"";"Non";"Non";"Non";"Liste=OBJ-REF-01-FAMILLES-OBJETS; Elements=8; Colonnes=92; Vues=4";"01-DSE-AUDIT-LISTES-SHAREPOINT-20260913-163200-LISTE-032";"JOURNAL - TYPEEVENEMENT - AUDIT | JOURNAL - SOURCE - SCRIPT | JOURNAL - RESULTAT - SUCCES";"";"";"";"";"";"";"";"";"09/17/2026 14:00:10";"09/13/2026 14:32:53";"";""
"918";"01-DSE-AUDIT-LISTES-SHAREPOINT-20260913-163200-LISTE-033";"";"";"";"";"AUDIT LISTE SHAREPOINT";"";"";"";"Non";"Non";"Non";"Liste=OBJ-REF-02-CATEGORIES-OBJETS; Elements=10; Colonnes=93; Vues=4";"01-DSE-AUDIT-LISTES-SHAREPOINT-20260913-163200-LISTE-033";"JOURNAL - TYPEEVENEMENT - AUDIT | JOURNAL - SOURCE - SCRIPT | JOURNAL - RESULTAT - SUCCES";"";"";"";"";"";"";"";"";"09/17/2026 14:00:12";"09/13/2026 14:32:54";"";""
"919";"01-DSE-AUDIT-LISTES-SHAREPOINT-20260913-163200-LISTE-034";"";"";"";"";"AUDIT LISTE SHAREPOINT";"";"";"";"Non";"Non";"Non";"Liste=OBJ-REF-03-PROPRIETAIRES-REFERENTIELS; Elements=1; Colonnes=94; Vues=4";"01-DSE-AUDIT-LISTES-SHAREPOINT-20260913-163200-LISTE-034";"JOURNAL - TYPEEVENEMENT - AUDIT | JOURNAL - SOURCE - SCRIPT | JOURNAL - RESULTAT - SUCCES";"";"";"";"";"";"";"";"";"09/17/2026 14:00:13";"09/13/2026 14:32:56";"";""
"920";"01-DSE-AUDIT-LISTES-SHAREPOINT-20260913-163200-LISTE-035";"";"";"";"";"AUDIT LISTE SHAREPOINT";"";"";"";"Non";"Non";"Non";"Liste=OBJ-REF-04-DOMAINES; Elements=12; Colonnes=92; Vues=4";"01-DSE-AUDIT-LISTES-SHAREPOINT-20260913-163200-LISTE-035";"JOURNAL - TYPEEVENEMENT - AUDIT | JOURNAL - SOURCE - SCRIPT | JOURNAL - RESULTAT - SUCCES";"";"";"";"";"";"";"";"";"09/17/2026 14:00:15";"09/13/2026 14:32:57";"";""
"921";"01-DSE-AUDIT-LISTES-SHAREPOINT-20260913-163200-LISTE-036";"";"";"";"";"AUDIT LISTE SHAREPOINT";"";"";"";"Non";"Non";"Non";"Liste=OBJ-REF-10-TECHNOLOGIES; Elements=49; Colonnes=95; Vues=1";"01-DSE-AUDIT-LISTES-SHAREPOINT-20260913-163200-LISTE-036";"JOURNAL - TYPEEVENEMENT - AUDIT | JOURNAL - SOURCE - SCRIPT | JOURNAL - RESULTAT - SUCCES";"";"";"";"";"";"";"";"";"09/17/2026 14:00:16";"09/13/2026 14:32:59";"";""
"922";"01-DSE-AUDIT-LISTES-SHAREPOINT-20260913-163200-LISTE-037";"";"";"";"";"AUDIT LISTE SHAREPOINT";"";"";"";"Non";"Non";"Non";"Liste=OBJ-REF-20-STATUTS-GENERAUX; Elements=17; Colonnes=99; Vues=1";"01-DSE-AUDIT-LISTES-SHAREPOINT-20260913-163200-LISTE-037";"JOURNAL - TYPEEVENEMENT - AUDIT | JOURNAL - SOURCE - SCRIPT | JOURNAL - RESULTAT - SUCCES";"";"";"";"";"";"";"";"";"09/17/2026 14:00:19";"09/13/2026 14:33:00";"";""
"923";"01-DSE-AUDIT-LISTES-SHAREPOINT-20260913-163200-LISTE-038";"";"";"";"";"AUDIT LISTE SHAREPOINT";"";"";"";"Non";"Non";"Non";"Liste=OBJ-REF-30-PRIORITES; Elements=20; Colonnes=99; Vues=1";"01-DSE-AUDIT-LISTES-SHAREPOINT-20260913-163200-LISTE-038";"JOURNAL - TYPEEVENEMENT - AUDIT | JOURNAL - SOURCE - SCRIPT | JOURNAL - RESULTAT - SUCCES";"";"";"";"";"";"";"";"";"09/17/2026 14:00:21";"09/13/2026 14:33:01";"";""
"924";"01-DSE-AUDIT-LISTES-SHAREPOINT-20260913-163200-LISTE-039";"";"";"";"";"AUDIT LISTE SHAREPOINT";"";"";"";"Non";"Non";"Non";"Liste=OBJ-REF-40-USAGES; Elements=18; Colonnes=99; Vues=1";"01-DSE-AUDIT-LISTES-SHAREPOINT-20260913-163200-LISTE-039";"JOURNAL - TYPEEVENEMENT - AUDIT | JOURNAL - SOURCE - SCRIPT | JOURNAL - RESULTAT - SUCCES";"";"";"";"";"";"";"";"";"09/17/2026 14:00:21";"09/13/2026 14:33:03";"";""
"925";"01-DSE-AUDIT-LISTES-SHAREPOINT-20260913-163200-LISTE-040";"";"";"";"";"AUDIT LISTE SHAREPOINT";"";"";"";"Non";"Non";"Non";"Liste=OBJ-REF-50-ROLES; Elements=11; Colonnes=99; Vues=1";"01-DSE-AUDIT-LISTES-SHAREPOINT-20260913-163200-LISTE-040";"JOURNAL - TYPEEVENEMENT - AUDIT | JOURNAL - SOURCE - SCRIPT | JOURNAL - RESULTAT - SUCCES";"";"";"";"";"";"";"";"";"09/17/2026 14:00:24";"09/13/2026 14:33:04";"";""
"926";"01-DSE-AUDIT-LISTES-SHAREPOINT-20260913-163200-LISTE-041";"";"";"";"";"AUDIT LISTE SHAREPOINT";"";"";"";"Non";"Non";"Non";"Liste=OBJ-REF-60-MODES-TRAITEMENT; Elements=16; Colonnes=99; Vues=1";"01-DSE-AUDIT-LISTES-SHAREPOINT-20260913-163200-LISTE-041";"JOURNAL - TYPEEVENEMENT - AUDIT | JOURNAL - SOURCE - SCRIPT | JOURNAL - RESULTAT - SUCCES";"";"";"";"";"";"";"";"";"09/17/2026 14:00:24";"09/13/2026 14:33:06";"";""
"927";"01-DSE-AUDIT-LISTES-SHAREPOINT-20260913-163200-LISTE-042";"";"";"";"";"AUDIT LISTE SHAREPOINT";"";"";"";"Non";"Non";"Non";"Liste=OBJ-REF-70-RELATIONS; Elements=19; Colonnes=99; Vues=1";"01-DSE-AUDIT-LISTES-SHAREPOINT-20260913-163200-LISTE-042";"JOURNAL - TYPEEVENEMENT - AUDIT | JOURNAL - SOURCE - SCRIPT | JOURNAL - RESULTAT - SUCCES";"";"";"";"";"";"";"";"";"09/17/2026 14:00:27";"09/13/2026 14:33:07";"";""
"928";"01-DSE-AUDIT-LISTES-SHAREPOINT-20260913-163200-LISTE-043";"";"";"";"";"AUDIT LISTE SHAREPOINT";"";"";"";"Non";"Non";"Non";"Liste=OBJ-REF-80-FREQUENCES; Elements=15; Colonnes=99; Vues=1";"01-DSE-AUDIT-LISTES-SHAREPOINT-20260913-163200-LISTE-043";"JOURNAL - TYPEEVENEMENT - AUDIT | JOURNAL - SOURCE - SCRIPT | JOURNAL - RESULTAT - SUCCES";"";"";"";"";"";"";"";"";"09/17/2026 14:00:27";"09/13/2026 14:33:09";"";""
"929";"01-DSE-AUDIT-LISTES-SHAREPOINT-20260913-163200-LISTE-044";"";"";"";"";"AUDIT LISTE SHAREPOINT";"";"";"";"Non";"Non";"Non";"Liste=OBJ-REF-90-QUALITE; Elements=18; Colonnes=99; Vues=1";"01-DSE-AUDIT-LISTES-SHAREPOINT-20260913-163200-LISTE-044";"JOURNAL - TYPEEVENEMENT - AUDIT | JOURNAL - SOURCE - SCRIPT | JOURNAL - RESULTAT - SUCCES";"";"";"";"";"";"";"";"";"09/17/2026 14:00:29";"09/13/2026 14:33:10";"";""
"930";"01-DSE-AUDIT-LISTES-SHAREPOINT-20260913-163200-LISTE-045";"";"";"";"";"AUDIT LISTE SHAREPOINT";"";"";"";"Non";"Non";"Non";"Liste=OBJ-REF-95-POWER-PAGES-COMPOSANTS; Elements=8; Colonnes=88; Vues=1";"01-DSE-AUDIT-LISTES-SHAREPOINT-20260913-163200-LISTE-045";"JOURNAL - TYPEEVENEMENT - AUDIT | JOURNAL - SOURCE - SCRIPT | JOURNAL - RESULTAT - SUCCES";"";"";"";"";"";"";"";"";"09/17/2026 14:00:30";"09/13/2026 14:33:12";"";""
"931";"01-DSE-AUDIT-LISTES-SHAREPOINT-20260913-163200-LISTE-046";"";"";"";"";"AUDIT LISTE SHAREPOINT";"";"";"";"Non";"Non";"Non";"Liste=OBJ-REF-99-REGISTRE-REFERENTIELS; Elements=6; Colonnes=97; Vues=7";"01-DSE-AUDIT-LISTES-SHAREPOINT-20260913-163200-LISTE-046";"JOURNAL - TYPEEVENEMENT - AUDIT | JOURNAL - SOURCE - SCRIPT | JOURNAL - RESULTAT - SUCCES";"";"";"";"";"";"";"";"";"09/17/2026 14:00:32";"09/13/2026 14:33:13";"";""
"932";"01-DSE-AUDIT-LISTES-SHAREPOINT-20260913-163200-LISTE-047";"";"";"";"";"AUDIT LISTE SHAREPOINT";"";"";"";"Non";"Non";"Non";"Liste=OBJ-REF-DOMAINE; Elements=14; Colonnes=89; Vues=1";"01-DSE-AUDIT-LISTES-SHAREPOINT-20260913-163200-LISTE-047";"JOURNAL - TYPEEVENEMENT - AUDIT | JOURNAL - SOURCE - SCRIPT | JOURNAL - RESULTAT - SUCCES";"";"";"";"";"";"";"";"";"09/17/2026 14:00:33";"09/13/2026 14:33:15";"";""
"933";"01-DSE-AUDIT-LISTES-SHAREPOINT-20260913-163200-LISTE-048";"";"";"";"";"AUDIT LISTE SHAREPOINT";"";"";"";"Non";"Non";"Non";"Liste=OBJ-REF-LST-STATUT; Elements=7; Colonnes=89; Vues=1";"01-DSE-AUDIT-LISTES-SHAREPOINT-20260913-163200-LISTE-048";"JOURNAL - TYPEEVENEMENT - AUDIT | JOURNAL - SOURCE - SCRIPT | JOURNAL - RESULTAT - SUCCES";"";"";"";"";"";"";"";"";"09/17/2026 14:00:36";"09/13/2026 14:33:16";"";""
"934";"01-DSE-AUDIT-LISTES-SHAREPOINT-20260913-163200-LISTE-049";"";"";"";"";"AUDIT LISTE SHAREPOINT";"";"";"";"Non";"Non";"Non";"Liste=OBJ-REF-LST-TYPE; Elements=11; Colonnes=89; Vues=1";"01-DSE-AUDIT-LISTES-SHAREPOINT-20260913-163200-LISTE-049";"JOURNAL - TYPEEVENEMENT - AUDIT | JOURNAL - SOURCE - SCRIPT | JOURNAL - RESULTAT - SUCCES";"";"";"";"";"";"";"";"";"09/17/2026 14:00:36";"09/13/2026 14:33:18";"";""
"935";"01-DSE-AUDIT-LISTES-SHAREPOINT-20260913-163200-LISTE-050";"";"";"";"";"AUDIT LISTE SHAREPOINT";"";"";"";"Non";"Non";"Non";"Liste=OBJ-REF-ORG-COMPTE-TYPE; Elements=11; Colonnes=89; Vues=2";"01-DSE-AUDIT-LISTES-SHAREPOINT-20260913-163200-LISTE-050";"JOURNAL - TYPEEVENEMENT - AUDIT | JOURNAL - SOURCE - SCRIPT | JOURNAL - RESULTAT - SUCCES";"";"";"";"";"";"";"";"";"09/17/2026 14:00:38";"09/13/2026 14:33:19";"";""
"936";"01-DSE-AUDIT-LISTES-SHAREPOINT-20260913-163200-LISTE-051";"";"";"";"";"AUDIT LISTE SHAREPOINT";"";"";"";"Non";"Non";"Non";"Liste=OBJ-REF-ORG-CONTACT-TYPE; Elements=8; Colonnes=89; Vues=2";"01-DSE-AUDIT-LISTES-SHAREPOINT-20260913-163200-LISTE-051";"JOURNAL - TYPEEVENEMENT - AUDIT | JOURNAL - SOURCE - SCRIPT | JOURNAL - RESULTAT - SUCCES";"";"";"";"";"";"";"";"";"09/17/2026 14:00:40";"09/13/2026 14:33:21";"";""
"937";"01-DSE-AUDIT-LISTES-SHAREPOINT-20260913-163200-LISTE-052";"";"";"";"";"AUDIT LISTE SHAREPOINT";"";"";"";"Non";"Non";"Non";"Liste=OBJ-REF-ORG-SECTEUR; Elements=9; Colonnes=89; Vues=2";"01-DSE-AUDIT-LISTES-SHAREPOINT-20260913-163200-LISTE-052";"JOURNAL - TYPEEVENEMENT - AUDIT | JOURNAL - SOURCE - SCRIPT | JOURNAL - RESULTAT - SUCCES";"";"";"";"";"";"";"";"";"09/17/2026 14:00:41";"09/13/2026 14:33:22";"";""
"938";"01-DSE-AUDIT-LISTES-SHAREPOINT-20260913-163200-LISTE-053";"";"";"";"";"AUDIT LISTE SHAREPOINT";"";"";"";"Non";"Non";"Non";"Liste=OBJ-REF-ORG-STATUT; Elements=6; Colonnes=89; Vues=2";"01-DSE-AUDIT-LISTES-SHAREPOINT-20260913-163200-LISTE-053";"JOURNAL - TYPEEVENEMENT - AUDIT | JOURNAL - SOURCE - SCRIPT | JOURNAL - RESULTAT - SUCCES";"";"";"";"";"";"";"";"";"09/17/2026 14:00:42";"09/13/2026 14:33:23";"";""
"939";"01-DSE-AUDIT-LISTES-SHAREPOINT-20260913-163200-LISTE-054";"";"";"";"";"AUDIT LISTE SHAREPOINT";"";"";"";"Non";"Non";"Non";"Liste=OBJ-REF-ORG-TYPE; Elements=12; Colonnes=89; Vues=2";"01-DSE-AUDIT-LISTES-SHAREPOINT-20260913-163200-LISTE-054";"JOURNAL - TYPEEVENEMENT - AUDIT | JOURNAL - SOURCE - SCRIPT | JOURNAL - RESULTAT - SUCCES";"";"";"";"";"";"";"";"";"09/17/2026 14:00:44";"09/13/2026 14:33:25";"";""
"940";"01-DSE-AUDIT-LISTES-SHAREPOINT-20260913-163200-LISTE-055";"";"";"";"";"AUDIT LISTE SHAREPOINT";"";"";"";"Non";"Non";"Non";"Liste=OBJ-REL; Elements=32; Colonnes=95; Vues=2";"01-DSE-AUDIT-LISTES-SHAREPOINT-20260913-163200-LISTE-055";"JOURNAL - TYPEEVENEMENT - AUDIT | JOURNAL - SOURCE - SCRIPT | JOURNAL - RESULTAT - SUCCES";"";"";"";"";"";"";"";"";"09/17/2026 14:00:46";"09/13/2026 14:33:26";"";""
"941";"01-DSE-AUDIT-LISTES-SHAREPOINT-20260913-163200-LISTE-056";"";"";"";"";"AUDIT LISTE SHAREPOINT";"";"";"";"Non";"Non";"Non";"Liste=OBJ-SCR; Elements=10; Colonnes=101; Vues=9";"01-DSE-AUDIT-LISTES-SHAREPOINT-20260913-163200-LISTE-056";"JOURNAL - TYPEEVENEMENT - AUDIT | JOURNAL - SOURCE - SCRIPT | JOURNAL - RESULTAT - SUCCES";"";"";"";"";"";"";"";"";"09/17/2026 14:00:47";"09/13/2026 14:33:28";"";""
"942";"01-DSE-AUDIT-LISTES-SHAREPOINT-20260913-163200-LISTE-057";"";"";"";"";"AUDIT LISTE SHAREPOINT";"";"";"";"Non";"Non";"Non";"Liste=OBJ-SITE; Elements=0; Colonnes=85; Vues=1";"01-DSE-AUDIT-LISTES-SHAREPOINT-20260913-163200-LISTE-057";"JOURNAL - TYPEEVENEMENT - AUDIT | JOURNAL - SOURCE - SCRIPT | JOURNAL - RESULTAT - SUCCES";"";"";"";"";"";"";"";"";"09/17/2026 14:00:49";"09/13/2026 14:33:29";"";""
"943";"01-DSE-AUDIT-LISTES-SHAREPOINT-20260913-163200-LISTE-058";"";"";"";"";"AUDIT LISTE SHAREPOINT";"";"";"";"Non";"Non";"Non";"Liste=OBJ-STATUT; Elements=0; Colonnes=85; Vues=1";"01-DSE-AUDIT-LISTES-SHAREPOINT-20260913-163200-LISTE-058";"JOURNAL - TYPEEVENEMENT - AUDIT | JOURNAL - SOURCE - SCRIPT | JOURNAL - RESULTAT - SUCCES";"";"";"";"";"";"";"";"";"09/17/2026 14:00:51";"09/13/2026 14:33:31";"";""
"944";"01-DSE-AUDIT-LISTES-SHAREPOINT-20260913-163200-LISTE-059";"";"";"";"";"AUDIT LISTE SHAREPOINT";"";"";"";"Non";"Non";"Non";"Liste=Présentations composées; Elements=18; Colonnes=89; Vues=2";"01-DSE-AUDIT-LISTES-SHAREPOINT-20260913-163200-LISTE-059";"JOURNAL - TYPEEVENEMENT - AUDIT | JOURNAL - SOURCE - SCRIPT | JOURNAL - RESULTAT - SUCCES";"";"";"";"";"";"";"";"";"09/17/2026 14:00:51";"09/13/2026 14:33:32";"";""
"945";"01-DSE-AUDIT-LISTES-SHAREPOINT-20260913-163200-LISTE-060";"";"";"";"";"AUDIT LISTE SHAREPOINT";"";"";"";"Non";"Non";"Non";"Liste=TaxonomyHiddenList; Elements=12; Colonnes=194; Vues=1";"01-DSE-AUDIT-LISTES-SHAREPOINT-20260913-163200-LISTE-060";"JOURNAL - TYPEEVENEMENT - AUDIT | JOURNAL - SOURCE - SCRIPT | JOURNAL - RESULTAT - SUCCES";"";"";"";"";"";"";"";"";"09/17/2026 14:00:54";"09/13/2026 14:33:34";"";""
"946";"01-DSE-AUDIT-LISTES-SHAREPOINT-20260913-163200-FIN";"";"";"";"";"FIN AUDIT LISTES SHAREPOINT";"";"";"";"Non";"Non";"Non";"Listes=60; Elements=38046; ListesVides=7; CSV=C:\Users\PascalZIMMER_b9lyro1\DemainSite\DEM - Ecosysteme\DSE-RAPPORTS\AUDITS\01-DSE-AUDIT-LISTES-SHAREPOINT-20260913-163200.csv; TXT=C:\Users\PascalZIMMER_b9lyro1\DemainSite\DEM - Ecosysteme\DSE-RAPPORTS\AUDITS\01-DSE-AUDIT-LISTES-SHAREPOINT-20260913-163200.txt";"01-DSE-AUDIT-LISTES-SHAREPOINT-20260913-163200-FIN";"JOURNAL - TYPEEVENEMENT - AUDIT | JOURNAL - SOURCE - SCRIPT | JOURNAL - RESULTAT - SUCCES";"";"";"";"";"";"";"";"";"09/17/2026 14:00:54";"09/13/2026 14:33:35";"";""
"947";"01-DSE-AUDIT-LISTES-SHAREPOINT-20260913-164235-DEBUT";"";"";"";"09/13/2026 16:42:36";"DEBUT AUDIT LISTES";"";"";"";"Non";"Non";"Non";"Démarrage audit individuel des listes SharePoint.";"01-DSE-AUDIT-LISTES-SHAREPOINT-20260913-164235-DEBUT";"JOURNAL - TYPEEVENEMENT - CONTROLE | JOURNAL - SOURCE - SCRIPT | JOURNAL - RESULTAT - SUCCES";"";"";"";"";"";"";"";"";"09/17/2026 14:00:56";"09/13/2026 14:42:38";"";""
"948";"01-DSE-AUDIT-LISTES-SHAREPOINT-20260913-164235-LISTE-001";"";"";"";"09/13/2026 16:42:39";"LISTE VIDE";"";"";"";"Oui";"Non";"Non";"Liste=appdata; Elements=0; Colonnes=83; Vues=0; URL=/sites/Bibliotheque/_catalogs/appdata";"01-DSE-AUDIT-LISTES-SHAREPOINT-20260913-164235-LISTE-001";"JOURNAL - TYPEEVENEMENT - CONTROLE | JOURNAL - SOURCE - SCRIPT | JOURNAL - RESULTAT - AVERTISSEMENT";"";"";"";"";"";"";"";"";"09/17/2026 14:00:58";"09/13/2026 14:42:41";"";""
"949";"01-DSE-AUDIT-LISTES-SHAREPOINT-20260913-164235-LISTE-002";"";"";"";"09/13/2026 16:42:40";"LISTE VIDE";"";"";"";"Oui";"Non";"Non";"Liste=Demandes d'accès; Elements=0; Colonnes=118; Vues=5; URL=/sites/Bibliotheque/Demandes daccs";"01-DSE-AUDIT-LISTES-SHAREPOINT-20260913-164235-LISTE-002";"JOURNAL - TYPEEVENEMENT - CONTROLE | JOURNAL - SOURCE - SCRIPT | JOURNAL - RESULTAT - AVERTISSEMENT";"";"";"";"";"";"";"";"";"09/17/2026 14:00:59";"09/13/2026 14:42:42";"";""
"950";"01-DSE-AUDIT-LISTES-SHAREPOINT-20260913-164235-LISTE-003";"";"";"";"09/13/2026 16:42:42";"LISTE CONTROLEE";"";"";"";"Non";"Non";"Non";"Liste=Extensions de modèle web; Elements=242; Colonnes=104; Vues=0; URL=/sites/Bibliotheque/_catalogs/wte";"01-DSE-AUDIT-LISTES-SHAREPOINT-20260913-164235-LISTE-003";"JOURNAL - TYPEEVENEMENT - CONTROLE | JOURNAL - SOURCE - SCRIPT | JOURNAL - RESULTAT - SUCCES";"";"";"";"";"";"";"";"";"09/17/2026 14:01:01";"09/13/2026 14:42:44";"";""
"951";"01-DSE-AUDIT-LISTES-SHAREPOINT-20260913-164235-LISTE-004";"";"";"";"09/13/2026 16:42:43";"LISTE CONTROLEE";"";"";"";"Non";"Non";"Non";"Liste=Liens manquants du site SharePoint; Elements=4; Colonnes=89; Vues=2; URL=/sites/Bibliotheque/_catalogs/missinglinks";"01-DSE-AUDIT-LISTES-SHAREPOINT-20260913-164235-LISTE-004";"JOURNAL - TYPEEVENEMENT - CONTROLE | JOURNAL - SOURCE - SCRIPT | JOURNAL - RESULTAT - SUCCES";"";"";"";"";"";"";"";"";"09/17/2026 14:01:03";"09/13/2026 14:42:46";"";""
"952";"01-DSE-AUDIT-LISTES-SHAREPOINT-20260913-164235-LISTE-005";"";"";"";"09/13/2026 16:42:45";"LISTE CONTROLEE";"";"";"";"Non";"Non";"Non";"Liste=Liste d'informations utilisateur; Elements=24; Colonnes=133; Vues=3; URL=/sites/Bibliotheque/_catalogs/users";"01-DSE-AUDIT-LISTES-SHAREPOINT-20260913-164235-LISTE-005";"JOURNAL - TYPEEVENEMENT - CONTROLE | JOURNAL - SOURCE - SCRIPT | JOURNAL - RESULTAT - SUCCES";"";"";"";"";"";"";"";"";"09/17/2026 14:01:04";"09/13/2026 14:42:46";"";""
"953";"01-DSE-AUDIT-LISTES-SHAREPOINT-20260913-164235-LISTE-006";"";"";"";"09/13/2026 16:42:46";"LISTE CONTROLEE";"";"";"";"Non";"Non";"Non";"Liste=OBJ; Elements=237; Colonnes=134; Vues=9; URL=/sites/Bibliotheque/Lists/OBJ";"01-DSE-AUDIT-LISTES-SHAREPOINT-20260913-164235-LISTE-006";"JOURNAL - TYPEEVENEMENT - CONTROLE | JOURNAL - SOURCE - SCRIPT | JOURNAL - RESULTAT - SUCCES";"";"";"";"";"";"";"";"";"09/17/2026 14:01:06";"09/13/2026 14:42:48";"";""
"954";"01-DSE-AUDIT-LISTES-SHAREPOINT-20260913-164235-LISTE-007";"";"";"";"09/13/2026 16:42:47";"LISTE VIDE";"";"";"";"Oui";"Non";"Non";"Liste=OBJ-ACT; Elements=0; Colonnes=103; Vues=1; URL=/sites/Bibliotheque/Lists/OBJACT";"01-DSE-AUDIT-LISTES-SHAREPOINT-20260913-164235-LISTE-007";"JOURNAL - TYPEEVENEMENT - CONTROLE | JOURNAL - SOURCE - SCRIPT | JOURNAL - RESULTAT - AVERTISSEMENT";"";"";"";"";"";"";"";"";"09/17/2026 14:01:07";"09/13/2026 14:42:49";"";""
"955";"01-DSE-AUDIT-LISTES-SHAREPOINT-20260913-164235-LISTE-008";"";"";"";"09/13/2026 16:42:49";"LISTE CONTROLEE";"";"";"";"Non";"Non";"Non";"Liste=OBJ-AUDIT; Elements=2; Colonnes=99; Vues=1; URL=/sites/Bibliotheque/Lists/OBJAUDIT";"01-DSE-AUDIT-LISTES-SHAREPOINT-20260913-164235-LISTE-008";"JOURNAL - TYPEEVENEMENT - CONTROLE | JOURNAL - SOURCE - SCRIPT | JOURNAL - RESULTAT - SUCCES";"";"";"";"";"";"";"";"";"09/17/2026 14:01:10";"09/13/2026 14:42:51";"";""
"956";"01-DSE-AUDIT-LISTES-SHAREPOINT-20260913-164235-LISTE-009";"";"";"";"09/13/2026 16:42:50";"LISTE CONTROLEE";"";"";"";"Non";"Non";"Non";"Liste=OBJ-GEO-CAPITALE; Elements=249; Colonnes=111; Vues=6; URL=/sites/Bibliotheque/Lists/OBJGEOCAPITALE";"01-DSE-AUDIT-LISTES-SHAREPOINT-20260913-164235-LISTE-009";"JOURNAL - TYPEEVENEMENT - CONTROLE | JOURNAL - SOURCE - SCRIPT | JOURNAL - RESULTAT - SUCCES";"";"";"";"";"";"";"";"";"09/17/2026 14:01:10";"09/13/2026 14:42:52";"";""
"957";"01-DSE-AUDIT-LISTES-SHAREPOINT-20260913-164235-LISTE-010";"";"";"";"09/13/2026 16:42:52";"LISTE CONTROLEE";"";"";"";"Non";"Non";"Non";"Liste=OBJ-GEO-CONTINENT; Elements=7; Colonnes=105; Vues=6; URL=/sites/Bibliotheque/Lists/OBJGEOCONTINENT";"01-DSE-AUDIT-LISTES-SHAREPOINT-20260913-164235-LISTE-010";"JOURNAL - TYPEEVENEMENT - CONTROLE | JOURNAL - SOURCE - SCRIPT | JOURNAL - RESULTAT - SUCCES";"";"";"";"";"";"";"";"";"09/17/2026 14:01:13";"09/13/2026 14:42:54";"";""
"958";"01-DSE-AUDIT-LISTES-SHAREPOINT-20260913-164235-LISTE-011";"";"";"";"09/13/2026 16:42:53";"LISTE CONTROLEE";"";"";"";"Non";"Non";"Non";"Liste=OBJ-GEO-DEPARTEMENT; Elements=101; Colonnes=117; Vues=6; URL=/sites/Bibliotheque/Lists/OBJGEODEPARTEMENT";"01-DSE-AUDIT-LISTES-SHAREPOINT-20260913-164235-LISTE-011";"JOURNAL - TYPEEVENEMENT - CONTROLE | JOURNAL - SOURCE - SCRIPT | JOURNAL - RESULTAT - SUCCES";"";"";"";"";"";"";"";"";"09/17/2026 14:01:13";"09/13/2026 14:42:55";"";""
"959";"01-DSE-AUDIT-LISTES-SHAREPOINT-20260913-164235-LISTE-012";"";"";"";"09/13/2026 16:42:54";"LISTE CONTROLEE";"";"";"";"Non";"Non";"Non";"Liste=OBJ-GEO-DEVISE; Elements=154; Colonnes=106; Vues=6; URL=/sites/Bibliotheque/Lists/OBJGEODEVISE";"01-DSE-AUDIT-LISTES-SHAREPOINT-20260913-164235-LISTE-012";"JOURNAL - TYPEEVENEMENT - CONTROLE | JOURNAL - SOURCE - SCRIPT | JOURNAL - RESULTAT - SUCCES";"";"";"";"";"";"";"";"";"09/17/2026 14:01:15";"09/13/2026 14:42:56";"";""
"960";"01-DSE-AUDIT-LISTES-SHAREPOINT-20260913-164235-LISTE-013";"";"";"";"09/13/2026 16:42:56";"LISTE CONTROLEE";"";"";"";"Non";"Non";"Non";"Liste=OBJ-GEO-FUSEAU-HORAIRE; Elements=38; Colonnes=107; Vues=6; URL=/sites/Bibliotheque/Lists/OBJGEOFUSEAUHORAIRE";"01-DSE-AUDIT-LISTES-SHAREPOINT-20260913-164235-LISTE-013";"JOURNAL - TYPEEVENEMENT - CONTROLE | JOURNAL - SOURCE - SCRIPT | JOURNAL - RESULTAT - SUCCES";"";"";"";"";"";"";"";"";"09/17/2026 14:01:16";"09/13/2026 14:42:58";"";""
"961";"01-DSE-AUDIT-LISTES-SHAREPOINT-20260913-164235-LISTE-014";"";"";"";"09/13/2026 16:42:57";"LISTE CONTROLEE";"";"";"";"Non";"Non";"Non";"Liste=OBJ-GEO-LANGUE; Elements=112; Colonnes=108; Vues=17; URL=/sites/Bibliotheque/Lists/OBJGEOLANGUE";"01-DSE-AUDIT-LISTES-SHAREPOINT-20260913-164235-LISTE-014";"JOURNAL - TYPEEVENEMENT - CONTROLE | JOURNAL - SOURCE - SCRIPT | JOURNAL - RESULTAT - SUCCES";"";"";"";"";"";"";"";"";"09/17/2026 14:01:18";"09/13/2026 14:42:59";"";""
"962";"01-DSE-AUDIT-LISTES-SHAREPOINT-20260913-164235-LISTE-015";"";"";"";"09/13/2026 16:42:59";"LISTE CONTROLEE";"";"";"";"Non";"Non";"Non";"Liste=OBJ-GEO-NATIONALITE; Elements=249; Colonnes=111; Vues=6; URL=/sites/Bibliotheque/Lists/OBJGEONATIONALITE";"01-DSE-AUDIT-LISTES-SHAREPOINT-20260913-164235-LISTE-015";"JOURNAL - TYPEEVENEMENT - CONTROLE | JOURNAL - SOURCE - SCRIPT | JOURNAL - RESULTAT - SUCCES";"";"";"";"";"";"";"";"";"09/17/2026 14:01:19";"09/13/2026 14:43:01";"";""
"963";"01-DSE-AUDIT-LISTES-SHAREPOINT-20260913-164235-LISTE-016";"";"";"";"09/13/2026 16:43:00";"LISTE CONTROLEE";"";"";"";"Non";"Non";"Non";"Liste=OBJ-GEO-PAYS; Elements=249; Colonnes=117; Vues=6; URL=/sites/Bibliotheque/Lists/OBJGEOPAYS";"01-DSE-AUDIT-LISTES-SHAREPOINT-20260913-164235-LISTE-016";"JOURNAL - TYPEEVENEMENT - CONTROLE | JOURNAL - SOURCE - SCRIPT | JOURNAL - RESULTAT - SUCCES";"";"";"";"";"";"";"";"";"09/17/2026 14:01:21";"09/13/2026 14:43:02";"";""
"964";"01-DSE-AUDIT-LISTES-SHAREPOINT-20260913-164235-LISTE-017";"";"";"";"09/13/2026 16:43:02";"LISTE CONTROLEE";"";"";"";"Non";"Non";"Non";"Liste=OBJ-GEO-REGION; Elements=18; Colonnes=119; Vues=6; URL=/sites/Bibliotheque/Lists/OBJGEOREGION";"01-DSE-AUDIT-LISTES-SHAREPOINT-20260913-164235-LISTE-017";"JOURNAL - TYPEEVENEMENT - CONTROLE | JOURNAL - SOURCE - SCRIPT | JOURNAL - RESULTAT - SUCCES";"";"";"";"";"";"";"";"";"09/17/2026 14:01:22";"09/13/2026 14:43:04";"";""
"965";"01-DSE-AUDIT-LISTES-SHAREPOINT-20260913-164235-LISTE-018";"";"";"";"09/13/2026 16:43:03";"LISTE CONTROLEE";"";"";"";"Non";"Non";"Non";"Liste=OBJ-GEO-SOURCE; Elements=6; Colonnes=117; Vues=4; URL=/sites/Bibliotheque/Lists/OBJGEOSOURCE";"01-DSE-AUDIT-LISTES-SHAREPOINT-20260913-164235-LISTE-018";"JOURNAL - TYPEEVENEMENT - CONTROLE | JOURNAL - SOURCE - SCRIPT | JOURNAL - RESULTAT - SUCCES";"";"";"";"";"";"";"";"";"09/17/2026 14:01:24";"09/13/2026 14:43:05";"";""
"966";"01-DSE-AUDIT-LISTES-SHAREPOINT-20260913-164235-LISTE-019";"";"";"";"09/13/2026 16:43:05";"LISTE CONTROLEE";"";"";"";"Non";"Non";"Non";"Liste=OBJ-GEO-STATUT; Elements=22; Colonnes=106; Vues=6; URL=/sites/Bibliotheque/Lists/OBJGEOSTATUT";"01-DSE-AUDIT-LISTES-SHAREPOINT-20260913-164235-LISTE-019";"JOURNAL - TYPEEVENEMENT - CONTROLE | JOURNAL - SOURCE - SCRIPT | JOURNAL - RESULTAT - SUCCES";"";"";"";"";"";"";"";"";"09/17/2026 14:01:25";"09/13/2026 14:43:07";"";""
"967";"01-DSE-AUDIT-LISTES-SHAREPOINT-20260913-164235-LISTE-020";"";"";"";"09/13/2026 16:43:06";"LISTE CONTROLEE";"";"";"";"Non";"Non";"Non";"Liste=OBJ-GEO-TERRITOIRE; Elements=9; Colonnes=114; Vues=5; URL=/sites/Bibliotheque/Lists/OBJGEOTERRITOIRE";"01-DSE-AUDIT-LISTES-SHAREPOINT-20260913-164235-LISTE-020";"JOURNAL - TYPEEVENEMENT - CONTROLE | JOURNAL - SOURCE - SCRIPT | JOURNAL - RESULTAT - SUCCES";"";"";"";"";"";"";"";"";"09/17/2026 14:01:27";"09/13/2026 14:43:08";"";""
"968";"01-DSE-AUDIT-LISTES-SHAREPOINT-20260913-164235-LISTE-021";"";"";"";"09/13/2026 16:43:07";"LISTE CONTROLEE";"";"";"";"Non";"Non";"Non";"Liste=OBJ-GEO-VILLE; Elements=34868; Colonnes=113; Vues=6; URL=/sites/Bibliotheque/Lists/OBJGEOVILLE";"01-DSE-AUDIT-LISTES-SHAREPOINT-20260913-164235-LISTE-021";"JOURNAL - TYPEEVENEMENT - CONTROLE | JOURNAL - SOURCE - SCRIPT | JOURNAL - RESULTAT - SUCCES";"";"";"";"";"";"";"";"";"09/17/2026 14:01:28";"09/13/2026 14:43:09";"";""
"969";"01-DSE-AUDIT-LISTES-SHAREPOINT-20260913-164235-LISTE-022";"";"";"";"09/13/2026 16:43:09";"LISTE CONTROLEE";"";"";"";"Non";"Non";"Non";"Liste=OBJ-GEO-ZONE; Elements=35; Colonnes=104; Vues=5; URL=/sites/Bibliotheque/Lists/OBJGEOZONE";"01-DSE-AUDIT-LISTES-SHAREPOINT-20260913-164235-LISTE-022";"JOURNAL - TYPEEVENEMENT - CONTROLE | JOURNAL - SOURCE - SCRIPT | JOURNAL - RESULTAT - SUCCES";"";"";"";"";"";"";"";"";"09/17/2026 14:01:30";"09/13/2026 14:43:11";"";""
"970";"01-DSE-AUDIT-LISTES-SHAREPOINT-20260913-164235-LISTE-023";"";"";"";"09/13/2026 16:43:10";"LISTE CONTROLEE";"";"";"";"Non";"Non";"Non";"Liste=OBJ-JRN; Elements=946; Colonnes=101; Vues=1; URL=/sites/Bibliotheque/Lists/OBJJRN";"01-DSE-AUDIT-LISTES-SHAREPOINT-20260913-164235-LISTE-023";"JOURNAL - TYPEEVENEMENT - CONTROLE | JOURNAL - SOURCE - SCRIPT | JOURNAL - RESULTAT - SUCCES";"";"";"";"";"";"";"";"";"09/17/2026 14:01:32";"09/13/2026 14:43:12";"";""
"971";"01-DSE-AUDIT-LISTES-SHAREPOINT-20260913-164235-LISTE-024";"";"";"";"09/13/2026 16:43:12";"LISTE CONTROLEE";"";"";"";"Non";"Non";"Non";"Liste=OBJ-JRN-GEO; Elements=74; Colonnes=110; Vues=1; URL=/sites/Bibliotheque/Lists/OBJJRNGEO";"01-DSE-AUDIT-LISTES-SHAREPOINT-20260913-164235-LISTE-024";"JOURNAL - TYPEEVENEMENT - CONTROLE | JOURNAL - SOURCE - SCRIPT | JOURNAL - RESULTAT - SUCCES";"";"";"";"";"";"";"";"";"09/17/2026 14:01:33";"09/13/2026 14:43:14";"";""
"972";"01-DSE-AUDIT-LISTES-SHAREPOINT-20260913-164235-LISTE-025";"";"";"";"09/13/2026 16:43:13";"LISTE CONTROLEE";"";"";"";"Non";"Non";"Non";"Liste=OBJ-LST; Elements=52; Colonnes=106; Vues=8; URL=/sites/Bibliotheque/Lists/OBJLST";"01-DSE-AUDIT-LISTES-SHAREPOINT-20260913-164235-LISTE-025";"JOURNAL - TYPEEVENEMENT - CONTROLE | JOURNAL - SOURCE - SCRIPT | JOURNAL - RESULTAT - SUCCES";"";"";"";"";"";"";"";"";"09/17/2026 14:01:35";"09/13/2026 14:43:15";"";""
"973";"01-DSE-AUDIT-LISTES-SHAREPOINT-20260913-164235-LISTE-026";"";"";"";"09/13/2026 16:43:15";"LISTE VIDE";"";"";"";"Oui";"Non";"Non";"Liste=OBJ-MODULE; Elements=0; Colonnes=85; Vues=1; URL=/sites/Bibliotheque/Lists/OBJMODULE";"01-DSE-AUDIT-LISTES-SHAREPOINT-20260913-164235-LISTE-026";"JOURNAL - TYPEEVENEMENT - CONTROLE | JOURNAL - SOURCE - SCRIPT | JOURNAL - RESULTAT - AVERTISSEMENT";"";"";"";"";"";"";"";"";"09/17/2026 14:01:36";"09/13/2026 14:43:17";"";""
"974";"01-DSE-AUDIT-LISTES-SHAREPOINT-20260913-164235-LISTE-027";"";"";"";"09/13/2026 16:43:16";"LISTE CONTROLEE";"";"";"";"Non";"Non";"Non";"Liste=OBJ-ORG; Elements=4; Colonnes=108; Vues=10; URL=/sites/Bibliotheque/Lists/OBJORG";"01-DSE-AUDIT-LISTES-SHAREPOINT-20260913-164235-LISTE-027";"JOURNAL - TYPEEVENEMENT - CONTROLE | JOURNAL - SOURCE - SCRIPT | JOURNAL - RESULTAT - SUCCES";"";"";"";"";"";"";"";"";"09/17/2026 14:01:39";"09/13/2026 14:43:18";"";""
"975";"01-DSE-AUDIT-LISTES-SHAREPOINT-20260913-164235-LISTE-028";"";"";"";"09/13/2026 16:43:18";"LISTE CONTROLEE";"";"";"";"Non";"Non";"Non";"Liste=OBJ-ORG-COMPTE; Elements=4; Colonnes=101; Vues=4; URL=/sites/Bibliotheque/Lists/OBJORGCOMPTE";"01-DSE-AUDIT-LISTES-SHAREPOINT-20260913-164235-LISTE-028";"JOURNAL - TYPEEVENEMENT - CONTROLE | JOURNAL - SOURCE - SCRIPT | JOURNAL - RESULTAT - SUCCES";"";"";"";"";"";"";"";"";"09/17/2026 14:01:39";"09/13/2026 14:43:20";"";""
"976";"01-DSE-AUDIT-LISTES-SHAREPOINT-20260913-164235-LISTE-029";"";"";"";"09/13/2026 16:43:19";"LISTE CONTROLEE";"";"";"";"Non";"Non";"Non";"Liste=OBJ-ORG-CONTACT; Elements=2; Colonnes=105; Vues=4; URL=/sites/Bibliotheque/Lists/OBJORGCONTACT";"01-DSE-AUDIT-LISTES-SHAREPOINT-20260913-164235-LISTE-029";"JOURNAL - TYPEEVENEMENT - CONTROLE | JOURNAL - SOURCE - SCRIPT | JOURNAL - RESULTAT - SUCCES";"";"";"";"";"";"";"";"";"09/17/2026 14:01:41";"09/13/2026 14:43:21";"";""
"977";"01-DSE-AUDIT-LISTES-SHAREPOINT-20260913-164235-LISTE-030";"";"";"";"09/13/2026 16:43:21";"LISTE VIDE";"";"";"";"Oui";"Non";"Non";"Liste=OBJ-PWS; Elements=0; Colonnes=85; Vues=1; URL=/sites/Bibliotheque/Lists/OBJPWS";"01-DSE-AUDIT-LISTES-SHAREPOINT-20260913-164235-LISTE-030";"JOURNAL - TYPEEVENEMENT - CONTROLE | JOURNAL - SOURCE - SCRIPT | JOURNAL - RESULTAT - AVERTISSEMENT";"";"";"";"";"";"";"";"";"09/17/2026 14:01:42";"09/13/2026 14:43:23";"";""
"978";"01-DSE-AUDIT-LISTES-SHAREPOINT-20260913-164235-LISTE-031";"";"";"";"09/13/2026 16:43:23";"LISTE CONTROLEE";"";"";"";"Non";"Non";"Non";"Liste=OBJ-REF-00-TYPES-OBJETS; Elements=22; Colonnes=99; Vues=5; URL=/sites/Bibliotheque/Lists/OBJREF00";"01-DSE-AUDIT-LISTES-SHAREPOINT-20260913-164235-LISTE-031";"JOURNAL - TYPEEVENEMENT - CONTROLE | JOURNAL - SOURCE - SCRIPT | JOURNAL - RESULTAT - SUCCES";"";"";"";"";"";"";"";"";"09/17/2026 14:01:44";"09/13/2026 14:43:25";"";""
"979";"01-DSE-AUDIT-LISTES-SHAREPOINT-20260913-164235-LISTE-032";"";"";"";"09/13/2026 16:43:25";"LISTE CONTROLEE";"";"";"";"Non";"Non";"Non";"Liste=OBJ-REF-01-FAMILLES-OBJETS; Elements=8; Colonnes=92; Vues=4; URL=/sites/Bibliotheque/Lists/OBJREF01FAMILLESOBJETS";"01-DSE-AUDIT-LISTES-SHAREPOINT-20260913-164235-LISTE-032";"JOURNAL - TYPEEVENEMENT - CONTROLE | JOURNAL - SOURCE - SCRIPT | JOURNAL - RESULTAT - SUCCES";"";"";"";"";"";"";"";"";"09/17/2026 14:01:45";"09/13/2026 14:43:27";"";""
"980";"01-DSE-AUDIT-LISTES-SHAREPOINT-20260913-164235-LISTE-033";"";"";"";"09/13/2026 16:43:26";"LISTE CONTROLEE";"";"";"";"Non";"Non";"Non";"Liste=OBJ-REF-02-CATEGORIES-OBJETS; Elements=10; Colonnes=93; Vues=4; URL=/sites/Bibliotheque/Lists/OBJREF02CATEGORIESOBJETS";"01-DSE-AUDIT-LISTES-SHAREPOINT-20260913-164235-LISTE-033";"JOURNAL - TYPEEVENEMENT - CONTROLE | JOURNAL - SOURCE - SCRIPT | JOURNAL - RESULTAT - SUCCES";"";"";"";"";"";"";"";"";"09/17/2026 14:01:47";"09/13/2026 14:43:28";"";""
"981";"01-DSE-AUDIT-LISTES-SHAREPOINT-20260913-164235-LISTE-034";"";"";"";"09/13/2026 16:43:28";"LISTE CONTROLEE";"";"";"";"Non";"Non";"Non";"Liste=OBJ-REF-03-PROPRIETAIRES-REFERENTIELS; Elements=1; Colonnes=94; Vues=4; URL=/sites/Bibliotheque/Lists/OBJREF03PROPRIETAIRESREFERENTIELS";"01-DSE-AUDIT-LISTES-SHAREPOINT-20260913-164235-LISTE-034";"JOURNAL - TYPEEVENEMENT - CONTROLE | JOURNAL - SOURCE - SCRIPT | JOURNAL - RESULTAT - SUCCES";"";"";"";"";"";"";"";"";"09/17/2026 14:01:48";"09/13/2026 14:43:30";"";""
"982";"01-DSE-AUDIT-LISTES-SHAREPOINT-20260913-164235-LISTE-035";"";"";"";"09/13/2026 16:43:30";"LISTE CONTROLEE";"";"";"";"Non";"Non";"Non";"Liste=OBJ-REF-04-DOMAINES; Elements=12; Colonnes=92; Vues=4; URL=/sites/Bibliotheque/Lists/OBJREF04DOMAINES";"01-DSE-AUDIT-LISTES-SHAREPOINT-20260913-164235-LISTE-035";"JOURNAL - TYPEEVENEMENT - CONTROLE | JOURNAL - SOURCE - SCRIPT | JOURNAL - RESULTAT - SUCCES";"";"";"";"";"";"";"";"";"09/17/2026 14:01:50";"09/13/2026 14:43:32";"";""
"983";"01-DSE-AUDIT-LISTES-SHAREPOINT-20260913-164235-LISTE-036";"";"";"";"09/13/2026 16:43:31";"LISTE CONTROLEE";"";"";"";"Non";"Non";"Non";"Liste=OBJ-REF-10-TECHNOLOGIES; Elements=49; Colonnes=95; Vues=1; URL=/sites/Bibliotheque/Lists/OBJREF10";"01-DSE-AUDIT-LISTES-SHAREPOINT-20260913-164235-LISTE-036";"JOURNAL - TYPEEVENEMENT - CONTROLE | JOURNAL - SOURCE - SCRIPT | JOURNAL - RESULTAT - SUCCES";"";"";"";"";"";"";"";"";"09/17/2026 14:01:51";"09/13/2026 14:43:33";"";""
"984";"01-DSE-AUDIT-LISTES-SHAREPOINT-20260913-164235-LISTE-037";"";"";"";"09/13/2026 16:43:33";"LISTE CONTROLEE";"";"";"";"Non";"Non";"Non";"Liste=OBJ-REF-20-STATUTS-GENERAUX; Elements=17; Colonnes=99; Vues=1; URL=/sites/Bibliotheque/Lists/OBJREF20";"01-DSE-AUDIT-LISTES-SHAREPOINT-20260913-164235-LISTE-037";"JOURNAL - TYPEEVENEMENT - CONTROLE | JOURNAL - SOURCE - SCRIPT | JOURNAL - RESULTAT - SUCCES";"";"";"";"";"";"";"";"";"09/17/2026 14:01:53";"09/13/2026 14:43:35";"";""
"985";"01-DSE-AUDIT-LISTES-SHAREPOINT-20260913-164235-LISTE-038";"";"";"";"09/13/2026 16:43:34";"LISTE CONTROLEE";"";"";"";"Non";"Non";"Non";"Liste=OBJ-REF-30-PRIORITES; Elements=20; Colonnes=99; Vues=1; URL=/sites/Bibliotheque/Lists/OBJREF30";"01-DSE-AUDIT-LISTES-SHAREPOINT-20260913-164235-LISTE-038";"JOURNAL - TYPEEVENEMENT - CONTROLE | JOURNAL - SOURCE - SCRIPT | JOURNAL - RESULTAT - SUCCES";"";"";"";"";"";"";"";"";"09/17/2026 14:01:55";"09/13/2026 14:43:36";"";""
"986";"01-DSE-AUDIT-LISTES-SHAREPOINT-20260913-164235-LISTE-039";"";"";"";"09/13/2026 16:43:36";"LISTE CONTROLEE";"";"";"";"Non";"Non";"Non";"Liste=OBJ-REF-40-USAGES; Elements=18; Colonnes=99; Vues=1; URL=/sites/Bibliotheque/Lists/OBJREF40";"01-DSE-AUDIT-LISTES-SHAREPOINT-20260913-164235-LISTE-039";"JOURNAL - TYPEEVENEMENT - CONTROLE | JOURNAL - SOURCE - SCRIPT | JOURNAL - RESULTAT - SUCCES";"";"";"";"";"";"";"";"";"09/17/2026 14:01:57";"09/13/2026 14:43:38";"";""
"987";"01-DSE-AUDIT-LISTES-SHAREPOINT-20260913-164235-LISTE-040";"";"";"";"09/13/2026 16:43:37";"LISTE CONTROLEE";"";"";"";"Non";"Non";"Non";"Liste=OBJ-REF-50-ROLES; Elements=11; Colonnes=99; Vues=1; URL=/sites/Bibliotheque/Lists/OBJREF50";"01-DSE-AUDIT-LISTES-SHAREPOINT-20260913-164235-LISTE-040";"JOURNAL - TYPEEVENEMENT - CONTROLE | JOURNAL - SOURCE - SCRIPT | JOURNAL - RESULTAT - SUCCES";"";"";"";"";"";"";"";"";"09/17/2026 14:01:57";"09/13/2026 14:43:39";"";""
"988";"01-DSE-AUDIT-LISTES-SHAREPOINT-20260913-164235-LISTE-041";"";"";"";"09/13/2026 16:43:39";"LISTE CONTROLEE";"";"";"";"Non";"Non";"Non";"Liste=OBJ-REF-60-MODES-TRAITEMENT; Elements=16; Colonnes=99; Vues=1; URL=/sites/Bibliotheque/Lists/OBJREF60";"01-DSE-AUDIT-LISTES-SHAREPOINT-20260913-164235-LISTE-041";"JOURNAL - TYPEEVENEMENT - CONTROLE | JOURNAL - SOURCE - SCRIPT | JOURNAL - RESULTAT - SUCCES";"";"";"";"";"";"";"";"";"09/17/2026 14:02:00";"09/13/2026 14:43:41";"";""
"989";"01-DSE-AUDIT-LISTES-SHAREPOINT-20260913-164235-LISTE-042";"";"";"";"09/13/2026 16:43:40";"LISTE CONTROLEE";"";"";"";"Non";"Non";"Non";"Liste=OBJ-REF-70-RELATIONS; Elements=19; Colonnes=99; Vues=1; URL=/sites/Bibliotheque/Lists/OBJREF70";"01-DSE-AUDIT-LISTES-SHAREPOINT-20260913-164235-LISTE-042";"JOURNAL - TYPEEVENEMENT - CONTROLE | JOURNAL - SOURCE - SCRIPT | JOURNAL - RESULTAT - SUCCES";"";"";"";"";"";"";"";"";"09/17/2026 14:02:00";"09/13/2026 14:43:42";"";""
"990";"01-DSE-AUDIT-LISTES-SHAREPOINT-20260913-164235-LISTE-043";"";"";"";"09/13/2026 16:43:41";"LISTE CONTROLEE";"";"";"";"Non";"Non";"Non";"Liste=OBJ-REF-80-FREQUENCES; Elements=15; Colonnes=99; Vues=1; URL=/sites/Bibliotheque/Lists/OBJREF80";"01-DSE-AUDIT-LISTES-SHAREPOINT-20260913-164235-LISTE-043";"JOURNAL - TYPEEVENEMENT - CONTROLE | JOURNAL - SOURCE - SCRIPT | JOURNAL - RESULTAT - SUCCES";"";"";"";"";"";"";"";"";"09/17/2026 14:02:03";"09/13/2026 14:43:43";"";""
"991";"01-DSE-AUDIT-LISTES-SHAREPOINT-20260913-164235-LISTE-044";"";"";"";"09/13/2026 16:43:43";"LISTE CONTROLEE";"";"";"";"Non";"Non";"Non";"Liste=OBJ-REF-90-QUALITE; Elements=18; Colonnes=99; Vues=1; URL=/sites/Bibliotheque/Lists/OBJREF90";"01-DSE-AUDIT-LISTES-SHAREPOINT-20260913-164235-LISTE-044";"JOURNAL - TYPEEVENEMENT - CONTROLE | JOURNAL - SOURCE - SCRIPT | JOURNAL - RESULTAT - SUCCES";"";"";"";"";"";"";"";"";"09/17/2026 14:02:03";"09/13/2026 14:43:45";"";""
"992";"01-DSE-AUDIT-LISTES-SHAREPOINT-20260913-164235-LISTE-045";"";"";"";"09/13/2026 16:43:44";"LISTE CONTROLEE";"";"";"";"Non";"Non";"Non";"Liste=OBJ-REF-95-POWER-PAGES-COMPOSANTS; Elements=8; Colonnes=88; Vues=1; URL=/sites/Bibliotheque/Lists/OBJREF95";"01-DSE-AUDIT-LISTES-SHAREPOINT-20260913-164235-LISTE-045";"JOURNAL - TYPEEVENEMENT - CONTROLE | JOURNAL - SOURCE - SCRIPT | JOURNAL - RESULTAT - SUCCES";"";"";"";"";"";"";"";"";"09/17/2026 14:02:06";"09/13/2026 14:43:46";"";""
"993";"01-DSE-AUDIT-LISTES-SHAREPOINT-20260913-164235-LISTE-046";"";"";"";"09/13/2026 16:43:46";"LISTE CONTROLEE";"";"";"";"Non";"Non";"Non";"Liste=OBJ-REF-99-REGISTRE-REFERENTIELS; Elements=6; Colonnes=97; Vues=7; URL=/sites/Bibliotheque/Lists/OBJREF99REGISTREREFERENTIELS";"01-DSE-AUDIT-LISTES-SHAREPOINT-20260913-164235-LISTE-046";"JOURNAL - TYPEEVENEMENT - CONTROLE | JOURNAL - SOURCE - SCRIPT | JOURNAL - RESULTAT - SUCCES";"";"";"";"";"";"";"";"";"09/17/2026 14:02:06";"09/13/2026 14:43:48";"";""
"994";"01-DSE-AUDIT-LISTES-SHAREPOINT-20260913-164235-LISTE-047";"";"";"";"09/13/2026 16:43:47";"LISTE CONTROLEE";"";"";"";"Non";"Non";"Non";"Liste=OBJ-REF-DOMAINE; Elements=14; Colonnes=89; Vues=1; URL=/sites/Bibliotheque/Lists/OBJREFDOMAINE";"01-DSE-AUDIT-LISTES-SHAREPOINT-20260913-164235-LISTE-047";"JOURNAL - TYPEEVENEMENT - CONTROLE | JOURNAL - SOURCE - SCRIPT | JOURNAL - RESULTAT - SUCCES";"";"";"";"";"";"";"";"";"09/17/2026 14:02:08";"09/13/2026 14:43:49";"";""
"995";"01-DSE-AUDIT-LISTES-SHAREPOINT-20260913-164235-LISTE-048";"";"";"";"09/13/2026 16:43:49";"LISTE CONTROLEE";"";"";"";"Non";"Non";"Non";"Liste=OBJ-REF-LST-STATUT; Elements=7; Colonnes=89; Vues=1; URL=/sites/Bibliotheque/Lists/OBJREFLSTSTATUT";"01-DSE-AUDIT-LISTES-SHAREPOINT-20260913-164235-LISTE-048";"JOURNAL - TYPEEVENEMENT - CONTROLE | JOURNAL - SOURCE - SCRIPT | JOURNAL - RESULTAT - SUCCES";"";"";"";"";"";"";"";"";"09/17/2026 14:02:09";"09/13/2026 14:43:50";"";""
"996";"01-DSE-AUDIT-LISTES-SHAREPOINT-20260913-164235-LISTE-049";"";"";"";"09/13/2026 16:43:50";"LISTE CONTROLEE";"";"";"";"Non";"Non";"Non";"Liste=OBJ-REF-LST-TYPE; Elements=11; Colonnes=89; Vues=1; URL=/sites/Bibliotheque/Lists/OBJREFLSTTYPE";"01-DSE-AUDIT-LISTES-SHAREPOINT-20260913-164235-LISTE-049";"JOURNAL - TYPEEVENEMENT - CONTROLE | JOURNAL - SOURCE - SCRIPT | JOURNAL - RESULTAT - SUCCES";"";"";"";"";"";"";"";"";"09/17/2026 14:02:11";"09/13/2026 14:43:53";"";""
"997";"01-DSE-AUDIT-LISTES-SHAREPOINT-20260913-164235-LISTE-050";"";"";"";"09/13/2026 16:43:51";"LISTE CONTROLEE";"";"";"";"Non";"Non";"Non";"Liste=OBJ-REF-ORG-COMPTE-TYPE; Elements=11; Colonnes=89; Vues=2; URL=/sites/Bibliotheque/Lists/OBJREFORGCOMPTETYPE";"01-DSE-AUDIT-LISTES-SHAREPOINT-20260913-164235-LISTE-050";"JOURNAL - TYPEEVENEMENT - CONTROLE | JOURNAL - SOURCE - SCRIPT | JOURNAL - RESULTAT - SUCCES";"";"";"";"";"";"";"";"";"09/17/2026 14:02:12";"09/13/2026 14:43:53";"";""
"998";"01-DSE-AUDIT-LISTES-SHAREPOINT-20260913-164235-LISTE-051";"";"";"";"09/13/2026 16:43:53";"LISTE CONTROLEE";"";"";"";"Non";"Non";"Non";"Liste=OBJ-REF-ORG-CONTACT-TYPE; Elements=8; Colonnes=89; Vues=2; URL=/sites/Bibliotheque/Lists/OBJREFORGCONTACTTYPE";"01-DSE-AUDIT-LISTES-SHAREPOINT-20260913-164235-LISTE-051";"JOURNAL - TYPEEVENEMENT - CONTROLE | JOURNAL - SOURCE - SCRIPT | JOURNAL - RESULTAT - SUCCES";"";"";"";"";"";"";"";"";"09/17/2026 14:02:14";"09/13/2026 14:43:55";"";""
"999";"01-DSE-AUDIT-LISTES-SHAREPOINT-20260913-164235-LISTE-052";"";"";"";"09/13/2026 16:43:54";"LISTE CONTROLEE";"";"";"";"Non";"Non";"Non";"Liste=OBJ-REF-ORG-SECTEUR; Elements=9; Colonnes=89; Vues=2; URL=/sites/Bibliotheque/Lists/OBJREFORGSECTEUR";"01-DSE-AUDIT-LISTES-SHAREPOINT-20260913-164235-LISTE-052";"JOURNAL - TYPEEVENEMENT - CONTROLE | JOURNAL - SOURCE - SCRIPT | JOURNAL - RESULTAT - SUCCES";"";"";"";"";"";"";"";"";"09/17/2026 14:02:15";"09/13/2026 14:43:56";"";""
"1000";"01-DSE-AUDIT-LISTES-SHAREPOINT-20260913-164235-LISTE-053";"";"";"";"09/13/2026 16:43:56";"LISTE CONTROLEE";"";"";"";"Non";"Non";"Non";"Liste=OBJ-REF-ORG-STATUT; Elements=6; Colonnes=89; Vues=2; URL=/sites/Bibliotheque/Lists/OBJREFORGSTATUT";"01-DSE-AUDIT-LISTES-SHAREPOINT-20260913-164235-LISTE-053";"JOURNAL - TYPEEVENEMENT - CONTROLE | JOURNAL - SOURCE - SCRIPT | JOURNAL - RESULTAT - SUCCES";"";"";"";"";"";"";"";"";"09/17/2026 14:02:16";"09/13/2026 14:43:58";"";""
"1001";"01-DSE-AUDIT-LISTES-SHAREPOINT-20260913-164235-LISTE-054";"";"";"";"09/13/2026 16:43:57";"LISTE CONTROLEE";"";"";"";"Non";"Non";"Non";"Liste=OBJ-REF-ORG-TYPE; Elements=12; Colonnes=89; Vues=2; URL=/sites/Bibliotheque/Lists/OBJREFORGTYPE";"01-DSE-AUDIT-LISTES-SHAREPOINT-20260913-164235-LISTE-054";"JOURNAL - TYPEEVENEMENT - CONTROLE | JOURNAL - SOURCE - SCRIPT | JOURNAL - RESULTAT - SUCCES";"";"";"";"";"";"";"";"";"09/17/2026 14:02:19";"09/13/2026 14:43:59";"";""
"1002";"01-DSE-AUDIT-LISTES-SHAREPOINT-20260913-164235-LISTE-055";"";"";"";"09/13/2026 16:43:59";"LISTE CONTROLEE";"";"";"";"Non";"Non";"Non";"Liste=OBJ-REL; Elements=32; Colonnes=95; Vues=2; URL=/sites/Bibliotheque/Lists/OBJREL";"01-DSE-AUDIT-LISTES-SHAREPOINT-20260913-164235-LISTE-055";"JOURNAL - TYPEEVENEMENT - CONTROLE | JOURNAL - SOURCE - SCRIPT | JOURNAL - RESULTAT - SUCCES";"";"";"";"";"";"";"";"";"09/17/2026 14:02:19";"09/13/2026 14:44:00";"";""
"1003";"01-DSE-AUDIT-LISTES-SHAREPOINT-20260913-164235-LISTE-056";"";"";"";"09/13/2026 16:44:00";"LISTE CONTROLEE";"";"";"";"Non";"Non";"Non";"Liste=OBJ-SCR; Elements=10; Colonnes=101; Vues=9; URL=/sites/Bibliotheque/Lists/OBJSCR";"01-DSE-AUDIT-LISTES-SHAREPOINT-20260913-164235-LISTE-056";"JOURNAL - TYPEEVENEMENT - CONTROLE | JOURNAL - SOURCE - SCRIPT | JOURNAL - RESULTAT - SUCCES";"";"";"";"";"";"";"";"";"09/17/2026 14:02:21";"09/13/2026 14:44:02";"";""
"1004";"01-DSE-AUDIT-LISTES-SHAREPOINT-20260913-164235-LISTE-057";"";"";"";"09/13/2026 16:44:01";"LISTE VIDE";"";"";"";"Oui";"Non";"Non";"Liste=OBJ-SITE; Elements=0; Colonnes=85; Vues=1; URL=/sites/Bibliotheque/Lists/OBJSITE";"01-DSE-AUDIT-LISTES-SHAREPOINT-20260913-164235-LISTE-057";"JOURNAL - TYPEEVENEMENT - CONTROLE | JOURNAL - SOURCE - SCRIPT | JOURNAL - RESULTAT - AVERTISSEMENT";"";"";"";"";"";"";"";"";"09/17/2026 14:02:22";"09/13/2026 14:44:03";"";""
"1005";"01-DSE-AUDIT-LISTES-SHAREPOINT-20260913-164235-LISTE-058";"";"";"";"09/13/2026 16:44:03";"LISTE VIDE";"";"";"";"Oui";"Non";"Non";"Liste=OBJ-STATUT; Elements=0; Colonnes=85; Vues=1; URL=/sites/Bibliotheque/Lists/OBJSTATUT";"01-DSE-AUDIT-LISTES-SHAREPOINT-20260913-164235-LISTE-058";"JOURNAL - TYPEEVENEMENT - CONTROLE | JOURNAL - SOURCE - SCRIPT | JOURNAL - RESULTAT - AVERTISSEMENT";"";"";"";"";"";"";"";"";"09/17/2026 14:02:24";"09/13/2026 14:44:05";"";""
"1006";"01-DSE-AUDIT-LISTES-SHAREPOINT-20260913-164235-LISTE-059";"";"";"";"09/13/2026 16:44:04";"LISTE CONTROLEE";"";"";"";"Non";"Non";"Non";"Liste=Présentations composées; Elements=18; Colonnes=89; Vues=2; URL=/sites/Bibliotheque/_catalogs/design";"01-DSE-AUDIT-LISTES-SHAREPOINT-20260913-164235-LISTE-059";"JOURNAL - TYPEEVENEMENT - CONTROLE | JOURNAL - SOURCE - SCRIPT | JOURNAL - RESULTAT - SUCCES";"";"";"";"";"";"";"";"";"09/17/2026 14:02:25";"09/13/2026 14:44:06";"";""
"1007";"01-DSE-AUDIT-LISTES-SHAREPOINT-20260913-164235-LISTE-060";"";"";"";"09/13/2026 16:44:06";"LISTE CONTROLEE";"";"";"";"Non";"Non";"Non";"Liste=TaxonomyHiddenList; Elements=12; Colonnes=194; Vues=1; URL=/sites/Bibliotheque/Lists/TaxonomyHiddenList";"01-DSE-AUDIT-LISTES-SHAREPOINT-20260913-164235-LISTE-060";"JOURNAL - TYPEEVENEMENT - CONTROLE | JOURNAL - SOURCE - SCRIPT | JOURNAL - RESULTAT - SUCCES";"";"";"";"";"";"";"";"";"09/17/2026 14:02:27";"09/13/2026 14:44:08";"";""
"1008";"01-DSE-AUDIT-LISTES-SHAREPOINT-20260913-164235-RAPPORT-CSV";"";"";"";"09/13/2026 16:44:07";"CREATION RAPPORT CSV";"";"";"";"Non";"Non";"Non";"Fichier=C:\Users\PascalZIMMER_b9lyro1\DemainSite\DEM - Ecosysteme\DSE-RAPPORTS\AUDITS\01-DSE-AUDIT-LISTES-SHAREPOINT-20260913-164235.csv";"01-DSE-AUDIT-LISTES-SHAREPOINT-20260913-164235-RAPPORT-CSV";"JOURNAL - TYPEEVENEMENT - CONTROLE | JOURNAL - SOURCE - SCRIPT | JOURNAL - RESULTAT - SUCCES";"";"";"";"";"";"";"";"";"09/17/2026 14:02:28";"09/13/2026 14:44:08";"";""
"1009";"01-DSE-AUDIT-LISTES-SHAREPOINT-20260913-164235-FIN";"";"";"";"09/13/2026 16:44:07";"FIN AUDIT LISTES";"";"";"";"Non";"Non";"Non";"Listes=60; Elements=38108; Vides=7; CSV=C:\Users\PascalZIMMER_b9lyro1\DemainSite\DEM - Ecosysteme\DSE-RAPPORTS\AUDITS\01-DSE-AUDIT-LISTES-SHAREPOINT-20260913-164235.csv; TXT=C:\Users\PascalZIMMER_b9lyro1\DemainSite\DEM - Ecosysteme\DSE-RAPPORTS\AUDITS\01-DSE-AUDIT-LISTES-SHAREPOINT-20260913-164235.txt";"01-DSE-AUDIT-LISTES-SHAREPOINT-20260913-164235-FIN";"JOURNAL - TYPEEVENEMENT - CONTROLE | JOURNAL - SOURCE - SCRIPT | JOURNAL - RESULTAT - SUCCES";"";"";"";"";"";"";"";"";"09/17/2026 14:02:30";"09/13/2026 14:44:09";"";""
"1010";"01-DSE-AUDIT-LISTES-SHAREPOINT-20260913-164601-DEBUT";"";"";"";"09/13/2026 16:46:02";"DEBUT AUDIT LISTES";"";"";"";"Non";"Non";"Non";"Démarrage audit individuel des listes SharePoint.";"01-DSE-AUDIT-LISTES-SHAREPOINT-20260913-164601-DEBUT";"JOURNAL - TYPEEVENEMENT - CONTROLE | JOURNAL - SOURCE - SCRIPT | JOURNAL - RESULTAT - SUCCES";"";"";"";"";"";"";"";"";"09/17/2026 14:02:31";"09/13/2026 14:46:05";"";""
"1011";"01-DSE-AUDIT-LISTES-SHAREPOINT-20260913-164601-LISTE-001";"";"";"";"09/13/2026 16:46:05";"LISTE VIDE";"";"";"";"Oui";"Non";"Non";"Liste=appdata; Elements=0; Colonnes=83; Vues=0; URL=/sites/Bibliotheque/_catalogs/appdata";"01-DSE-AUDIT-LISTES-SHAREPOINT-20260913-164601-LISTE-001";"JOURNAL - TYPEEVENEMENT - CONTROLE | JOURNAL - SOURCE - SCRIPT | JOURNAL - RESULTAT - AVERTISSEMENT";"";"";"";"";"";"";"";"";"09/17/2026 14:02:33";"09/13/2026 14:46:07";"";""
"1012";"01-DSE-AUDIT-LISTES-SHAREPOINT-20260913-164601-LISTE-002";"";"";"";"09/13/2026 16:46:07";"LISTE VIDE";"";"";"";"Oui";"Non";"Non";"Liste=Demandes d'accès; Elements=0; Colonnes=118; Vues=5; URL=/sites/Bibliotheque/Demandes daccs";"01-DSE-AUDIT-LISTES-SHAREPOINT-20260913-164601-LISTE-002";"JOURNAL - TYPEEVENEMENT - CONTROLE | JOURNAL - SOURCE - SCRIPT | JOURNAL - RESULTAT - AVERTISSEMENT";"";"";"";"";"";"";"";"";"09/17/2026 14:02:34";"09/13/2026 14:46:09";"";""
"1013";"01-DSE-AUDIT-LISTES-SHAREPOINT-20260913-164601-LISTE-003";"";"";"";"09/13/2026 16:46:08";"LISTE CONTROLEE";"";"";"";"Non";"Non";"Non";"Liste=Extensions de modèle web; Elements=242; Colonnes=104; Vues=0; URL=/sites/Bibliotheque/_catalogs/wte";"01-DSE-AUDIT-LISTES-SHAREPOINT-20260913-164601-LISTE-003";"JOURNAL - TYPEEVENEMENT - CONTROLE | JOURNAL - SOURCE - SCRIPT | JOURNAL - RESULTAT - SUCCES";"";"";"";"";"";"";"";"";"09/17/2026 14:02:36";"09/13/2026 14:46:10";"";""
"1014";"01-DSE-AUDIT-LISTES-SHAREPOINT-20260913-164601-LISTE-004";"";"";"";"09/13/2026 16:46:09";"LISTE CONTROLEE";"";"";"";"Non";"Non";"Non";"Liste=Liens manquants du site SharePoint; Elements=4; Colonnes=89; Vues=2; URL=/sites/Bibliotheque/_catalogs/missinglinks";"01-DSE-AUDIT-LISTES-SHAREPOINT-20260913-164601-LISTE-004";"JOURNAL - TYPEEVENEMENT - CONTROLE | JOURNAL - SOURCE - SCRIPT | JOURNAL - RESULTAT - SUCCES";"";"";"";"";"";"";"";"";"09/17/2026 14:02:37";"09/13/2026 14:46:11";"";""
"1015";"01-DSE-AUDIT-LISTES-SHAREPOINT-20260913-164601-LISTE-005";"";"";"";"09/13/2026 16:46:11";"LISTE CONTROLEE";"";"";"";"Non";"Non";"Non";"Liste=Liste d'informations utilisateur; Elements=24; Colonnes=133; Vues=3; URL=/sites/Bibliotheque/_catalogs/users";"01-DSE-AUDIT-LISTES-SHAREPOINT-20260913-164601-LISTE-005";"JOURNAL - TYPEEVENEMENT - CONTROLE | JOURNAL - SOURCE - SCRIPT | JOURNAL - RESULTAT - SUCCES";"";"";"";"";"";"";"";"";"09/17/2026 14:02:39";"09/13/2026 14:46:13";"";""
"1016";"01-DSE-AUDIT-LISTES-SHAREPOINT-20260913-164601-LISTE-006";"";"";"";"09/13/2026 16:46:12";"LISTE CONTROLEE";"";"";"";"Non";"Non";"Non";"Liste=OBJ; Elements=237; Colonnes=134; Vues=9; URL=/sites/Bibliotheque/Lists/OBJ";"01-DSE-AUDIT-LISTES-SHAREPOINT-20260913-164601-LISTE-006";"JOURNAL - TYPEEVENEMENT - CONTROLE | JOURNAL - SOURCE - SCRIPT | JOURNAL - RESULTAT - SUCCES";"";"";"";"";"";"";"";"";"09/17/2026 14:02:40";"09/13/2026 14:46:14";"";""
"1017";"01-DSE-AUDIT-LISTES-SHAREPOINT-20260913-164601-LISTE-007";"";"";"";"09/13/2026 16:46:14";"LISTE VIDE";"";"";"";"Oui";"Non";"Non";"Liste=OBJ-ACT; Elements=0; Colonnes=103; Vues=1; URL=/sites/Bibliotheque/Lists/OBJACT";"01-DSE-AUDIT-LISTES-SHAREPOINT-20260913-164601-LISTE-007";"JOURNAL - TYPEEVENEMENT - CONTROLE | JOURNAL - SOURCE - SCRIPT | JOURNAL - RESULTAT - AVERTISSEMENT";"";"";"";"";"";"";"";"";"09/17/2026 14:02:42";"09/13/2026 14:46:16";"";""
"1018";"01-DSE-AUDIT-LISTES-SHAREPOINT-20260913-164601-LISTE-008";"";"";"";"09/13/2026 16:46:15";"LISTE CONTROLEE";"";"";"";"Non";"Non";"Non";"Liste=OBJ-AUDIT; Elements=2; Colonnes=99; Vues=1; URL=/sites/Bibliotheque/Lists/OBJAUDIT";"01-DSE-AUDIT-LISTES-SHAREPOINT-20260913-164601-LISTE-008";"JOURNAL - TYPEEVENEMENT - CONTROLE | JOURNAL - SOURCE - SCRIPT | JOURNAL - RESULTAT - SUCCES";"";"";"";"";"";"";"";"";"09/17/2026 14:02:43";"09/13/2026 14:46:17";"";""
"1019";"01-DSE-AUDIT-LISTES-SHAREPOINT-20260913-164601-LISTE-009";"";"";"";"09/13/2026 16:46:17";"LISTE CONTROLEE";"";"";"";"Non";"Non";"Non";"Liste=OBJ-GEO-CAPITALE; Elements=249; Colonnes=111; Vues=6; URL=/sites/Bibliotheque/Lists/OBJGEOCAPITALE";"01-DSE-AUDIT-LISTES-SHAREPOINT-20260913-164601-LISTE-009";"JOURNAL - TYPEEVENEMENT - CONTROLE | JOURNAL - SOURCE - SCRIPT | JOURNAL - RESULTAT - SUCCES";"";"";"";"";"";"";"";"";"09/17/2026 14:02:45";"09/13/2026 14:46:19";"";""
"1020";"01-DSE-AUDIT-LISTES-SHAREPOINT-20260913-164601-LISTE-010";"";"";"";"09/13/2026 16:46:18";"LISTE CONTROLEE";"";"";"";"Non";"Non";"Non";"Liste=OBJ-GEO-CONTINENT; Elements=7; Colonnes=105; Vues=6; URL=/sites/Bibliotheque/Lists/OBJGEOCONTINENT";"01-DSE-AUDIT-LISTES-SHAREPOINT-20260913-164601-LISTE-010";"JOURNAL - TYPEEVENEMENT - CONTROLE | JOURNAL - SOURCE - SCRIPT | JOURNAL - RESULTAT - SUCCES";"";"";"";"";"";"";"";"";"09/17/2026 14:02:46";"09/13/2026 14:46:20";"";""
"1021";"01-DSE-AUDIT-LISTES-SHAREPOINT-20260913-164601-LISTE-011";"";"";"";"09/13/2026 16:46:20";"LISTE CONTROLEE";"";"";"";"Non";"Non";"Non";"Liste=OBJ-GEO-DEPARTEMENT; Elements=101; Colonnes=117; Vues=6; URL=/sites/Bibliotheque/Lists/OBJGEODEPARTEMENT";"01-DSE-AUDIT-LISTES-SHAREPOINT-20260913-164601-LISTE-011";"JOURNAL - TYPEEVENEMENT - CONTROLE | JOURNAL - SOURCE - SCRIPT | JOURNAL - RESULTAT - SUCCES";"";"";"";"";"";"";"";"";"09/17/2026 14:02:49";"09/13/2026 14:46:22";"";""
"1022";"01-DSE-AUDIT-LISTES-SHAREPOINT-20260913-164601-LISTE-012";"";"";"";"09/13/2026 16:46:21";"LISTE CONTROLEE";"";"";"";"Non";"Non";"Non";"Liste=OBJ-GEO-DEVISE; Elements=154; Colonnes=106; Vues=6; URL=/sites/Bibliotheque/Lists/OBJGEODEVISE";"01-DSE-AUDIT-LISTES-SHAREPOINT-20260913-164601-LISTE-012";"JOURNAL - TYPEEVENEMENT - CONTROLE | JOURNAL - SOURCE - SCRIPT | JOURNAL - RESULTAT - SUCCES";"";"";"";"";"";"";"";"";"09/17/2026 14:02:49";"09/13/2026 14:46:24";"";""
"1023";"01-DSE-AUDIT-LISTES-SHAREPOINT-20260913-164601-LISTE-013";"";"";"";"09/13/2026 16:46:23";"LISTE CONTROLEE";"";"";"";"Non";"Non";"Non";"Liste=OBJ-GEO-FUSEAU-HORAIRE; Elements=38; Colonnes=107; Vues=6; URL=/sites/Bibliotheque/Lists/OBJGEOFUSEAUHORAIRE";"01-DSE-AUDIT-LISTES-SHAREPOINT-20260913-164601-LISTE-013";"JOURNAL - TYPEEVENEMENT - CONTROLE | JOURNAL - SOURCE - SCRIPT | JOURNAL - RESULTAT - SUCCES";"";"";"";"";"";"";"";"";"09/17/2026 14:02:51";"09/13/2026 14:46:24";"";""
"1024";"01-DSE-AUDIT-LISTES-SHAREPOINT-20260913-164601-LISTE-014";"";"";"";"09/13/2026 16:46:24";"LISTE CONTROLEE";"";"";"";"Non";"Non";"Non";"Liste=OBJ-GEO-LANGUE; Elements=112; Colonnes=108; Vues=17; URL=/sites/Bibliotheque/Lists/OBJGEOLANGUE";"01-DSE-AUDIT-LISTES-SHAREPOINT-20260913-164601-LISTE-014";"JOURNAL - TYPEEVENEMENT - CONTROLE | JOURNAL - SOURCE - SCRIPT | JOURNAL - RESULTAT - SUCCES";"";"";"";"";"";"";"";"";"09/17/2026 14:02:52";"09/13/2026 14:46:26";"";""
"1025";"01-DSE-AUDIT-LISTES-SHAREPOINT-20260913-164601-LISTE-015";"";"";"";"09/13/2026 16:46:25";"LISTE CONTROLEE";"";"";"";"Non";"Non";"Non";"Liste=OBJ-GEO-NATIONALITE; Elements=249; Colonnes=111; Vues=6; URL=/sites/Bibliotheque/Lists/OBJGEONATIONALITE";"01-DSE-AUDIT-LISTES-SHAREPOINT-20260913-164601-LISTE-015";"JOURNAL - TYPEEVENEMENT - CONTROLE | JOURNAL - SOURCE - SCRIPT | JOURNAL - RESULTAT - SUCCES";"";"";"";"";"";"";"";"";"09/17/2026 14:02:54";"09/13/2026 14:46:27";"";""
"1026";"01-DSE-AUDIT-LISTES-SHAREPOINT-20260913-164601-LISTE-016";"";"";"";"09/13/2026 16:46:27";"LISTE CONTROLEE";"";"";"";"Non";"Non";"Non";"Liste=OBJ-GEO-PAYS; Elements=249; Colonnes=117; Vues=6; URL=/sites/Bibliotheque/Lists/OBJGEOPAYS";"01-DSE-AUDIT-LISTES-SHAREPOINT-20260913-164601-LISTE-016";"JOURNAL - TYPEEVENEMENT - CONTROLE | JOURNAL - SOURCE - SCRIPT | JOURNAL - RESULTAT - SUCCES";"";"";"";"";"";"";"";"";"09/17/2026 14:02:55";"09/13/2026 14:46:29";"";""
"1027";"01-DSE-AUDIT-LISTES-SHAREPOINT-20260913-164601-LISTE-017";"";"";"";"09/13/2026 16:46:28";"LISTE CONTROLEE";"";"";"";"Non";"Non";"Non";"Liste=OBJ-GEO-REGION; Elements=18; Colonnes=119; Vues=6; URL=/sites/Bibliotheque/Lists/OBJGEOREGION";"01-DSE-AUDIT-LISTES-SHAREPOINT-20260913-164601-LISTE-017";"JOURNAL - TYPEEVENEMENT - CONTROLE | JOURNAL - SOURCE - SCRIPT | JOURNAL - RESULTAT - SUCCES";"";"";"";"";"";"";"";"";"09/17/2026 14:02:57";"09/13/2026 14:46:30";"";""
"1028";"01-DSE-AUDIT-LISTES-SHAREPOINT-20260913-164601-LISTE-018";"";"";"";"09/13/2026 16:46:30";"LISTE CONTROLEE";"";"";"";"Non";"Non";"Non";"Liste=OBJ-GEO-SOURCE; Elements=6; Colonnes=117; Vues=4; URL=/sites/Bibliotheque/Lists/OBJGEOSOURCE";"01-DSE-AUDIT-LISTES-SHAREPOINT-20260913-164601-LISTE-018";"JOURNAL - HISTORIQUE NON CLASSIFIE";"";"";"";"";"";"";"";"";"09/17/2026 14:06:24";"09/13/2026 14:46:32";"";""
"1029";"01-DSE-AUDIT-LISTES-SHAREPOINT-20260913-164601-LISTE-019";"";"";"";"09/13/2026 16:46:31";"LISTE CONTROLEE";"";"";"";"Non";"Non";"Non";"Liste=OBJ-GEO-STATUT; Elements=22; Colonnes=106; Vues=6; URL=/sites/Bibliotheque/Lists/OBJGEOSTATUT";"01-DSE-AUDIT-LISTES-SHAREPOINT-20260913-164601-LISTE-019";"JOURNAL - HISTORIQUE NON CLASSIFIE";"";"";"";"";"";"";"";"";"09/17/2026 14:06:26";"09/13/2026 14:46:33";"";""
"1030";"01-DSE-AUDIT-LISTES-SHAREPOINT-20260913-164601-LISTE-020";"";"";"";"09/13/2026 16:46:33";"LISTE CONTROLEE";"";"";"";"Non";"Non";"Non";"Liste=OBJ-GEO-TERRITOIRE; Elements=9; Colonnes=114; Vues=5; URL=/sites/Bibliotheque/Lists/OBJGEOTERRITOIRE";"01-DSE-AUDIT-LISTES-SHAREPOINT-20260913-164601-LISTE-020";"JOURNAL - HISTORIQUE NON CLASSIFIE";"";"";"";"";"";"";"";"";"09/17/2026 14:06:27";"09/13/2026 14:46:35";"";""
"1031";"01-DSE-AUDIT-LISTES-SHAREPOINT-20260913-164601-LISTE-021";"";"";"";"09/13/2026 16:46:34";"LISTE CONTROLEE";"";"";"";"Non";"Non";"Non";"Liste=OBJ-GEO-VILLE; Elements=34868; Colonnes=113; Vues=6; URL=/sites/Bibliotheque/Lists/OBJGEOVILLE";"01-DSE-AUDIT-LISTES-SHAREPOINT-20260913-164601-LISTE-021";"JOURNAL - HISTORIQUE NON CLASSIFIE";"";"";"";"";"";"";"";"";"09/17/2026 14:06:29";"09/13/2026 14:46:36";"";""
"1032";"01-DSE-AUDIT-LISTES-SHAREPOINT-20260913-164601-LISTE-022";"";"";"";"09/13/2026 16:46:36";"LISTE CONTROLEE";"";"";"";"Non";"Non";"Non";"Liste=OBJ-GEO-ZONE; Elements=35; Colonnes=104; Vues=5; URL=/sites/Bibliotheque/Lists/OBJGEOZONE";"01-DSE-AUDIT-LISTES-SHAREPOINT-20260913-164601-LISTE-022";"JOURNAL - HISTORIQUE NON CLASSIFIE";"";"";"";"";"";"";"";"";"09/17/2026 14:06:29";"09/13/2026 14:46:38";"";""
"1033";"01-DSE-AUDIT-LISTES-SHAREPOINT-20260913-164601-LISTE-023";"";"";"";"09/13/2026 16:46:37";"LISTE CONTROLEE";"";"";"";"Non";"Non";"Non";"Liste=OBJ-JRN; Elements=1009; Colonnes=101; Vues=1; URL=/sites/Bibliotheque/Lists/OBJJRN";"01-DSE-AUDIT-LISTES-SHAREPOINT-20260913-164601-LISTE-023";"JOURNAL - HISTORIQUE NON CLASSIFIE";"";"";"";"";"";"";"";"";"09/17/2026 14:06:30";"09/13/2026 14:46:39";"";""
"1034";"01-DSE-AUDIT-LISTES-SHAREPOINT-20260913-164601-LISTE-024";"";"";"";"09/13/2026 16:46:39";"LISTE CONTROLEE";"";"";"";"Non";"Non";"Non";"Liste=OBJ-JRN-GEO; Elements=74; Colonnes=110; Vues=1; URL=/sites/Bibliotheque/Lists/OBJJRNGEO";"01-DSE-AUDIT-LISTES-SHAREPOINT-20260913-164601-LISTE-024";"JOURNAL - HISTORIQUE NON CLASSIFIE";"";"";"";"";"";"";"";"";"09/17/2026 14:06:31";"09/13/2026 14:46:41";"";""
"1035";"01-DSE-AUDIT-LISTES-SHAREPOINT-20260913-164601-LISTE-025";"";"";"";"09/13/2026 16:46:40";"LISTE CONTROLEE";"";"";"";"Non";"Non";"Non";"Liste=OBJ-LST; Elements=52; Colonnes=106; Vues=8; URL=/sites/Bibliotheque/Lists/OBJLST";"01-DSE-AUDIT-LISTES-SHAREPOINT-20260913-164601-LISTE-025";"JOURNAL - HISTORIQUE NON CLASSIFIE";"";"";"";"";"";"";"";"";"09/17/2026 14:06:33";"09/13/2026 14:46:42";"";""
"1036";"01-DSE-AUDIT-LISTES-SHAREPOINT-20260913-164601-LISTE-026";"";"";"";"09/13/2026 16:46:42";"LISTE VIDE";"";"";"";"Oui";"Non";"Non";"Liste=OBJ-MODULE; Elements=0; Colonnes=85; Vues=1; URL=/sites/Bibliotheque/Lists/OBJMODULE";"01-DSE-AUDIT-LISTES-SHAREPOINT-20260913-164601-LISTE-026";"JOURNAL - HISTORIQUE NON CLASSIFIE";"";"";"";"";"";"";"";"";"09/17/2026 14:06:34";"09/13/2026 14:46:44";"";""
"1037";"01-DSE-AUDIT-LISTES-SHAREPOINT-20260913-164601-LISTE-027";"";"";"";"09/13/2026 16:46:43";"LISTE CONTROLEE";"";"";"";"Non";"Non";"Non";"Liste=OBJ-ORG; Elements=4; Colonnes=108; Vues=10; URL=/sites/Bibliotheque/Lists/OBJORG";"01-DSE-AUDIT-LISTES-SHAREPOINT-20260913-164601-LISTE-027";"JOURNAL - HISTORIQUE NON CLASSIFIE";"";"";"";"";"";"";"";"";"09/17/2026 14:06:35";"09/13/2026 14:46:45";"";""
"1038";"01-DSE-AUDIT-LISTES-SHAREPOINT-20260913-164601-LISTE-028";"";"";"";"09/13/2026 16:46:45";"LISTE CONTROLEE";"";"";"";"Non";"Non";"Non";"Liste=OBJ-ORG-COMPTE; Elements=4; Colonnes=101; Vues=4; URL=/sites/Bibliotheque/Lists/OBJORGCOMPTE";"01-DSE-AUDIT-LISTES-SHAREPOINT-20260913-164601-LISTE-028";"JOURNAL - HISTORIQUE NON CLASSIFIE";"";"";"";"";"";"";"";"";"09/17/2026 14:06:37";"09/13/2026 14:46:47";"";""
"1039";"01-DSE-AUDIT-LISTES-SHAREPOINT-20260913-164601-LISTE-029";"";"";"";"09/13/2026 16:46:46";"LISTE CONTROLEE";"";"";"";"Non";"Non";"Non";"Liste=OBJ-ORG-CONTACT; Elements=2; Colonnes=105; Vues=4; URL=/sites/Bibliotheque/Lists/OBJORGCONTACT";"01-DSE-AUDIT-LISTES-SHAREPOINT-20260913-164601-LISTE-029";"JOURNAL - HISTORIQUE NON CLASSIFIE";"";"";"";"";"";"";"";"";"09/17/2026 14:06:37";"09/13/2026 14:46:48";"";""
"1040";"01-DSE-AUDIT-LISTES-SHAREPOINT-20260913-164601-LISTE-030";"";"";"";"09/13/2026 16:46:48";"LISTE VIDE";"";"";"";"Oui";"Non";"Non";"Liste=OBJ-PWS; Elements=0; Colonnes=85; Vues=1; URL=/sites/Bibliotheque/Lists/OBJPWS";"01-DSE-AUDIT-LISTES-SHAREPOINT-20260913-164601-LISTE-030";"JOURNAL - HISTORIQUE NON CLASSIFIE";"";"";"";"";"";"";"";"";"09/17/2026 14:06:38";"09/13/2026 14:46:50";"";""
"1041";"01-DSE-AUDIT-LISTES-SHAREPOINT-20260913-164601-LISTE-031";"";"";"";"09/13/2026 16:46:49";"LISTE CONTROLEE";"";"";"";"Non";"Non";"Non";"Liste=OBJ-REF-00-TYPES-OBJETS; Elements=22; Colonnes=99; Vues=5; URL=/sites/Bibliotheque/Lists/OBJREF00";"01-DSE-AUDIT-LISTES-SHAREPOINT-20260913-164601-LISTE-031";"JOURNAL - HISTORIQUE NON CLASSIFIE";"";"";"";"";"";"";"";"";"09/17/2026 14:06:39";"09/13/2026 14:46:51";"";""
"1042";"01-DSE-AUDIT-LISTES-SHAREPOINT-20260913-164601-LISTE-032";"";"";"";"09/13/2026 16:46:51";"LISTE CONTROLEE";"";"";"";"Non";"Non";"Non";"Liste=OBJ-REF-01-FAMILLES-OBJETS; Elements=8; Colonnes=92; Vues=4; URL=/sites/Bibliotheque/Lists/OBJREF01FAMILLESOBJETS";"01-DSE-AUDIT-LISTES-SHAREPOINT-20260913-164601-LISTE-032";"JOURNAL - HISTORIQUE NON CLASSIFIE";"";"";"";"";"";"";"";"";"09/17/2026 14:06:40";"09/13/2026 14:46:53";"";""
"1043";"01-DSE-AUDIT-LISTES-SHAREPOINT-20260913-164601-LISTE-033";"";"";"";"09/13/2026 16:46:52";"LISTE CONTROLEE";"";"";"";"Non";"Non";"Non";"Liste=OBJ-REF-02-CATEGORIES-OBJETS; Elements=10; Colonnes=93; Vues=4; URL=/sites/Bibliotheque/Lists/OBJREF02CATEGORIESOBJETS";"01-DSE-AUDIT-LISTES-SHAREPOINT-20260913-164601-LISTE-033";"JOURNAL - HISTORIQUE NON CLASSIFIE";"";"";"";"";"";"";"";"";"09/17/2026 14:06:41";"09/13/2026 14:46:54";"";""
"1044";"01-DSE-AUDIT-LISTES-SHAREPOINT-20260913-164601-LISTE-034";"";"";"";"09/13/2026 16:46:54";"LISTE CONTROLEE";"";"";"";"Non";"Non";"Non";"Liste=OBJ-REF-03-PROPRIETAIRES-REFERENTIELS; Elements=1; Colonnes=94; Vues=4; URL=/sites/Bibliotheque/Lists/OBJREF03PROPRIETAIRESREFERENTIELS";"01-DSE-AUDIT-LISTES-SHAREPOINT-20260913-164601-LISTE-034";"JOURNAL - HISTORIQUE NON CLASSIFIE";"";"";"";"";"";"";"";"";"09/17/2026 14:06:43";"09/13/2026 14:46:56";"";""
"1045";"01-DSE-AUDIT-LISTES-SHAREPOINT-20260913-164601-LISTE-035";"";"";"";"09/13/2026 16:46:55";"LISTE CONTROLEE";"";"";"";"Non";"Non";"Non";"Liste=OBJ-REF-04-DOMAINES; Elements=12; Colonnes=92; Vues=4; URL=/sites/Bibliotheque/Lists/OBJREF04DOMAINES";"01-DSE-AUDIT-LISTES-SHAREPOINT-20260913-164601-LISTE-035";"JOURNAL - HISTORIQUE NON CLASSIFIE";"";"";"";"";"";"";"";"";"09/17/2026 14:06:44";"09/13/2026 14:46:57";"";""
"1046";"01-DSE-AUDIT-LISTES-SHAREPOINT-20260913-164601-LISTE-036";"";"";"";"09/13/2026 16:46:56";"LISTE CONTROLEE";"";"";"";"Non";"Non";"Non";"Liste=OBJ-REF-10-TECHNOLOGIES; Elements=49; Colonnes=95; Vues=1; URL=/sites/Bibliotheque/Lists/OBJREF10";"01-DSE-AUDIT-LISTES-SHAREPOINT-20260913-164601-LISTE-036";"JOURNAL - HISTORIQUE NON CLASSIFIE";"";"";"";"";"";"";"";"";"09/17/2026 14:06:46";"09/13/2026 14:46:58";"";""
"1047";"01-DSE-AUDIT-LISTES-SHAREPOINT-20260913-164601-LISTE-037";"";"";"";"09/13/2026 16:46:58";"LISTE CONTROLEE";"";"";"";"Non";"Non";"Non";"Liste=OBJ-REF-20-STATUTS-GENERAUX; Elements=17; Colonnes=99; Vues=1; URL=/sites/Bibliotheque/Lists/OBJREF20";"01-DSE-AUDIT-LISTES-SHAREPOINT-20260913-164601-LISTE-037";"JOURNAL - HISTORIQUE NON CLASSIFIE";"";"";"";"";"";"";"";"";"09/17/2026 14:06:46";"09/13/2026 14:47:00";"";""
"1048";"01-DSE-AUDIT-LISTES-SHAREPOINT-20260913-164601-LISTE-038";"";"";"";"09/13/2026 16:46:59";"LISTE CONTROLEE";"";"";"";"Non";"Non";"Non";"Liste=OBJ-REF-30-PRIORITES; Elements=20; Colonnes=99; Vues=1; URL=/sites/Bibliotheque/Lists/OBJREF30";"01-DSE-AUDIT-LISTES-SHAREPOINT-20260913-164601-LISTE-038";"JOURNAL - HISTORIQUE NON CLASSIFIE";"";"";"";"";"";"";"";"";"09/17/2026 14:06:47";"09/13/2026 14:47:01";"";""
"1049";"01-DSE-AUDIT-LISTES-SHAREPOINT-20260913-164601-LISTE-039";"";"";"";"09/13/2026 16:47:01";"LISTE CONTROLEE";"";"";"";"Non";"Non";"Non";"Liste=OBJ-REF-40-USAGES; Elements=18; Colonnes=99; Vues=1; URL=/sites/Bibliotheque/Lists/OBJREF40";"01-DSE-AUDIT-LISTES-SHAREPOINT-20260913-164601-LISTE-039";"JOURNAL - HISTORIQUE NON CLASSIFIE";"";"";"";"";"";"";"";"";"09/17/2026 14:06:48";"09/13/2026 14:47:03";"";""
"1050";"01-DSE-AUDIT-LISTES-SHAREPOINT-20260913-164601-LISTE-040";"";"";"";"09/13/2026 16:47:02";"LISTE CONTROLEE";"";"";"";"Non";"Non";"Non";"Liste=OBJ-REF-50-ROLES; Elements=11; Colonnes=99; Vues=1; URL=/sites/Bibliotheque/Lists/OBJREF50";"01-DSE-AUDIT-LISTES-SHAREPOINT-20260913-164601-LISTE-040";"JOURNAL - HISTORIQUE NON CLASSIFIE";"";"";"";"";"";"";"";"";"09/17/2026 14:06:49";"09/13/2026 14:47:04";"";""
"1051";"01-DSE-AUDIT-LISTES-SHAREPOINT-20260913-164601-LISTE-041";"";"";"";"09/13/2026 16:47:04";"LISTE CONTROLEE";"";"";"";"Non";"Non";"Non";"Liste=OBJ-REF-60-MODES-TRAITEMENT; Elements=16; Colonnes=99; Vues=1; URL=/sites/Bibliotheque/Lists/OBJREF60";"01-DSE-AUDIT-LISTES-SHAREPOINT-20260913-164601-LISTE-041";"JOURNAL - HISTORIQUE NON CLASSIFIE";"";"";"";"";"";"";"";"";"09/17/2026 14:06:51";"09/13/2026 14:47:06";"";""
"1052";"01-DSE-AUDIT-LISTES-SHAREPOINT-20260913-164601-LISTE-042";"";"";"";"09/13/2026 16:47:05";"LISTE CONTROLEE";"";"";"";"Non";"Non";"Non";"Liste=OBJ-REF-70-RELATIONS; Elements=19; Colonnes=99; Vues=1; URL=/sites/Bibliotheque/Lists/OBJREF70";"01-DSE-AUDIT-LISTES-SHAREPOINT-20260913-164601-LISTE-042";"JOURNAL - HISTORIQUE NON CLASSIFIE";"";"";"";"";"";"";"";"";"09/17/2026 14:06:52";"09/13/2026 14:47:07";"";""
"1053";"01-DSE-AUDIT-LISTES-SHAREPOINT-20260913-164601-LISTE-043";"";"";"";"09/13/2026 16:47:07";"LISTE CONTROLEE";"";"";"";"Non";"Non";"Non";"Liste=OBJ-REF-80-FREQUENCES; Elements=15; Colonnes=99; Vues=1; URL=/sites/Bibliotheque/Lists/OBJREF80";"01-DSE-AUDIT-LISTES-SHAREPOINT-20260913-164601-LISTE-043";"JOURNAL - HISTORIQUE NON CLASSIFIE";"";"";"";"";"";"";"";"";"09/17/2026 14:06:54";"09/13/2026 14:47:08";"";""
"1054";"01-DSE-AUDIT-LISTES-SHAREPOINT-20260913-164601-LISTE-044";"";"";"";"09/13/2026 16:47:08";"LISTE CONTROLEE";"";"";"";"Non";"Non";"Non";"Liste=OBJ-REF-90-QUALITE; Elements=18; Colonnes=99; Vues=1; URL=/sites/Bibliotheque/Lists/OBJREF90";"01-DSE-AUDIT-LISTES-SHAREPOINT-20260913-164601-LISTE-044";"JOURNAL - HISTORIQUE NON CLASSIFIE";"";"";"";"";"";"";"";"";"09/17/2026 14:06:54";"09/13/2026 14:47:10";"";""
"1055";"01-DSE-AUDIT-LISTES-SHAREPOINT-20260913-164601-LISTE-045";"";"";"";"09/13/2026 16:47:09";"LISTE CONTROLEE";"";"";"";"Non";"Non";"Non";"Liste=OBJ-REF-95-POWER-PAGES-COMPOSANTS; Elements=8; Colonnes=88; Vues=1; URL=/sites/Bibliotheque/Lists/OBJREF95";"01-DSE-AUDIT-LISTES-SHAREPOINT-20260913-164601-LISTE-045";"JOURNAL - HISTORIQUE NON CLASSIFIE";"";"";"";"";"";"";"";"";"09/17/2026 14:06:55";"09/13/2026 14:47:11";"";""
"1056";"01-DSE-AUDIT-LISTES-SHAREPOINT-20260913-164601-LISTE-046";"";"";"";"09/13/2026 16:47:11";"LISTE CONTROLEE";"";"";"";"Non";"Non";"Non";"Liste=OBJ-REF-99-REGISTRE-REFERENTIELS; Elements=6; Colonnes=97; Vues=7; URL=/sites/Bibliotheque/Lists/OBJREF99REGISTREREFERENTIELS";"01-DSE-AUDIT-LISTES-SHAREPOINT-20260913-164601-LISTE-046";"JOURNAL - HISTORIQUE NON CLASSIFIE";"";"";"";"";"";"";"";"";"09/17/2026 14:06:56";"09/13/2026 14:47:13";"";""
"1057";"01-DSE-AUDIT-LISTES-SHAREPOINT-20260913-164601-LISTE-047";"";"";"";"09/13/2026 16:47:12";"LISTE CONTROLEE";"";"";"";"Non";"Non";"Non";"Liste=OBJ-REF-DOMAINE; Elements=14; Colonnes=89; Vues=1; URL=/sites/Bibliotheque/Lists/OBJREFDOMAINE";"01-DSE-AUDIT-LISTES-SHAREPOINT-20260913-164601-LISTE-047";"JOURNAL - HISTORIQUE NON CLASSIFIE";"";"";"";"";"";"";"";"";"09/17/2026 14:06:57";"09/13/2026 14:47:14";"";""
"1058";"01-DSE-AUDIT-LISTES-SHAREPOINT-20260913-164601-LISTE-048";"";"";"";"09/13/2026 16:47:14";"LISTE CONTROLEE";"";"";"";"Non";"Non";"Non";"Liste=OBJ-REF-LST-STATUT; Elements=7; Colonnes=89; Vues=1; URL=/sites/Bibliotheque/Lists/OBJREFLSTSTATUT";"01-DSE-AUDIT-LISTES-SHAREPOINT-20260913-164601-LISTE-048";"JOURNAL - HISTORIQUE NON CLASSIFIE";"";"";"";"";"";"";"";"";"09/17/2026 14:06:59";"09/13/2026 14:47:16";"";""
"1059";"01-DSE-AUDIT-LISTES-SHAREPOINT-20260913-164601-LISTE-049";"";"";"";"09/13/2026 16:47:15";"LISTE CONTROLEE";"";"";"";"Non";"Non";"Non";"Liste=OBJ-REF-LST-TYPE; Elements=11; Colonnes=89; Vues=1; URL=/sites/Bibliotheque/Lists/OBJREFLSTTYPE";"01-DSE-AUDIT-LISTES-SHAREPOINT-20260913-164601-LISTE-049";"JOURNAL - HISTORIQUE NON CLASSIFIE";"";"";"";"";"";"";"";"";"09/17/2026 14:07:00";"09/13/2026 14:47:17";"";""
"1060";"01-DSE-AUDIT-LISTES-SHAREPOINT-20260913-164601-LISTE-050";"";"";"";"09/13/2026 16:47:17";"LISTE CONTROLEE";"";"";"";"Non";"Non";"Non";"Liste=OBJ-REF-ORG-COMPTE-TYPE; Elements=11; Colonnes=89; Vues=2; URL=/sites/Bibliotheque/Lists/OBJREFORGCOMPTETYPE";"01-DSE-AUDIT-LISTES-SHAREPOINT-20260913-164601-LISTE-050";"JOURNAL - HISTORIQUE NON CLASSIFIE";"";"";"";"";"";"";"";"";"09/17/2026 14:07:01";"09/13/2026 14:47:19";"";""
"1061";"01-DSE-AUDIT-LISTES-SHAREPOINT-20260913-164601-LISTE-051";"";"";"";"09/13/2026 16:47:18";"LISTE CONTROLEE";"";"";"";"Non";"Non";"Non";"Liste=OBJ-REF-ORG-CONTACT-TYPE; Elements=8; Colonnes=89; Vues=2; URL=/sites/Bibliotheque/Lists/OBJREFORGCONTACTTYPE";"01-DSE-AUDIT-LISTES-SHAREPOINT-20260913-164601-LISTE-051";"JOURNAL - HISTORIQUE NON CLASSIFIE";"";"";"";"";"";"";"";"";"09/17/2026 14:07:02";"09/13/2026 14:47:20";"";""
"1062";"01-DSE-AUDIT-LISTES-SHAREPOINT-20260913-164601-LISTE-052";"";"";"";"09/13/2026 16:47:20";"LISTE CONTROLEE";"";"";"";"Non";"Non";"Non";"Liste=OBJ-REF-ORG-SECTEUR; Elements=9; Colonnes=89; Vues=2; URL=/sites/Bibliotheque/Lists/OBJREFORGSECTEUR";"01-DSE-AUDIT-LISTES-SHAREPOINT-20260913-164601-LISTE-052";"JOURNAL - HISTORIQUE NON CLASSIFIE";"";"";"";"";"";"";"";"";"09/17/2026 14:07:03";"09/13/2026 14:47:22";"";""
"1063";"01-DSE-AUDIT-LISTES-SHAREPOINT-20260913-164601-LISTE-053";"";"";"";"09/13/2026 16:47:21";"LISTE CONTROLEE";"";"";"";"Non";"Non";"Non";"Liste=OBJ-REF-ORG-STATUT; Elements=6; Colonnes=89; Vues=2; URL=/sites/Bibliotheque/Lists/OBJREFORGSTATUT";"01-DSE-AUDIT-LISTES-SHAREPOINT-20260913-164601-LISTE-053";"JOURNAL - HISTORIQUE NON CLASSIFIE";"";"";"";"";"";"";"";"";"09/17/2026 14:07:04";"09/13/2026 14:47:23";"";""
"1064";"01-DSE-AUDIT-LISTES-SHAREPOINT-20260913-164601-LISTE-054";"";"";"";"09/13/2026 16:47:23";"LISTE CONTROLEE";"";"";"";"Non";"Non";"Non";"Liste=OBJ-REF-ORG-TYPE; Elements=12; Colonnes=89; Vues=2; URL=/sites/Bibliotheque/Lists/OBJREFORGTYPE";"01-DSE-AUDIT-LISTES-SHAREPOINT-20260913-164601-LISTE-054";"JOURNAL - HISTORIQUE NON CLASSIFIE";"";"";"";"";"";"";"";"";"09/17/2026 14:07:05";"09/13/2026 14:47:25";"";""
"1065";"01-DSE-AUDIT-LISTES-SHAREPOINT-20260913-164601-LISTE-055";"";"";"";"09/13/2026 16:47:24";"LISTE CONTROLEE";"";"";"";"Non";"Non";"Non";"Liste=OBJ-REL; Elements=32; Colonnes=95; Vues=2; URL=/sites/Bibliotheque/Lists/OBJREL";"01-DSE-AUDIT-LISTES-SHAREPOINT-20260913-164601-LISTE-055";"JOURNAL - HISTORIQUE NON CLASSIFIE";"";"";"";"";"";"";"";"";"09/17/2026 14:07:06";"09/13/2026 14:47:26";"";""
"1066";"01-DSE-AUDIT-LISTES-SHAREPOINT-20260913-164601-LISTE-056";"";"";"";"09/13/2026 16:47:26";"LISTE CONTROLEE";"";"";"";"Non";"Non";"Non";"Liste=OBJ-SCR; Elements=10; Colonnes=101; Vues=9; URL=/sites/Bibliotheque/Lists/OBJSCR";"01-DSE-AUDIT-LISTES-SHAREPOINT-20260913-164601-LISTE-056";"JOURNAL - HISTORIQUE NON CLASSIFIE";"";"";"";"";"";"";"";"";"09/17/2026 14:07:08";"09/13/2026 14:47:28";"";""
"1067";"01-DSE-AUDIT-LISTES-SHAREPOINT-20260913-164601-LISTE-057";"";"";"";"09/13/2026 16:47:27";"LISTE VIDE";"";"";"";"Oui";"Non";"Non";"Liste=OBJ-SITE; Elements=0; Colonnes=85; Vues=1; URL=/sites/Bibliotheque/Lists/OBJSITE";"01-DSE-AUDIT-LISTES-SHAREPOINT-20260913-164601-LISTE-057";"JOURNAL - HISTORIQUE NON CLASSIFIE";"";"";"";"";"";"";"";"";"09/17/2026 14:07:09";"09/13/2026 14:47:29";"";""
"1068";"01-DSE-AUDIT-LISTES-SHAREPOINT-20260913-164601-LISTE-058";"";"";"";"09/13/2026 16:47:29";"LISTE VIDE";"";"";"";"Oui";"Non";"Non";"Liste=OBJ-STATUT; Elements=0; Colonnes=85; Vues=1; URL=/sites/Bibliotheque/Lists/OBJSTATUT";"01-DSE-AUDIT-LISTES-SHAREPOINT-20260913-164601-LISTE-058";"JOURNAL - HISTORIQUE NON CLASSIFIE";"";"";"";"";"";"";"";"";"09/17/2026 14:07:11";"09/13/2026 14:47:31";"";""
"1069";"01-DSE-AUDIT-LISTES-SHAREPOINT-20260913-164601-LISTE-059";"";"";"";"09/13/2026 16:47:30";"LISTE CONTROLEE";"";"";"";"Non";"Non";"Non";"Liste=Présentations composées; Elements=18; Colonnes=89; Vues=2; URL=/sites/Bibliotheque/_catalogs/design";"01-DSE-AUDIT-LISTES-SHAREPOINT-20260913-164601-LISTE-059";"JOURNAL - HISTORIQUE NON CLASSIFIE";"";"";"";"";"";"";"";"";"09/17/2026 14:07:12";"09/13/2026 14:47:32";"";""
"1070";"01-DSE-AUDIT-LISTES-SHAREPOINT-20260913-164601-LISTE-060";"";"";"";"09/13/2026 16:47:32";"LISTE CONTROLEE";"";"";"";"Non";"Non";"Non";"Liste=TaxonomyHiddenList; Elements=12; Colonnes=194; Vues=1; URL=/sites/Bibliotheque/Lists/TaxonomyHiddenList";"01-DSE-AUDIT-LISTES-SHAREPOINT-20260913-164601-LISTE-060";"JOURNAL - HISTORIQUE NON CLASSIFIE";"";"";"";"";"";"";"";"";"09/17/2026 14:07:12";"09/13/2026 14:47:33";"";""
"1071";"01-DSE-AUDIT-LISTES-SHAREPOINT-20260913-164601-RAPPORT-CSV";"";"";"";"09/13/2026 16:47:32";"CREATION RAPPORT CSV";"";"";"";"Non";"Non";"Non";"Fichier=C:\Users\PascalZIMMER_b9lyro1\DemainSite\DEM - Ecosysteme\DSE-RAPPORTS\AUDITS\01-DSE-AUDIT-LISTES-SHAREPOINT-20260913-164601.csv";"01-DSE-AUDIT-LISTES-SHAREPOINT-20260913-164601-RAPPORT-CSV";"JOURNAL - HISTORIQUE NON CLASSIFIE";"";"";"";"";"";"";"";"";"09/17/2026 14:07:13";"09/13/2026 14:47:34";"";""
"1072";"01-DSE-AUDIT-LISTES-SHAREPOINT-20260913-164601-FIN";"";"";"";"09/13/2026 16:47:33";"FIN AUDIT LISTES";"";"";"";"Non";"Non";"Non";"Listes=60; Elements=38171; Vides=7; CSV=C:\Users\PascalZIMMER_b9lyro1\DemainSite\DEM - Ecosysteme\DSE-RAPPORTS\AUDITS\01-DSE-AUDIT-LISTES-SHAREPOINT-20260913-164601.csv; TXT=C:\Users\PascalZIMMER_b9lyro1\DemainSite\DEM - Ecosysteme\DSE-RAPPORTS\AUDITS\01-DSE-AUDIT-LISTES-SHAREPOINT-20260913-164601.txt";"01-DSE-AUDIT-LISTES-SHAREPOINT-20260913-164601-FIN";"JOURNAL - HISTORIQUE NON CLASSIFIE";"";"";"";"";"";"";"";"";"09/17/2026 14:07:14";"09/13/2026 14:47:36";"";""
"1073";"01-DSE-AUDIT-LISTES-SHAREPOINT-20260913-165842-DEBUT";"";"";"";"09/13/2026 16:58:43";"DEBUT AUDIT LISTES";"";"";"";"Non";"Non";"Non";"Démarrage audit individuel des listes SharePoint.";"01-DSE-AUDIT-LISTES-SHAREPOINT-20260913-165842-DEBUT";"JOURNAL - HISTORIQUE NON CLASSIFIE";"";"";"";"";"";"";"";"";"09/17/2026 14:07:16";"09/13/2026 14:58:45";"";""
"1074";"01-DSE-AUDIT-LISTES-SHAREPOINT-20260913-165842-LISTE-001";"";"";"";"09/13/2026 16:58:46";"LISTE VIDE";"";"";"";"Oui";"Non";"Non";"Liste=appdata; Elements=0; Colonnes=83; Vues=0; URL=/sites/Bibliotheque/_catalogs/appdata";"01-DSE-AUDIT-LISTES-SHAREPOINT-20260913-165842-LISTE-001";"JOURNAL - HISTORIQUE NON CLASSIFIE";"";"";"";"";"";"";"";"";"09/17/2026 14:07:17";"09/13/2026 14:58:48";"";""
"1075";"01-DSE-AUDIT-LISTES-SHAREPOINT-20260913-165842-LISTE-002";"";"";"";"09/13/2026 16:58:47";"LISTE VIDE";"";"";"";"Oui";"Non";"Non";"Liste=Demandes d'accès; Elements=0; Colonnes=118; Vues=5; URL=/sites/Bibliotheque/Demandes daccs";"01-DSE-AUDIT-LISTES-SHAREPOINT-20260913-165842-LISTE-002";"JOURNAL - HISTORIQUE NON CLASSIFIE";"";"";"";"";"";"";"";"";"09/17/2026 14:07:19";"09/13/2026 14:58:49";"";""
"1076";"01-DSE-AUDIT-LISTES-SHAREPOINT-20260913-165842-LISTE-003";"";"";"";"09/13/2026 16:58:49";"LISTE CONTROLEE";"";"";"";"Non";"Non";"Non";"Liste=Extensions de modèle web; Elements=242; Colonnes=104; Vues=0; URL=/sites/Bibliotheque/_catalogs/wte";"01-DSE-AUDIT-LISTES-SHAREPOINT-20260913-165842-LISTE-003";"JOURNAL - HISTORIQUE NON CLASSIFIE";"";"";"";"";"";"";"";"";"09/17/2026 14:07:19";"09/13/2026 14:58:51";"";""
"1077";"01-DSE-AUDIT-LISTES-SHAREPOINT-20260913-165842-LISTE-004";"";"";"";"09/13/2026 16:58:50";"LISTE CONTROLEE";"";"";"";"Non";"Non";"Non";"Liste=Liens manquants du site SharePoint; Elements=4; Colonnes=89; Vues=2; URL=/sites/Bibliotheque/_catalogs/missinglinks";"01-DSE-AUDIT-LISTES-SHAREPOINT-20260913-165842-LISTE-004";"JOURNAL - HISTORIQUE NON CLASSIFIE";"";"";"";"";"";"";"";"";"09/17/2026 14:07:20";"09/13/2026 14:58:52";"";""
"1078";"01-DSE-AUDIT-LISTES-SHAREPOINT-20260913-165842-LISTE-005";"";"";"";"09/13/2026 16:58:52";"LISTE CONTROLEE";"";"";"";"Non";"Non";"Non";"Liste=Liste d'informations utilisateur; Elements=24; Colonnes=133; Vues=3; URL=/sites/Bibliotheque/_catalogs/users";"01-DSE-AUDIT-LISTES-SHAREPOINT-20260913-165842-LISTE-005";"JOURNAL - HISTORIQUE NON CLASSIFIE";"";"";"";"";"";"";"";"";"09/17/2026 14:07:21";"09/13/2026 14:58:54";"";""
"1079";"01-DSE-AUDIT-LISTES-SHAREPOINT-20260913-165842-LISTE-006";"";"";"";"09/13/2026 16:58:53";"LISTE CONTROLEE";"";"";"";"Non";"Non";"Non";"Liste=OBJ; Elements=237; Colonnes=134; Vues=9; URL=/sites/Bibliotheque/Lists/OBJ";"01-DSE-AUDIT-LISTES-SHAREPOINT-20260913-165842-LISTE-006";"JOURNAL - HISTORIQUE NON CLASSIFIE";"";"";"";"";"";"";"";"";"09/17/2026 14:07:23";"09/13/2026 14:58:55";"";""
"1080";"01-DSE-AUDIT-LISTES-SHAREPOINT-20260913-171430-DEBUT-171433735";"";"";"";"09/13/2026 17:14:33";"DEBUT AUDIT LISTES SHAREPOINT";"Audit non demarre";"Audit demarre";"";"Non";"Non";"Non";"EXECUTION=01-DSE-AUDIT-LISTES-SHAREPOINT-20260913-171430; SCRIPT=01-DSE-AUDIT-LISTES-SHAREPOINT; VERSION=1.6.2; QUAND=13/09/2026 17:14:33.735; QUI=PowerShell DSE - Pascal ZIMMER; QUOI=DEBUT AUDIT LISTES SHAREPOINT; OU=https://blogssite.sharepoint.com/sites/Bibliotheque; POURQUOI=Inventorier les listes SharePoint en lecture seule et conserver une photographie historique du DSE.; RESULTAT=SUCCES; DETAIL=Aucune creation, modification ou suppression des listes auditees.";"01-DSE-AUDIT-LISTES-SHAREPOINT-20260913-171430-DEBUT-171433735";"JOURNAL - HISTORIQUE NON CLASSIFIE";"";"";"";"";"";"";"";"";"09/17/2026 14:07:24";"09/13/2026 15:14:35";"";""
"1081";"01-DSE-AUDIT-LISTES-SHAREPOINT-20260913-171430-LISTE-001-171436372";"";"";"";"09/13/2026 17:14:36";"LISTE VIDE DETECTEE";"Etat SharePoint non modifie";"Elements=0; Colonnes=83; Vues=0";"";"Oui";"Non";"Non";"EXECUTION=01-DSE-AUDIT-LISTES-SHAREPOINT-20260913-171430; SCRIPT=01-DSE-AUDIT-LISTES-SHAREPOINT; VERSION=1.6.2; QUAND=13/09/2026 17:14:36.372; QUI=PowerShell DSE - Pascal ZIMMER; QUOI=LISTE VIDE DETECTEE; OU=appdata; POURQUOI=Controler chaque liste afin de conserver son etat quantitatif dans la memoire historique DSE.; RESULTAT=AVERTISSEMENT; DETAIL=URL=/sites/Bibliotheque/_catalogs/appdata; lecture seule; aucune correction appliquee.";"01-DSE-AUDIT-LISTES-SHAREPOINT-20260913-171430-LISTE-001-171436372";"JOURNAL - HISTORIQUE NON CLASSIFIE";"";"";"";"";"";"";"";"";"09/17/2026 14:07:26";"09/13/2026 15:14:38";"";""
"1082";"01-DSE-AUDIT-LISTES-SHAREPOINT-20260913-171430-LISTE-002-171437856";"";"";"";"09/13/2026 17:14:37";"LISTE VIDE DETECTEE";"Etat SharePoint non modifie";"Elements=0; Colonnes=118; Vues=5";"";"Oui";"Non";"Non";"EXECUTION=01-DSE-AUDIT-LISTES-SHAREPOINT-20260913-171430; SCRIPT=01-DSE-AUDIT-LISTES-SHAREPOINT; VERSION=1.6.2; QUAND=13/09/2026 17:14:37.856; QUI=PowerShell DSE - Pascal ZIMMER; QUOI=LISTE VIDE DETECTEE; OU=Demandes d'accès; POURQUOI=Controler chaque liste afin de conserver son etat quantitatif dans la memoire historique DSE.; RESULTAT=AVERTISSEMENT; DETAIL=URL=/sites/Bibliotheque/Demandes daccs; lecture seule; aucune correction appliquee.";"01-DSE-AUDIT-LISTES-SHAREPOINT-20260913-171430-LISTE-002-171437856";"JOURNAL - HISTORIQUE NON CLASSIFIE";"";"";"";"";"";"";"";"";"09/17/2026 14:07:26";"09/13/2026 15:14:39";"";""
"1083";"01-DSE-AUDIT-LISTES-SHAREPOINT-20260913-171430-LISTE-003-171439283";"";"";"";"09/13/2026 17:14:39";"LISTE CONTROLEE";"Etat SharePoint non modifie";"Elements=242; Colonnes=104; Vues=0";"";"Non";"Non";"Non";"EXECUTION=01-DSE-AUDIT-LISTES-SHAREPOINT-20260913-171430; SCRIPT=01-DSE-AUDIT-LISTES-SHAREPOINT; VERSION=1.6.2; QUAND=13/09/2026 17:14:39.283; QUI=PowerShell DSE - Pascal ZIMMER; QUOI=LISTE CONTROLEE; OU=Extensions de modèle web; POURQUOI=Controler chaque liste afin de conserver son etat quantitatif dans la memoire historique DSE.; RESULTAT=SUCCES; DETAIL=URL=/sites/Bibliotheque/_catalogs/wte; lecture seule; aucune correction appliquee.";"01-DSE-AUDIT-LISTES-SHAREPOINT-20260913-171430-LISTE-003-171439283";"JOURNAL - HISTORIQUE NON CLASSIFIE";"";"";"";"";"";"";"";"";"09/17/2026 14:07:27";"09/13/2026 15:14:41";"";""
"1084";"01-DSE-AUDIT-LISTES-SHAREPOINT-20260913-171430-LISTE-004-171440747";"";"";"";"09/13/2026 17:14:40";"LISTE CONTROLEE";"Etat SharePoint non modifie";"Elements=4; Colonnes=89; Vues=2";"";"Non";"Non";"Non";"EXECUTION=01-DSE-AUDIT-LISTES-SHAREPOINT-20260913-171430; SCRIPT=01-DSE-AUDIT-LISTES-SHAREPOINT; VERSION=1.6.2; QUAND=13/09/2026 17:14:40.747; QUI=PowerShell DSE - Pascal ZIMMER; QUOI=LISTE CONTROLEE; OU=Liens manquants du site SharePoint; POURQUOI=Controler chaque liste afin de conserver son etat quantitatif dans la memoire historique DSE.; RESULTAT=SUCCES; DETAIL=URL=/sites/Bibliotheque/_catalogs/missinglinks; lecture seule; aucune correction appliquee.";"01-DSE-AUDIT-LISTES-SHAREPOINT-20260913-171430-LISTE-004-171440747";"JOURNAL - HISTORIQUE NON CLASSIFIE";"";"";"";"";"";"";"";"";"09/17/2026 14:07:28";"09/13/2026 15:14:42";"";""
"1085";"01-DSE-AUDIT-LISTES-SHAREPOINT-20260913-171430-LISTE-005-171442283";"";"";"";"09/13/2026 17:14:42";"LISTE CONTROLEE";"Etat SharePoint non modifie";"Elements=24; Colonnes=133; Vues=3";"";"Non";"Non";"Non";"EXECUTION=01-DSE-AUDIT-LISTES-SHAREPOINT-20260913-171430; SCRIPT=01-DSE-AUDIT-LISTES-SHAREPOINT; VERSION=1.6.2; QUAND=13/09/2026 17:14:42.283; QUI=PowerShell DSE - Pascal ZIMMER; QUOI=LISTE CONTROLEE; OU=Liste d'informations utilisateur; POURQUOI=Controler chaque liste afin de conserver son etat quantitatif dans la memoire historique DSE.; RESULTAT=SUCCES; DETAIL=URL=/sites/Bibliotheque/_catalogs/users; lecture seule; aucune correction appliquee.";"01-DSE-AUDIT-LISTES-SHAREPOINT-20260913-171430-LISTE-005-171442283";"JOURNAL - HISTORIQUE NON CLASSIFIE";"";"";"";"";"";"";"";"";"09/17/2026 14:07:30";"09/13/2026 15:14:44";"";""
"1086";"01-DSE-AUDIT-LISTES-SHAREPOINT-20260913-171430-LISTE-006-171443821";"";"";"";"09/13/2026 17:14:43";"LISTE CONTROLEE";"Etat SharePoint non modifie";"Elements=237; Colonnes=134; Vues=9";"";"Non";"Non";"Non";"EXECUTION=01-DSE-AUDIT-LISTES-SHAREPOINT-20260913-171430; SCRIPT=01-DSE-AUDIT-LISTES-SHAREPOINT; VERSION=1.6.2; QUAND=13/09/2026 17:14:43.821; QUI=PowerShell DSE - Pascal ZIMMER; QUOI=LISTE CONTROLEE; OU=OBJ; POURQUOI=Controler chaque liste afin de conserver son etat quantitatif dans la memoire historique DSE.; RESULTAT=SUCCES; DETAIL=URL=/sites/Bibliotheque/Lists/OBJ; lecture seule; aucune correction appliquee.";"01-DSE-AUDIT-LISTES-SHAREPOINT-20260913-171430-LISTE-006-171443821";"JOURNAL - HISTORIQUE NON CLASSIFIE";"";"";"";"";"";"";"";"";"09/17/2026 14:07:31";"09/13/2026 15:14:45";"";""
"1087";"01-DSE-AUDIT-LISTES-SHAREPOINT-20260913-171430-LISTE-007-171445398";"";"";"";"09/13/2026 17:14:45";"LISTE VIDE DETECTEE";"Etat SharePoint non modifie";"Elements=0; Colonnes=103; Vues=1";"";"Oui";"Non";"Non";"EXECUTION=01-DSE-AUDIT-LISTES-SHAREPOINT-20260913-171430; SCRIPT=01-DSE-AUDIT-LISTES-SHAREPOINT; VERSION=1.6.2; QUAND=13/09/2026 17:14:45.398; QUI=PowerShell DSE - Pascal ZIMMER; QUOI=LISTE VIDE DETECTEE; OU=OBJ-ACT; POURQUOI=Controler chaque liste afin de conserver son etat quantitatif dans la memoire historique DSE.; RESULTAT=AVERTISSEMENT; DETAIL=URL=/sites/Bibliotheque/Lists/OBJACT; lecture seule; aucune correction appliquee.";"01-DSE-AUDIT-LISTES-SHAREPOINT-20260913-171430-LISTE-007-171445398";"JOURNAL - HISTORIQUE NON CLASSIFIE";"";"";"";"";"";"";"";"";"09/17/2026 14:07:32";"09/13/2026 15:14:47";"";""
"1088";"01-DSE-AUDIT-LISTES-SHAREPOINT-20260913-171430-LISTE-008-171446809";"";"";"";"09/13/2026 17:14:46";"LISTE CONTROLEE";"Etat SharePoint non modifie";"Elements=2; Colonnes=99; Vues=1";"";"Non";"Non";"Non";"EXECUTION=01-DSE-AUDIT-LISTES-SHAREPOINT-20260913-171430; SCRIPT=01-DSE-AUDIT-LISTES-SHAREPOINT; VERSION=1.6.2; QUAND=13/09/2026 17:14:46.809; QUI=PowerShell DSE - Pascal ZIMMER; QUOI=LISTE CONTROLEE; OU=OBJ-AUDIT; POURQUOI=Controler chaque liste afin de conserver son etat quantitatif dans la memoire historique DSE.; RESULTAT=SUCCES; DETAIL=URL=/sites/Bibliotheque/Lists/OBJAUDIT; lecture seule; aucune correction appliquee.";"01-DSE-AUDIT-LISTES-SHAREPOINT-20260913-171430-LISTE-008-171446809";"JOURNAL - HISTORIQUE NON CLASSIFIE";"";"";"";"";"";"";"";"";"09/17/2026 14:07:34";"09/13/2026 15:14:48";"";""
"1089";"01-DSE-AUDIT-LISTES-SHAREPOINT-20260913-171430-LISTE-009-171448243";"";"";"";"09/13/2026 17:14:48";"LISTE CONTROLEE";"Etat SharePoint non modifie";"Elements=249; Colonnes=111; Vues=6";"";"Non";"Non";"Non";"EXECUTION=01-DSE-AUDIT-LISTES-SHAREPOINT-20260913-171430; SCRIPT=01-DSE-AUDIT-LISTES-SHAREPOINT; VERSION=1.6.2; QUAND=13/09/2026 17:14:48.243; QUI=PowerShell DSE - Pascal ZIMMER; QUOI=LISTE CONTROLEE; OU=OBJ-GEO-CAPITALE; POURQUOI=Controler chaque liste afin de conserver son etat quantitatif dans la memoire historique DSE.; RESULTAT=SUCCES; DETAIL=URL=/sites/Bibliotheque/Lists/OBJGEOCAPITALE; lecture seule; aucune correction appliquee.";"01-DSE-AUDIT-LISTES-SHAREPOINT-20260913-171430-LISTE-009-171448243";"JOURNAL - HISTORIQUE NON CLASSIFIE";"";"";"";"";"";"";"";"";"09/17/2026 14:07:34";"09/13/2026 15:14:50";"";""
"1090";"01-DSE-AUDIT-LISTES-SHAREPOINT-20260913-171430-LISTE-010-171449683";"";"";"";"09/13/2026 17:14:49";"LISTE CONTROLEE";"Etat SharePoint non modifie";"Elements=7; Colonnes=105; Vues=6";"";"Non";"Non";"Non";"EXECUTION=01-DSE-AUDIT-LISTES-SHAREPOINT-20260913-171430; SCRIPT=01-DSE-AUDIT-LISTES-SHAREPOINT; VERSION=1.6.2; QUAND=13/09/2026 17:14:49.683; QUI=PowerShell DSE - Pascal ZIMMER; QUOI=LISTE CONTROLEE; OU=OBJ-GEO-CONTINENT; POURQUOI=Controler chaque liste afin de conserver son etat quantitatif dans la memoire historique DSE.; RESULTAT=SUCCES; DETAIL=URL=/sites/Bibliotheque/Lists/OBJGEOCONTINENT; lecture seule; aucune correction appliquee.";"01-DSE-AUDIT-LISTES-SHAREPOINT-20260913-171430-LISTE-010-171449683";"JOURNAL - HISTORIQUE NON CLASSIFIE";"";"";"";"";"";"";"";"";"09/17/2026 14:07:35";"09/13/2026 15:14:51";"";""
"1091";"01-DSE-AUDIT-LISTES-SHAREPOINT-20260913-171430-LISTE-011-171451124";"";"";"";"09/13/2026 17:14:51";"LISTE CONTROLEE";"Etat SharePoint non modifie";"Elements=101; Colonnes=117; Vues=6";"";"Non";"Non";"Non";"EXECUTION=01-DSE-AUDIT-LISTES-SHAREPOINT-20260913-171430; SCRIPT=01-DSE-AUDIT-LISTES-SHAREPOINT; VERSION=1.6.2; QUAND=13/09/2026 17:14:51.124; QUI=PowerShell DSE - Pascal ZIMMER; QUOI=LISTE CONTROLEE; OU=OBJ-GEO-DEPARTEMENT; POURQUOI=Controler chaque liste afin de conserver son etat quantitatif dans la memoire historique DSE.; RESULTAT=SUCCES; DETAIL=URL=/sites/Bibliotheque/Lists/OBJGEODEPARTEMENT; lecture seule; aucune correction appliquee.";"01-DSE-AUDIT-LISTES-SHAREPOINT-20260913-171430-LISTE-011-171451124";"JOURNAL - HISTORIQUE NON CLASSIFIE";"";"";"";"";"";"";"";"";"09/17/2026 14:07:36";"09/13/2026 15:14:53";"";""
"1092";"01-DSE-AUDIT-LISTES-SHAREPOINT-20260913-171430-LISTE-012-171452551";"";"";"";"09/13/2026 17:14:52";"LISTE CONTROLEE";"Etat SharePoint non modifie";"Elements=154; Colonnes=106; Vues=6";"";"Non";"Non";"Non";"EXECUTION=01-DSE-AUDIT-LISTES-SHAREPOINT-20260913-171430; SCRIPT=01-DSE-AUDIT-LISTES-SHAREPOINT; VERSION=1.6.2; QUAND=13/09/2026 17:14:52.551; QUI=PowerShell DSE - Pascal ZIMMER; QUOI=LISTE CONTROLEE; OU=OBJ-GEO-DEVISE; POURQUOI=Controler chaque liste afin de conserver son etat quantitatif dans la memoire historique DSE.; RESULTAT=SUCCES; DETAIL=URL=/sites/Bibliotheque/Lists/OBJGEODEVISE; lecture seule; aucune correction appliquee.";"01-DSE-AUDIT-LISTES-SHAREPOINT-20260913-171430-LISTE-012-171452551";"JOURNAL - HISTORIQUE NON CLASSIFIE";"";"";"";"";"";"";"";"";"09/17/2026 14:07:37";"09/13/2026 15:14:54";"";""
"1093";"01-DSE-AUDIT-LISTES-SHAREPOINT-20260913-171430-LISTE-013-171454017";"";"";"";"09/13/2026 17:14:54";"LISTE CONTROLEE";"Etat SharePoint non modifie";"Elements=38; Colonnes=107; Vues=6";"";"Non";"Non";"Non";"EXECUTION=01-DSE-AUDIT-LISTES-SHAREPOINT-20260913-171430; SCRIPT=01-DSE-AUDIT-LISTES-SHAREPOINT; VERSION=1.6.2; QUAND=13/09/2026 17:14:54.017; QUI=PowerShell DSE - Pascal ZIMMER; QUOI=LISTE CONTROLEE; OU=OBJ-GEO-FUSEAU-HORAIRE; POURQUOI=Controler chaque liste afin de conserver son etat quantitatif dans la memoire historique DSE.; RESULTAT=SUCCES; DETAIL=URL=/sites/Bibliotheque/Lists/OBJGEOFUSEAUHORAIRE; lecture seule; aucune correction appliquee.";"01-DSE-AUDIT-LISTES-SHAREPOINT-20260913-171430-LISTE-013-171454017";"JOURNAL - HISTORIQUE NON CLASSIFIE";"";"";"";"";"";"";"";"";"09/17/2026 14:07:38";"09/13/2026 15:14:55";"";""
"1094";"01-DSE-AUDIT-LISTES-SHAREPOINT-20260913-171430-LISTE-014-171455435";"";"";"";"09/13/2026 17:14:55";"LISTE CONTROLEE";"Etat SharePoint non modifie";"Elements=112; Colonnes=108; Vues=17";"";"Non";"Non";"Non";"EXECUTION=01-DSE-AUDIT-LISTES-SHAREPOINT-20260913-171430; SCRIPT=01-DSE-AUDIT-LISTES-SHAREPOINT; VERSION=1.6.2; QUAND=13/09/2026 17:14:55.435; QUI=PowerShell DSE - Pascal ZIMMER; QUOI=LISTE CONTROLEE; OU=OBJ-GEO-LANGUE; POURQUOI=Controler chaque liste afin de conserver son etat quantitatif dans la memoire historique DSE.; RESULTAT=SUCCES; DETAIL=URL=/sites/Bibliotheque/Lists/OBJGEOLANGUE; lecture seule; aucune correction appliquee.";"01-DSE-AUDIT-LISTES-SHAREPOINT-20260913-171430-LISTE-014-171455435";"JOURNAL - HISTORIQUE NON CLASSIFIE";"";"";"";"";"";"";"";"";"09/17/2026 14:07:39";"09/13/2026 15:14:57";"";""
"1095";"01-DSE-AUDIT-LISTES-SHAREPOINT-20260913-171430-LISTE-015-171456887";"";"";"";"09/13/2026 17:14:56";"LISTE CONTROLEE";"Etat SharePoint non modifie";"Elements=249; Colonnes=111; Vues=6";"";"Non";"Non";"Non";"EXECUTION=01-DSE-AUDIT-LISTES-SHAREPOINT-20260913-171430; SCRIPT=01-DSE-AUDIT-LISTES-SHAREPOINT; VERSION=1.6.2; QUAND=13/09/2026 17:14:56.887; QUI=PowerShell DSE - Pascal ZIMMER; QUOI=LISTE CONTROLEE; OU=OBJ-GEO-NATIONALITE; POURQUOI=Controler chaque liste afin de conserver son etat quantitatif dans la memoire historique DSE.; RESULTAT=SUCCES; DETAIL=URL=/sites/Bibliotheque/Lists/OBJGEONATIONALITE; lecture seule; aucune correction appliquee.";"01-DSE-AUDIT-LISTES-SHAREPOINT-20260913-171430-LISTE-015-171456887";"JOURNAL - HISTORIQUE NON CLASSIFIE";"";"";"";"";"";"";"";"";"09/17/2026 14:07:41";"09/13/2026 15:14:58";"";""
"1096";"01-DSE-AUDIT-LISTES-SHAREPOINT-20260913-171430-LISTE-016-171458304";"";"";"";"09/13/2026 17:14:58";"LISTE CONTROLEE";"Etat SharePoint non modifie";"Elements=249; Colonnes=117; Vues=6";"";"Non";"Non";"Non";"EXECUTION=01-DSE-AUDIT-LISTES-SHAREPOINT-20260913-171430; SCRIPT=01-DSE-AUDIT-LISTES-SHAREPOINT; VERSION=1.6.2; QUAND=13/09/2026 17:14:58.304; QUI=PowerShell DSE - Pascal ZIMMER; QUOI=LISTE CONTROLEE; OU=OBJ-GEO-PAYS; POURQUOI=Controler chaque liste afin de conserver son etat quantitatif dans la memoire historique DSE.; RESULTAT=SUCCES; DETAIL=URL=/sites/Bibliotheque/Lists/OBJGEOPAYS; lecture seule; aucune correction appliquee.";"01-DSE-AUDIT-LISTES-SHAREPOINT-20260913-171430-LISTE-016-171458304";"JOURNAL - HISTORIQUE NON CLASSIFIE";"";"";"";"";"";"";"";"";"09/17/2026 14:07:42";"09/13/2026 15:15:00";"";""
"1097";"01-DSE-AUDIT-LISTES-SHAREPOINT-20260913-171430-LISTE-017-171459731";"";"";"";"09/13/2026 17:14:59";"LISTE CONTROLEE";"Etat SharePoint non modifie";"Elements=18; Colonnes=119; Vues=6";"";"Non";"Non";"Non";"EXECUTION=01-DSE-AUDIT-LISTES-SHAREPOINT-20260913-171430; SCRIPT=01-DSE-AUDIT-LISTES-SHAREPOINT; VERSION=1.6.2; QUAND=13/09/2026 17:14:59.731; QUI=PowerShell DSE - Pascal ZIMMER; QUOI=LISTE CONTROLEE; OU=OBJ-GEO-REGION; POURQUOI=Controler chaque liste afin de conserver son etat quantitatif dans la memoire historique DSE.; RESULTAT=SUCCES; DETAIL=URL=/sites/Bibliotheque/Lists/OBJGEOREGION; lecture seule; aucune correction appliquee.";"01-DSE-AUDIT-LISTES-SHAREPOINT-20260913-171430-LISTE-017-171459731";"JOURNAL - HISTORIQUE NON CLASSIFIE";"";"";"";"";"";"";"";"";"09/17/2026 14:07:43";"09/13/2026 15:15:01";"";""
"1098";"01-DSE-AUDIT-LISTES-SHAREPOINT-20260913-171430-LISTE-018-171501125";"";"";"";"09/13/2026 17:15:01";"LISTE CONTROLEE";"Etat SharePoint non modifie";"Elements=6; Colonnes=117; Vues=4";"";"Non";"Non";"Non";"EXECUTION=01-DSE-AUDIT-LISTES-SHAREPOINT-20260913-171430; SCRIPT=01-DSE-AUDIT-LISTES-SHAREPOINT; VERSION=1.6.2; QUAND=13/09/2026 17:15:01.125; QUI=PowerShell DSE - Pascal ZIMMER; QUOI=LISTE CONTROLEE; OU=OBJ-GEO-SOURCE; POURQUOI=Controler chaque liste afin de conserver son etat quantitatif dans la memoire historique DSE.; RESULTAT=SUCCES; DETAIL=URL=/sites/Bibliotheque/Lists/OBJGEOSOURCE; lecture seule; aucune correction appliquee.";"01-DSE-AUDIT-LISTES-SHAREPOINT-20260913-171430-LISTE-018-171501125";"JOURNAL - HISTORIQUE NON CLASSIFIE";"";"";"";"";"";"";"";"";"09/17/2026 14:07:44";"09/13/2026 15:15:03";"";""
"1099";"01-DSE-AUDIT-LISTES-SHAREPOINT-20260913-171430-LISTE-019-171502519";"";"";"";"09/13/2026 17:15:02";"LISTE CONTROLEE";"Etat SharePoint non modifie";"Elements=22; Colonnes=106; Vues=6";"";"Non";"Non";"Non";"EXECUTION=01-DSE-AUDIT-LISTES-SHAREPOINT-20260913-171430; SCRIPT=01-DSE-AUDIT-LISTES-SHAREPOINT; VERSION=1.6.2; QUAND=13/09/2026 17:15:02.519; QUI=PowerShell DSE - Pascal ZIMMER; QUOI=LISTE CONTROLEE; OU=OBJ-GEO-STATUT; POURQUOI=Controler chaque liste afin de conserver son etat quantitatif dans la memoire historique DSE.; RESULTAT=SUCCES; DETAIL=URL=/sites/Bibliotheque/Lists/OBJGEOSTATUT; lecture seule; aucune correction appliquee.";"01-DSE-AUDIT-LISTES-SHAREPOINT-20260913-171430-LISTE-019-171502519";"JOURNAL - HISTORIQUE NON CLASSIFIE";"";"";"";"";"";"";"";"";"09/17/2026 14:07:46";"09/13/2026 15:15:05";"";""
"1100";"01-DSE-AUDIT-LISTES-SHAREPOINT-20260913-171430-LISTE-020-171503975";"";"";"";"09/13/2026 17:15:03";"LISTE CONTROLEE";"Etat SharePoint non modifie";"Elements=9; Colonnes=114; Vues=5";"";"Non";"Non";"Non";"EXECUTION=01-DSE-AUDIT-LISTES-SHAREPOINT-20260913-171430; SCRIPT=01-DSE-AUDIT-LISTES-SHAREPOINT; VERSION=1.6.2; QUAND=13/09/2026 17:15:03.975; QUI=PowerShell DSE - Pascal ZIMMER; QUOI=LISTE CONTROLEE; OU=OBJ-GEO-TERRITOIRE; POURQUOI=Controler chaque liste afin de conserver son etat quantitatif dans la memoire historique DSE.; RESULTAT=SUCCES; DETAIL=URL=/sites/Bibliotheque/Lists/OBJGEOTERRITOIRE; lecture seule; aucune correction appliquee.";"01-DSE-AUDIT-LISTES-SHAREPOINT-20260913-171430-LISTE-020-171503975";"JOURNAL - HISTORIQUE NON CLASSIFIE";"";"";"";"";"";"";"";"";"09/17/2026 14:07:46";"09/13/2026 15:15:05";"";""
"1101";"01-DSE-AUDIT-LISTES-SHAREPOINT-20260913-171430-LISTE-021-171505482";"";"";"";"09/13/2026 17:15:05";"LISTE CONTROLEE";"Etat SharePoint non modifie";"Elements=34868; Colonnes=113; Vues=6";"";"Non";"Non";"Non";"EXECUTION=01-DSE-AUDIT-LISTES-SHAREPOINT-20260913-171430; SCRIPT=01-DSE-AUDIT-LISTES-SHAREPOINT; VERSION=1.6.2; QUAND=13/09/2026 17:15:05.482; QUI=PowerShell DSE - Pascal ZIMMER; QUOI=LISTE CONTROLEE; OU=OBJ-GEO-VILLE; POURQUOI=Controler chaque liste afin de conserver son etat quantitatif dans la memoire historique DSE.; RESULTAT=SUCCES; DETAIL=URL=/sites/Bibliotheque/Lists/OBJGEOVILLE; lecture seule; aucune correction appliquee.";"01-DSE-AUDIT-LISTES-SHAREPOINT-20260913-171430-LISTE-021-171505482";"JOURNAL - HISTORIQUE NON CLASSIFIE";"";"";"";"";"";"";"";"";"09/17/2026 14:07:47";"09/13/2026 15:15:08";"";""
"1102";"01-DSE-AUDIT-LISTES-SHAREPOINT-20260913-171430-LISTE-022-171506980";"";"";"";"09/13/2026 17:15:06";"LISTE CONTROLEE";"Etat SharePoint non modifie";"Elements=35; Colonnes=104; Vues=5";"";"Non";"Non";"Non";"EXECUTION=01-DSE-AUDIT-LISTES-SHAREPOINT-20260913-171430; SCRIPT=01-DSE-AUDIT-LISTES-SHAREPOINT; VERSION=1.6.2; QUAND=13/09/2026 17:15:06.980; QUI=PowerShell DSE - Pascal ZIMMER; QUOI=LISTE CONTROLEE; OU=OBJ-GEO-ZONE; POURQUOI=Controler chaque liste afin de conserver son etat quantitatif dans la memoire historique DSE.; RESULTAT=SUCCES; DETAIL=URL=/sites/Bibliotheque/Lists/OBJGEOZONE; lecture seule; aucune correction appliquee.";"01-DSE-AUDIT-LISTES-SHAREPOINT-20260913-171430-LISTE-022-171506980";"JOURNAL - HISTORIQUE NON CLASSIFIE";"";"";"";"";"";"";"";"";"09/17/2026 14:07:48";"09/13/2026 15:15:08";"";""
"1103";"01-DSE-AUDIT-LISTES-SHAREPOINT-20260913-171430-LISTE-023-171508394";"";"";"";"09/13/2026 17:15:08";"LISTE CONTROLEE";"Etat SharePoint non modifie";"Elements=1079; Colonnes=101; Vues=1";"";"Non";"Non";"Non";"EXECUTION=01-DSE-AUDIT-LISTES-SHAREPOINT-20260913-171430; SCRIPT=01-DSE-AUDIT-LISTES-SHAREPOINT; VERSION=1.6.2; QUAND=13/09/2026 17:15:08.394; QUI=PowerShell DSE - Pascal ZIMMER; QUOI=LISTE CONTROLEE; OU=OBJ-JRN; POURQUOI=Controler chaque liste afin de conserver son etat quantitatif dans la memoire historique DSE.; RESULTAT=SUCCES; DETAIL=URL=/sites/Bibliotheque/Lists/OBJJRN; lecture seule; aucune correction appliquee.";"01-DSE-AUDIT-LISTES-SHAREPOINT-20260913-171430-LISTE-023-171508394";"JOURNAL - HISTORIQUE NON CLASSIFIE";"";"";"";"";"";"";"";"";"09/17/2026 14:07:50";"09/13/2026 15:15:10";"";""
"1104";"01-DSE-AUDIT-LISTES-SHAREPOINT-20260913-171430-LISTE-024-171509894";"";"";"";"09/13/2026 17:15:09";"LISTE CONTROLEE";"Etat SharePoint non modifie";"Elements=74; Colonnes=110; Vues=1";"";"Non";"Non";"Non";"EXECUTION=01-DSE-AUDIT-LISTES-SHAREPOINT-20260913-171430; SCRIPT=01-DSE-AUDIT-LISTES-SHAREPOINT; VERSION=1.6.2; QUAND=13/09/2026 17:15:09.894; QUI=PowerShell DSE - Pascal ZIMMER; QUOI=LISTE CONTROLEE; OU=OBJ-JRN-GEO; POURQUOI=Controler chaque liste afin de conserver son etat quantitatif dans la memoire historique DSE.; RESULTAT=SUCCES; DETAIL=URL=/sites/Bibliotheque/Lists/OBJJRNGEO; lecture seule; aucune correction appliquee.";"01-DSE-AUDIT-LISTES-SHAREPOINT-20260913-171430-LISTE-024-171509894";"JOURNAL - HISTORIQUE NON CLASSIFIE";"";"";"";"";"";"";"";"";"09/17/2026 14:07:51";"09/13/2026 15:15:11";"";""
"1105";"01-DSE-AUDIT-LISTES-SHAREPOINT-20260913-171430-LISTE-025-171511345";"";"";"";"09/13/2026 17:15:11";"LISTE CONTROLEE";"Etat SharePoint non modifie";"Elements=52; Colonnes=106; Vues=8";"";"Non";"Non";"Non";"EXECUTION=01-DSE-AUDIT-LISTES-SHAREPOINT-20260913-171430; SCRIPT=01-DSE-AUDIT-LISTES-SHAREPOINT; VERSION=1.6.2; QUAND=13/09/2026 17:15:11.345; QUI=PowerShell DSE - Pascal ZIMMER; QUOI=LISTE CONTROLEE; OU=OBJ-LST; POURQUOI=Controler chaque liste afin de conserver son etat quantitatif dans la memoire historique DSE.; RESULTAT=SUCCES; DETAIL=URL=/sites/Bibliotheque/Lists/OBJLST; lecture seule; aucune correction appliquee.";"01-DSE-AUDIT-LISTES-SHAREPOINT-20260913-171430-LISTE-025-171511345";"JOURNAL - HISTORIQUE NON CLASSIFIE";"";"";"";"";"";"";"";"";"09/17/2026 14:07:52";"09/13/2026 15:15:13";"";""
"1106";"01-DSE-AUDIT-LISTES-SHAREPOINT-20260913-171430-LISTE-026-171512808";"";"";"";"09/13/2026 17:15:12";"LISTE VIDE DETECTEE";"Etat SharePoint non modifie";"Elements=0; Colonnes=85; Vues=1";"";"Oui";"Non";"Non";"EXECUTION=01-DSE-AUDIT-LISTES-SHAREPOINT-20260913-171430; SCRIPT=01-DSE-AUDIT-LISTES-SHAREPOINT; VERSION=1.6.2; QUAND=13/09/2026 17:15:12.808; QUI=PowerShell DSE - Pascal ZIMMER; QUOI=LISTE VIDE DETECTEE; OU=OBJ-MODULE; POURQUOI=Controler chaque liste afin de conserver son etat quantitatif dans la memoire historique DSE.; RESULTAT=AVERTISSEMENT; DETAIL=URL=/sites/Bibliotheque/Lists/OBJMODULE; lecture seule; aucune correction appliquee.";"01-DSE-AUDIT-LISTES-SHAREPOINT-20260913-171430-LISTE-026-171512808";"JOURNAL - HISTORIQUE NON CLASSIFIE";"";"";"";"";"";"";"";"";"09/17/2026 14:07:54";"09/13/2026 15:15:14";"";""
"1107";"01-DSE-AUDIT-LISTES-SHAREPOINT-20260913-171430-LISTE-027-171514264";"";"";"";"09/13/2026 17:15:14";"LISTE CONTROLEE";"Etat SharePoint non modifie";"Elements=4; Colonnes=108; Vues=10";"";"Non";"Non";"Non";"EXECUTION=01-DSE-AUDIT-LISTES-SHAREPOINT-20260913-171430; SCRIPT=01-DSE-AUDIT-LISTES-SHAREPOINT; VERSION=1.6.2; QUAND=13/09/2026 17:15:14.264; QUI=PowerShell DSE - Pascal ZIMMER; QUOI=LISTE CONTROLEE; OU=OBJ-ORG; POURQUOI=Controler chaque liste afin de conserver son etat quantitatif dans la memoire historique DSE.; RESULTAT=SUCCES; DETAIL=URL=/sites/Bibliotheque/Lists/OBJORG; lecture seule; aucune correction appliquee.";"01-DSE-AUDIT-LISTES-SHAREPOINT-20260913-171430-LISTE-027-171514264";"JOURNAL - HISTORIQUE NON CLASSIFIE";"";"";"";"";"";"";"";"";"09/17/2026 14:07:54";"09/13/2026 15:15:16";"";""
"1108";"01-DSE-AUDIT-LISTES-SHAREPOINT-20260913-171430-LISTE-028-171515934";"";"";"";"09/13/2026 17:15:15";"LISTE CONTROLEE";"Etat SharePoint non modifie";"Elements=4; Colonnes=101; Vues=4";"";"Non";"Non";"Non";"EXECUTION=01-DSE-AUDIT-LISTES-SHAREPOINT-20260913-171430; SCRIPT=01-DSE-AUDIT-LISTES-SHAREPOINT; VERSION=1.6.2; QUAND=13/09/2026 17:15:15.934; QUI=PowerShell DSE - Pascal ZIMMER; QUOI=LISTE CONTROLEE; OU=OBJ-ORG-COMPTE; POURQUOI=Controler chaque liste afin de conserver son etat quantitatif dans la memoire historique DSE.; RESULTAT=SUCCES; DETAIL=URL=/sites/Bibliotheque/Lists/OBJORGCOMPTE; lecture seule; aucune correction appliquee.";"01-DSE-AUDIT-LISTES-SHAREPOINT-20260913-171430-LISTE-028-171515934";"JOURNAL - HISTORIQUE NON CLASSIFIE";"";"";"";"";"";"";"";"";"09/17/2026 14:07:55";"09/13/2026 15:15:17";"";""
"1109";"01-DSE-AUDIT-LISTES-SHAREPOINT-20260913-171430-LISTE-029-171517365";"";"";"";"09/13/2026 17:15:17";"LISTE CONTROLEE";"Etat SharePoint non modifie";"Elements=2; Colonnes=105; Vues=4";"";"Non";"Non";"Non";"EXECUTION=01-DSE-AUDIT-LISTES-SHAREPOINT-20260913-171430; SCRIPT=01-DSE-AUDIT-LISTES-SHAREPOINT; VERSION=1.6.2; QUAND=13/09/2026 17:15:17.365; QUI=PowerShell DSE - Pascal ZIMMER; QUOI=LISTE CONTROLEE; OU=OBJ-ORG-CONTACT; POURQUOI=Controler chaque liste afin de conserver son etat quantitatif dans la memoire historique DSE.; RESULTAT=SUCCES; DETAIL=URL=/sites/Bibliotheque/Lists/OBJORGCONTACT; lecture seule; aucune correction appliquee.";"01-DSE-AUDIT-LISTES-SHAREPOINT-20260913-171430-LISTE-029-171517365";"JOURNAL - HISTORIQUE NON CLASSIFIE";"";"";"";"";"";"";"";"";"09/17/2026 14:07:56";"09/13/2026 15:15:19";"";""
"1110";"01-DSE-AUDIT-LISTES-SHAREPOINT-20260913-171430-LISTE-030-171518873";"";"";"";"09/13/2026 17:15:18";"LISTE VIDE DETECTEE";"Etat SharePoint non modifie";"Elements=0; Colonnes=85; Vues=1";"";"Oui";"Non";"Non";"EXECUTION=01-DSE-AUDIT-LISTES-SHAREPOINT-20260913-171430; SCRIPT=01-DSE-AUDIT-LISTES-SHAREPOINT; VERSION=1.6.2; QUAND=13/09/2026 17:15:18.873; QUI=PowerShell DSE - Pascal ZIMMER; QUOI=LISTE VIDE DETECTEE; OU=OBJ-PWS; POURQUOI=Controler chaque liste afin de conserver son etat quantitatif dans la memoire historique DSE.; RESULTAT=AVERTISSEMENT; DETAIL=URL=/sites/Bibliotheque/Lists/OBJPWS; lecture seule; aucune correction appliquee.";"01-DSE-AUDIT-LISTES-SHAREPOINT-20260913-171430-LISTE-030-171518873";"JOURNAL - HISTORIQUE NON CLASSIFIE";"";"";"";"";"";"";"";"";"09/17/2026 14:07:57";"09/13/2026 15:15:20";"";""
"1111";"01-DSE-AUDIT-LISTES-SHAREPOINT-20260913-171430-LISTE-031-171520321";"";"";"";"09/13/2026 17:15:20";"LISTE CONTROLEE";"Etat SharePoint non modifie";"Elements=22; Colonnes=99; Vues=5";"";"Non";"Non";"Non";"EXECUTION=01-DSE-AUDIT-LISTES-SHAREPOINT-20260913-171430; SCRIPT=01-DSE-AUDIT-LISTES-SHAREPOINT; VERSION=1.6.2; QUAND=13/09/2026 17:15:20.321; QUI=PowerShell DSE - Pascal ZIMMER; QUOI=LISTE CONTROLEE; OU=OBJ-REF-00-TYPES-OBJETS; POURQUOI=Controler chaque liste afin de conserver son etat quantitatif dans la memoire historique DSE.; RESULTAT=SUCCES; DETAIL=URL=/sites/Bibliotheque/Lists/OBJREF00; lecture seule; aucune correction appliquee.";"01-DSE-AUDIT-LISTES-SHAREPOINT-20260913-171430-LISTE-031-171520321";"JOURNAL - HISTORIQUE NON CLASSIFIE";"";"";"";"";"";"";"";"";"09/17/2026 14:07:58";"09/13/2026 15:15:22";"";""
"1112";"01-DSE-AUDIT-LISTES-SHAREPOINT-20260913-171430-LISTE-032-171521724";"";"";"";"09/13/2026 17:15:21";"LISTE CONTROLEE";"Etat SharePoint non modifie";"Elements=8; Colonnes=92; Vues=4";"";"Non";"Non";"Non";"EXECUTION=01-DSE-AUDIT-LISTES-SHAREPOINT-20260913-171430; SCRIPT=01-DSE-AUDIT-LISTES-SHAREPOINT; VERSION=1.6.2; QUAND=13/09/2026 17:15:21.724; QUI=PowerShell DSE - Pascal ZIMMER; QUOI=LISTE CONTROLEE; OU=OBJ-REF-01-FAMILLES-OBJETS; POURQUOI=Controler chaque liste afin de conserver son etat quantitatif dans la memoire historique DSE.; RESULTAT=SUCCES; DETAIL=URL=/sites/Bibliotheque/Lists/OBJREF01FAMILLESOBJETS; lecture seule; aucune correction appliquee.";"01-DSE-AUDIT-LISTES-SHAREPOINT-20260913-171430-LISTE-032-171521724";"JOURNAL - HISTORIQUE NON CLASSIFIE";"";"";"";"";"";"";"";"";"09/17/2026 14:08:00";"09/13/2026 15:15:23";"";""
"1113";"01-DSE-AUDIT-LISTES-SHAREPOINT-20260913-171430-LISTE-033-171523119";"";"";"";"09/13/2026 17:15:23";"LISTE CONTROLEE";"Etat SharePoint non modifie";"Elements=10; Colonnes=93; Vues=4";"";"Non";"Non";"Non";"EXECUTION=01-DSE-AUDIT-LISTES-SHAREPOINT-20260913-171430; SCRIPT=01-DSE-AUDIT-LISTES-SHAREPOINT; VERSION=1.6.2; QUAND=13/09/2026 17:15:23.119; QUI=PowerShell DSE - Pascal ZIMMER; QUOI=LISTE CONTROLEE; OU=OBJ-REF-02-CATEGORIES-OBJETS; POURQUOI=Controler chaque liste afin de conserver son etat quantitatif dans la memoire historique DSE.; RESULTAT=SUCCES; DETAIL=URL=/sites/Bibliotheque/Lists/OBJREF02CATEGORIESOBJETS; lecture seule; aucune correction appliquee.";"01-DSE-AUDIT-LISTES-SHAREPOINT-20260913-171430-LISTE-033-171523119";"JOURNAL - HISTORIQUE NON CLASSIFIE";"";"";"";"";"";"";"";"";"09/17/2026 14:08:01";"09/13/2026 15:15:25";"";""
"1114";"01-DSE-AUDIT-LISTES-SHAREPOINT-20260913-171430-LISTE-034-171524641";"";"";"";"09/13/2026 17:15:24";"LISTE CONTROLEE";"Etat SharePoint non modifie";"Elements=1; Colonnes=94; Vues=4";"";"Non";"Non";"Non";"EXECUTION=01-DSE-AUDIT-LISTES-SHAREPOINT-20260913-171430; SCRIPT=01-DSE-AUDIT-LISTES-SHAREPOINT; VERSION=1.6.2; QUAND=13/09/2026 17:15:24.641; QUI=PowerShell DSE - Pascal ZIMMER; QUOI=LISTE CONTROLEE; OU=OBJ-REF-03-PROPRIETAIRES-REFERENTIELS; POURQUOI=Controler chaque liste afin de conserver son etat quantitatif dans la memoire historique DSE.; RESULTAT=SUCCES; DETAIL=URL=/sites/Bibliotheque/Lists/OBJREF03PROPRIETAIRESREFERENTIELS; lecture seule; aucune correction appliquee.";"01-DSE-AUDIT-LISTES-SHAREPOINT-20260913-171430-LISTE-034-171524641";"JOURNAL - HISTORIQUE NON CLASSIFIE";"";"";"";"";"";"";"";"";"09/17/2026 14:08:02";"09/13/2026 15:15:26";"";""
"1115";"01-DSE-AUDIT-LISTES-SHAREPOINT-20260913-171430-LISTE-035-171526027";"";"";"";"09/13/2026 17:15:26";"LISTE CONTROLEE";"Etat SharePoint non modifie";"Elements=12; Colonnes=92; Vues=4";"";"Non";"Non";"Non";"EXECUTION=01-DSE-AUDIT-LISTES-SHAREPOINT-20260913-171430; SCRIPT=01-DSE-AUDIT-LISTES-SHAREPOINT; VERSION=1.6.2; QUAND=13/09/2026 17:15:26.027; QUI=PowerShell DSE - Pascal ZIMMER; QUOI=LISTE CONTROLEE; OU=OBJ-REF-04-DOMAINES; POURQUOI=Controler chaque liste afin de conserver son etat quantitatif dans la memoire historique DSE.; RESULTAT=SUCCES; DETAIL=URL=/sites/Bibliotheque/Lists/OBJREF04DOMAINES; lecture seule; aucune correction appliquee.";"01-DSE-AUDIT-LISTES-SHAREPOINT-20260913-171430-LISTE-035-171526027";"JOURNAL - HISTORIQUE NON CLASSIFIE";"";"";"";"";"";"";"";"";"09/17/2026 14:08:03";"09/13/2026 15:15:28";"";""
"1116";"01-DSE-AUDIT-LISTES-SHAREPOINT-20260913-171430-LISTE-036-171527483";"";"";"";"09/13/2026 17:15:27";"LISTE CONTROLEE";"Etat SharePoint non modifie";"Elements=49; Colonnes=95; Vues=1";"";"Non";"Non";"Non";"EXECUTION=01-DSE-AUDIT-LISTES-SHAREPOINT-20260913-171430; SCRIPT=01-DSE-AUDIT-LISTES-SHAREPOINT; VERSION=1.6.2; QUAND=13/09/2026 17:15:27.483; QUI=PowerShell DSE - Pascal ZIMMER; QUOI=LISTE CONTROLEE; OU=OBJ-REF-10-TECHNOLOGIES; POURQUOI=Controler chaque liste afin de conserver son etat quantitatif dans la memoire historique DSE.; RESULTAT=SUCCES; DETAIL=URL=/sites/Bibliotheque/Lists/OBJREF10; lecture seule; aucune correction appliquee.";"01-DSE-AUDIT-LISTES-SHAREPOINT-20260913-171430-LISTE-036-171527483";"JOURNAL - HISTORIQUE NON CLASSIFIE";"";"";"";"";"";"";"";"";"09/17/2026 14:08:05";"09/13/2026 15:15:29";"";""
"1117";"01-DSE-AUDIT-LISTES-SHAREPOINT-20260913-171430-LISTE-037-171528870";"";"";"";"09/13/2026 17:15:28";"LISTE CONTROLEE";"Etat SharePoint non modifie";"Elements=17; Colonnes=99; Vues=1";"";"Non";"Non";"Non";"EXECUTION=01-DSE-AUDIT-LISTES-SHAREPOINT-20260913-171430; SCRIPT=01-DSE-AUDIT-LISTES-SHAREPOINT; VERSION=1.6.2; QUAND=13/09/2026 17:15:28.870; QUI=PowerShell DSE - Pascal ZIMMER; QUOI=LISTE CONTROLEE; OU=OBJ-REF-20-STATUTS-GENERAUX; POURQUOI=Controler chaque liste afin de conserver son etat quantitatif dans la memoire historique DSE.; RESULTAT=SUCCES; DETAIL=URL=/sites/Bibliotheque/Lists/OBJREF20; lecture seule; aucune correction appliquee.";"01-DSE-AUDIT-LISTES-SHAREPOINT-20260913-171430-LISTE-037-171528870";"JOURNAL - HISTORIQUE NON CLASSIFIE";"";"";"";"";"";"";"";"";"09/17/2026 14:08:06";"09/13/2026 15:15:30";"";""
"1118";"01-DSE-AUDIT-LISTES-SHAREPOINT-20260913-171430-LISTE-038-171530338";"";"";"";"09/13/2026 17:15:30";"LISTE CONTROLEE";"Etat SharePoint non modifie";"Elements=20; Colonnes=99; Vues=1";"";"Non";"Non";"Non";"EXECUTION=01-DSE-AUDIT-LISTES-SHAREPOINT-20260913-171430; SCRIPT=01-DSE-AUDIT-LISTES-SHAREPOINT; VERSION=1.6.2; QUAND=13/09/2026 17:15:30.338; QUI=PowerShell DSE - Pascal ZIMMER; QUOI=LISTE CONTROLEE; OU=OBJ-REF-30-PRIORITES; POURQUOI=Controler chaque liste afin de conserver son etat quantitatif dans la memoire historique DSE.; RESULTAT=SUCCES; DETAIL=URL=/sites/Bibliotheque/Lists/OBJREF30; lecture seule; aucune correction appliquee.";"01-DSE-AUDIT-LISTES-SHAREPOINT-20260913-171430-LISTE-038-171530338";"JOURNAL - HISTORIQUE NON CLASSIFIE";"";"";"";"";"";"";"";"";"09/17/2026 14:08:07";"09/13/2026 15:15:32";"";""
"1119";"01-DSE-AUDIT-LISTES-SHAREPOINT-20260913-171430-LISTE-039-171531774";"";"";"";"09/13/2026 17:15:31";"LISTE CONTROLEE";"Etat SharePoint non modifie";"Elements=18; Colonnes=99; Vues=1";"";"Non";"Non";"Non";"EXECUTION=01-DSE-AUDIT-LISTES-SHAREPOINT-20260913-171430; SCRIPT=01-DSE-AUDIT-LISTES-SHAREPOINT; VERSION=1.6.2; QUAND=13/09/2026 17:15:31.774; QUI=PowerShell DSE - Pascal ZIMMER; QUOI=LISTE CONTROLEE; OU=OBJ-REF-40-USAGES; POURQUOI=Controler chaque liste afin de conserver son etat quantitatif dans la memoire historique DSE.; RESULTAT=SUCCES; DETAIL=URL=/sites/Bibliotheque/Lists/OBJREF40; lecture seule; aucune correction appliquee.";"01-DSE-AUDIT-LISTES-SHAREPOINT-20260913-171430-LISTE-039-171531774";"JOURNAL - HISTORIQUE NON CLASSIFIE";"";"";"";"";"";"";"";"";"09/17/2026 14:08:08";"09/13/2026 15:15:33";"";""
"1120";"01-DSE-AUDIT-LISTES-SHAREPOINT-20260913-171430-LISTE-040-171533123";"";"";"";"09/13/2026 17:15:33";"LISTE CONTROLEE";"Etat SharePoint non modifie";"Elements=11; Colonnes=99; Vues=1";"";"Non";"Non";"Non";"EXECUTION=01-DSE-AUDIT-LISTES-SHAREPOINT-20260913-171430; SCRIPT=01-DSE-AUDIT-LISTES-SHAREPOINT; VERSION=1.6.2; QUAND=13/09/2026 17:15:33.123; QUI=PowerShell DSE - Pascal ZIMMER; QUOI=LISTE CONTROLEE; OU=OBJ-REF-50-ROLES; POURQUOI=Controler chaque liste afin de conserver son etat quantitatif dans la memoire historique DSE.; RESULTAT=SUCCES; DETAIL=URL=/sites/Bibliotheque/Lists/OBJREF50; lecture seule; aucune correction appliquee.";"01-DSE-AUDIT-LISTES-SHAREPOINT-20260913-171430-LISTE-040-171533123";"JOURNAL - HISTORIQUE NON CLASSIFIE";"";"";"";"";"";"";"";"";"09/17/2026 14:08:10";"09/13/2026 15:15:35";"";""
"1121";"01-DSE-AUDIT-LISTES-SHAREPOINT-20260913-171430-LISTE-041-171534573";"";"";"";"09/13/2026 17:15:34";"LISTE CONTROLEE";"Etat SharePoint non modifie";"Elements=16; Colonnes=99; Vues=1";"";"Non";"Non";"Non";"EXECUTION=01-DSE-AUDIT-LISTES-SHAREPOINT-20260913-171430; SCRIPT=01-DSE-AUDIT-LISTES-SHAREPOINT; VERSION=1.6.2; QUAND=13/09/2026 17:15:34.573; QUI=PowerShell DSE - Pascal ZIMMER; QUOI=LISTE CONTROLEE; OU=OBJ-REF-60-MODES-TRAITEMENT; POURQUOI=Controler chaque liste afin de conserver son etat quantitatif dans la memoire historique DSE.; RESULTAT=SUCCES; DETAIL=URL=/sites/Bibliotheque/Lists/OBJREF60; lecture seule; aucune correction appliquee.";"01-DSE-AUDIT-LISTES-SHAREPOINT-20260913-171430-LISTE-041-171534573";"JOURNAL - HISTORIQUE NON CLASSIFIE";"";"";"";"";"";"";"";"";"09/17/2026 14:08:10";"09/13/2026 15:15:36";"";""
"1122";"01-DSE-AUDIT-LISTES-SHAREPOINT-20260913-171430-LISTE-042-171535998";"";"";"";"09/13/2026 17:15:35";"LISTE CONTROLEE";"Etat SharePoint non modifie";"Elements=19; Colonnes=99; Vues=1";"";"Non";"Non";"Non";"EXECUTION=01-DSE-AUDIT-LISTES-SHAREPOINT-20260913-171430; SCRIPT=01-DSE-AUDIT-LISTES-SHAREPOINT; VERSION=1.6.2; QUAND=13/09/2026 17:15:35.998; QUI=PowerShell DSE - Pascal ZIMMER; QUOI=LISTE CONTROLEE; OU=OBJ-REF-70-RELATIONS; POURQUOI=Controler chaque liste afin de conserver son etat quantitatif dans la memoire historique DSE.; RESULTAT=SUCCES; DETAIL=URL=/sites/Bibliotheque/Lists/OBJREF70; lecture seule; aucune correction appliquee.";"01-DSE-AUDIT-LISTES-SHAREPOINT-20260913-171430-LISTE-042-171535998";"JOURNAL - HISTORIQUE NON CLASSIFIE";"";"";"";"";"";"";"";"";"09/17/2026 14:08:11";"09/13/2026 15:15:37";"";""
"1123";"01-DSE-AUDIT-LISTES-SHAREPOINT-20260913-171430-LISTE-043-171537397";"";"";"";"09/13/2026 17:15:37";"LISTE CONTROLEE";"Etat SharePoint non modifie";"Elements=15; Colonnes=99; Vues=1";"";"Non";"Non";"Non";"EXECUTION=01-DSE-AUDIT-LISTES-SHAREPOINT-20260913-171430; SCRIPT=01-DSE-AUDIT-LISTES-SHAREPOINT; VERSION=1.6.2; QUAND=13/09/2026 17:15:37.397; QUI=PowerShell DSE - Pascal ZIMMER; QUOI=LISTE CONTROLEE; OU=OBJ-REF-80-FREQUENCES; POURQUOI=Controler chaque liste afin de conserver son etat quantitatif dans la memoire historique DSE.; RESULTAT=SUCCES; DETAIL=URL=/sites/Bibliotheque/Lists/OBJREF80; lecture seule; aucune correction appliquee.";"01-DSE-AUDIT-LISTES-SHAREPOINT-20260913-171430-LISTE-043-171537397";"JOURNAL - HISTORIQUE NON CLASSIFIE";"";"";"";"";"";"";"";"";"09/17/2026 14:08:12";"09/13/2026 15:15:39";"";""
"1124";"01-DSE-AUDIT-LISTES-SHAREPOINT-20260913-171430-LISTE-044-171538852";"";"";"";"09/13/2026 17:15:38";"LISTE CONTROLEE";"Etat SharePoint non modifie";"Elements=18; Colonnes=99; Vues=1";"";"Non";"Non";"Non";"EXECUTION=01-DSE-AUDIT-LISTES-SHAREPOINT-20260913-171430; SCRIPT=01-DSE-AUDIT-LISTES-SHAREPOINT; VERSION=1.6.2; QUAND=13/09/2026 17:15:38.852; QUI=PowerShell DSE - Pascal ZIMMER; QUOI=LISTE CONTROLEE; OU=OBJ-REF-90-QUALITE; POURQUOI=Controler chaque liste afin de conserver son etat quantitatif dans la memoire historique DSE.; RESULTAT=SUCCES; DETAIL=URL=/sites/Bibliotheque/Lists/OBJREF90; lecture seule; aucune correction appliquee.";"01-DSE-AUDIT-LISTES-SHAREPOINT-20260913-171430-LISTE-044-171538852";"JOURNAL - HISTORIQUE NON CLASSIFIE";"";"";"";"";"";"";"";"";"09/17/2026 14:08:13";"09/13/2026 15:15:40";"";""
"1125";"01-DSE-AUDIT-LISTES-SHAREPOINT-20260913-171430-LISTE-045-171540327";"";"";"";"09/13/2026 17:15:40";"LISTE CONTROLEE";"Etat SharePoint non modifie";"Elements=8; Colonnes=88; Vues=1";"";"Non";"Non";"Non";"EXECUTION=01-DSE-AUDIT-LISTES-SHAREPOINT-20260913-171430; SCRIPT=01-DSE-AUDIT-LISTES-SHAREPOINT; VERSION=1.6.2; QUAND=13/09/2026 17:15:40.327; QUI=PowerShell DSE - Pascal ZIMMER; QUOI=LISTE CONTROLEE; OU=OBJ-REF-95-POWER-PAGES-COMPOSANTS; POURQUOI=Controler chaque liste afin de conserver son etat quantitatif dans la memoire historique DSE.; RESULTAT=SUCCES; DETAIL=URL=/sites/Bibliotheque/Lists/OBJREF95; lecture seule; aucune correction appliquee.";"01-DSE-AUDIT-LISTES-SHAREPOINT-20260913-171430-LISTE-045-171540327";"JOURNAL - HISTORIQUE NON CLASSIFIE";"";"";"";"";"";"";"";"";"09/17/2026 14:08:14";"09/13/2026 15:15:42";"";""
"1126";"01-DSE-AUDIT-LISTES-SHAREPOINT-20260913-171430-LISTE-046-171541830";"";"";"";"09/13/2026 17:15:41";"LISTE CONTROLEE";"Etat SharePoint non modifie";"Elements=6; Colonnes=97; Vues=7";"";"Non";"Non";"Non";"EXECUTION=01-DSE-AUDIT-LISTES-SHAREPOINT-20260913-171430; SCRIPT=01-DSE-AUDIT-LISTES-SHAREPOINT; VERSION=1.6.2; QUAND=13/09/2026 17:15:41.830; QUI=PowerShell DSE - Pascal ZIMMER; QUOI=LISTE CONTROLEE; OU=OBJ-REF-99-REGISTRE-REFERENTIELS; POURQUOI=Controler chaque liste afin de conserver son etat quantitatif dans la memoire historique DSE.; RESULTAT=SUCCES; DETAIL=URL=/sites/Bibliotheque/Lists/OBJREF99REGISTREREFERENTIELS; lecture seule; aucune correction appliquee.";"01-DSE-AUDIT-LISTES-SHAREPOINT-20260913-171430-LISTE-046-171541830";"JOURNAL - HISTORIQUE NON CLASSIFIE";"";"";"";"";"";"";"";"";"09/17/2026 14:08:16";"09/13/2026 15:15:43";"";""
"1127";"01-DSE-AUDIT-LISTES-SHAREPOINT-20260913-171430-LISTE-047-171543286";"";"";"";"09/13/2026 17:15:43";"LISTE CONTROLEE";"Etat SharePoint non modifie";"Elements=14; Colonnes=89; Vues=1";"";"Non";"Non";"Non";"EXECUTION=01-DSE-AUDIT-LISTES-SHAREPOINT-20260913-171430; SCRIPT=01-DSE-AUDIT-LISTES-SHAREPOINT; VERSION=1.6.2; QUAND=13/09/2026 17:15:43.286; QUI=PowerShell DSE - Pascal ZIMMER; QUOI=LISTE CONTROLEE; OU=OBJ-REF-DOMAINE; POURQUOI=Controler chaque liste afin de conserver son etat quantitatif dans la memoire historique DSE.; RESULTAT=SUCCES; DETAIL=URL=/sites/Bibliotheque/Lists/OBJREFDOMAINE; lecture seule; aucune correction appliquee.";"01-DSE-AUDIT-LISTES-SHAREPOINT-20260913-171430-LISTE-047-171543286";"JOURNAL - HISTORIQUE NON CLASSIFIE";"";"";"";"";"";"";"";"";"09/17/2026 14:08:17";"09/13/2026 15:15:45";"";""
"1128";"01-DSE-AUDIT-LISTES-SHAREPOINT-20260913-171430-LISTE-048-171544759";"";"";"";"09/13/2026 17:15:44";"LISTE CONTROLEE";"Etat SharePoint non modifie";"Elements=7; Colonnes=89; Vues=1";"";"Non";"Non";"Non";"EXECUTION=01-DSE-AUDIT-LISTES-SHAREPOINT-20260913-171430; SCRIPT=01-DSE-AUDIT-LISTES-SHAREPOINT; VERSION=1.6.2; QUAND=13/09/2026 17:15:44.759; QUI=PowerShell DSE - Pascal ZIMMER; QUOI=LISTE CONTROLEE; OU=OBJ-REF-LST-STATUT; POURQUOI=Controler chaque liste afin de conserver son etat quantitatif dans la memoire historique DSE.; RESULTAT=SUCCES; DETAIL=URL=/sites/Bibliotheque/Lists/OBJREFLSTSTATUT; lecture seule; aucune correction appliquee.";"01-DSE-AUDIT-LISTES-SHAREPOINT-20260913-171430-LISTE-048-171544759";"JOURNAL - HISTORIQUE NON CLASSIFIE";"";"";"";"";"";"";"";"";"09/17/2026 14:08:19";"09/13/2026 15:15:46";"";""
"1129";"01-DSE-AUDIT-LISTES-SHAREPOINT-20260913-171430-LISTE-049-171546209";"";"";"";"09/13/2026 17:15:46";"LISTE CONTROLEE";"Etat SharePoint non modifie";"Elements=11; Colonnes=89; Vues=1";"";"Non";"Non";"Non";"EXECUTION=01-DSE-AUDIT-LISTES-SHAREPOINT-20260913-171430; SCRIPT=01-DSE-AUDIT-LISTES-SHAREPOINT; VERSION=1.6.2; QUAND=13/09/2026 17:15:46.209; QUI=PowerShell DSE - Pascal ZIMMER; QUOI=LISTE CONTROLEE; OU=OBJ-REF-LST-TYPE; POURQUOI=Controler chaque liste afin de conserver son etat quantitatif dans la memoire historique DSE.; RESULTAT=SUCCES; DETAIL=URL=/sites/Bibliotheque/Lists/OBJREFLSTTYPE; lecture seule; aucune correction appliquee.";"01-DSE-AUDIT-LISTES-SHAREPOINT-20260913-171430-LISTE-049-171546209";"JOURNAL - HISTORIQUE NON CLASSIFIE";"";"";"";"";"";"";"";"";"09/17/2026 14:08:19";"09/13/2026 15:15:48";"";""
"1130";"01-DSE-AUDIT-LISTES-SHAREPOINT-20260913-171430-LISTE-050-171547629";"";"";"";"09/13/2026 17:15:47";"LISTE CONTROLEE";"Etat SharePoint non modifie";"Elements=11; Colonnes=89; Vues=2";"";"Non";"Non";"Non";"EXECUTION=01-DSE-AUDIT-LISTES-SHAREPOINT-20260913-171430; SCRIPT=01-DSE-AUDIT-LISTES-SHAREPOINT; VERSION=1.6.2; QUAND=13/09/2026 17:15:47.629; QUI=PowerShell DSE - Pascal ZIMMER; QUOI=LISTE CONTROLEE; OU=OBJ-REF-ORG-COMPTE-TYPE; POURQUOI=Controler chaque liste afin de conserver son etat quantitatif dans la memoire historique DSE.; RESULTAT=SUCCES; DETAIL=URL=/sites/Bibliotheque/Lists/OBJREFORGCOMPTETYPE; lecture seule; aucune correction appliquee.";"01-DSE-AUDIT-LISTES-SHAREPOINT-20260913-171430-LISTE-050-171547629";"JOURNAL - HISTORIQUE NON CLASSIFIE";"";"";"";"";"";"";"";"";"09/17/2026 14:08:20";"09/13/2026 15:15:49";"";""
"1131";"01-DSE-AUDIT-LISTES-SHAREPOINT-20260913-171430-LISTE-051-171549030";"";"";"";"09/13/2026 17:15:49";"LISTE CONTROLEE";"Etat SharePoint non modifie";"Elements=8; Colonnes=89; Vues=2";"";"Non";"Non";"Non";"EXECUTION=01-DSE-AUDIT-LISTES-SHAREPOINT-20260913-171430; SCRIPT=01-DSE-AUDIT-LISTES-SHAREPOINT; VERSION=1.6.2; QUAND=13/09/2026 17:15:49.030; QUI=PowerShell DSE - Pascal ZIMMER; QUOI=LISTE CONTROLEE; OU=OBJ-REF-ORG-CONTACT-TYPE; POURQUOI=Controler chaque liste afin de conserver son etat quantitatif dans la memoire historique DSE.; RESULTAT=SUCCES; DETAIL=URL=/sites/Bibliotheque/Lists/OBJREFORGCONTACTTYPE; lecture seule; aucune correction appliquee.";"01-DSE-AUDIT-LISTES-SHAREPOINT-20260913-171430-LISTE-051-171549030";"JOURNAL - HISTORIQUE NON CLASSIFIE";"";"";"";"";"";"";"";"";"09/17/2026 14:08:21";"09/13/2026 15:15:50";"";""
"1132";"01-DSE-AUDIT-LISTES-SHAREPOINT-20260913-171430-LISTE-052-171550490";"";"";"";"09/13/2026 17:15:50";"LISTE CONTROLEE";"Etat SharePoint non modifie";"Elements=9; Colonnes=89; Vues=2";"";"Non";"Non";"Non";"EXECUTION=01-DSE-AUDIT-LISTES-SHAREPOINT-20260913-171430; SCRIPT=01-DSE-AUDIT-LISTES-SHAREPOINT; VERSION=1.6.2; QUAND=13/09/2026 17:15:50.490; QUI=PowerShell DSE - Pascal ZIMMER; QUOI=LISTE CONTROLEE; OU=OBJ-REF-ORG-SECTEUR; POURQUOI=Controler chaque liste afin de conserver son etat quantitatif dans la memoire historique DSE.; RESULTAT=SUCCES; DETAIL=URL=/sites/Bibliotheque/Lists/OBJREFORGSECTEUR; lecture seule; aucune correction appliquee.";"01-DSE-AUDIT-LISTES-SHAREPOINT-20260913-171430-LISTE-052-171550490";"JOURNAL - HISTORIQUE NON CLASSIFIE";"";"";"";"";"";"";"";"";"09/17/2026 14:08:23";"09/13/2026 15:15:52";"";""
"1133";"01-DSE-AUDIT-LISTES-SHAREPOINT-20260913-171430-LISTE-053-171551900";"";"";"";"09/13/2026 17:15:51";"LISTE CONTROLEE";"Etat SharePoint non modifie";"Elements=6; Colonnes=89; Vues=2";"";"Non";"Non";"Non";"EXECUTION=01-DSE-AUDIT-LISTES-SHAREPOINT-20260913-171430; SCRIPT=01-DSE-AUDIT-LISTES-SHAREPOINT; VERSION=1.6.2; QUAND=13/09/2026 17:15:51.900; QUI=PowerShell DSE - Pascal ZIMMER; QUOI=LISTE CONTROLEE; OU=OBJ-REF-ORG-STATUT; POURQUOI=Controler chaque liste afin de conserver son etat quantitatif dans la memoire historique DSE.; RESULTAT=SUCCES; DETAIL=URL=/sites/Bibliotheque/Lists/OBJREFORGSTATUT; lecture seule; aucune correction appliquee.";"01-DSE-AUDIT-LISTES-SHAREPOINT-20260913-171430-LISTE-053-171551900";"JOURNAL - HISTORIQUE NON CLASSIFIE";"";"";"";"";"";"";"";"";"09/17/2026 14:08:24";"09/13/2026 15:15:53";"";""
"1134";"01-DSE-AUDIT-LISTES-SHAREPOINT-20260913-171430-LISTE-054-171553573";"";"";"";"09/13/2026 17:15:53";"LISTE CONTROLEE";"Etat SharePoint non modifie";"Elements=12; Colonnes=89; Vues=2";"";"Non";"Non";"Non";"EXECUTION=01-DSE-AUDIT-LISTES-SHAREPOINT-20260913-171430; SCRIPT=01-DSE-AUDIT-LISTES-SHAREPOINT; VERSION=1.6.2; QUAND=13/09/2026 17:15:53.573; QUI=PowerShell DSE - Pascal ZIMMER; QUOI=LISTE CONTROLEE; OU=OBJ-REF-ORG-TYPE; POURQUOI=Controler chaque liste afin de conserver son etat quantitatif dans la memoire historique DSE.; RESULTAT=SUCCES; DETAIL=URL=/sites/Bibliotheque/Lists/OBJREFORGTYPE; lecture seule; aucune correction appliquee.";"01-DSE-AUDIT-LISTES-SHAREPOINT-20260913-171430-LISTE-054-171553573";"JOURNAL - HISTORIQUE NON CLASSIFIE";"";"";"";"";"";"";"";"";"09/17/2026 14:08:25";"09/13/2026 15:15:55";"";""
"1135";"01-DSE-AUDIT-LISTES-SHAREPOINT-20260913-171430-LISTE-055-171554998";"";"";"";"09/13/2026 17:15:54";"LISTE CONTROLEE";"Etat SharePoint non modifie";"Elements=32; Colonnes=95; Vues=2";"";"Non";"Non";"Non";"EXECUTION=01-DSE-AUDIT-LISTES-SHAREPOINT-20260913-171430; SCRIPT=01-DSE-AUDIT-LISTES-SHAREPOINT; VERSION=1.6.2; QUAND=13/09/2026 17:15:54.998; QUI=PowerShell DSE - Pascal ZIMMER; QUOI=LISTE CONTROLEE; OU=OBJ-REL; POURQUOI=Controler chaque liste afin de conserver son etat quantitatif dans la memoire historique DSE.; RESULTAT=SUCCES; DETAIL=URL=/sites/Bibliotheque/Lists/OBJREL; lecture seule; aucune correction appliquee.";"01-DSE-AUDIT-LISTES-SHAREPOINT-20260913-171430-LISTE-055-171554998";"JOURNAL - HISTORIQUE NON CLASSIFIE";"";"";"";"";"";"";"";"";"09/17/2026 14:08:27";"09/13/2026 15:15:57";"";""
"1136";"01-DSE-AUDIT-LISTES-SHAREPOINT-20260913-171430-LISTE-056-171556490";"";"";"";"09/13/2026 17:15:56";"LISTE CONTROLEE";"Etat SharePoint non modifie";"Elements=10; Colonnes=101; Vues=9";"";"Non";"Non";"Non";"EXECUTION=01-DSE-AUDIT-LISTES-SHAREPOINT-20260913-171430; SCRIPT=01-DSE-AUDIT-LISTES-SHAREPOINT; VERSION=1.6.2; QUAND=13/09/2026 17:15:56.490; QUI=PowerShell DSE - Pascal ZIMMER; QUOI=LISTE CONTROLEE; OU=OBJ-SCR; POURQUOI=Controler chaque liste afin de conserver son etat quantitatif dans la memoire historique DSE.; RESULTAT=SUCCES; DETAIL=URL=/sites/Bibliotheque/Lists/OBJSCR; lecture seule; aucune correction appliquee.";"01-DSE-AUDIT-LISTES-SHAREPOINT-20260913-171430-LISTE-056-171556490";"JOURNAL - HISTORIQUE NON CLASSIFIE";"";"";"";"";"";"";"";"";"09/17/2026 14:08:27";"09/13/2026 15:15:58";"";""
"1137";"01-DSE-AUDIT-LISTES-SHAREPOINT-20260913-171430-LISTE-057-171557952";"";"";"";"09/13/2026 17:15:57";"LISTE VIDE DETECTEE";"Etat SharePoint non modifie";"Elements=0; Colonnes=85; Vues=1";"";"Oui";"Non";"Non";"EXECUTION=01-DSE-AUDIT-LISTES-SHAREPOINT-20260913-171430; SCRIPT=01-DSE-AUDIT-LISTES-SHAREPOINT; VERSION=1.6.2; QUAND=13/09/2026 17:15:57.952; QUI=PowerShell DSE - Pascal ZIMMER; QUOI=LISTE VIDE DETECTEE; OU=OBJ-SITE; POURQUOI=Controler chaque liste afin de conserver son etat quantitatif dans la memoire historique DSE.; RESULTAT=AVERTISSEMENT; DETAIL=URL=/sites/Bibliotheque/Lists/OBJSITE; lecture seule; aucune correction appliquee.";"01-DSE-AUDIT-LISTES-SHAREPOINT-20260913-171430-LISTE-057-171557952";"JOURNAL - HISTORIQUE NON CLASSIFIE";"";"";"";"";"";"";"";"";"09/17/2026 14:08:28";"09/13/2026 15:15:59";"";""
"1138";"01-DSE-AUDIT-LISTES-SHAREPOINT-20260913-171430-LISTE-058-171559321";"";"";"";"09/13/2026 17:15:59";"LISTE VIDE DETECTEE";"Etat SharePoint non modifie";"Elements=0; Colonnes=85; Vues=1";"";"Oui";"Non";"Non";"EXECUTION=01-DSE-AUDIT-LISTES-SHAREPOINT-20260913-171430; SCRIPT=01-DSE-AUDIT-LISTES-SHAREPOINT; VERSION=1.6.2; QUAND=13/09/2026 17:15:59.321; QUI=PowerShell DSE - Pascal ZIMMER; QUOI=LISTE VIDE DETECTEE; OU=OBJ-STATUT; POURQUOI=Controler chaque liste afin de conserver son etat quantitatif dans la memoire historique DSE.; RESULTAT=AVERTISSEMENT; DETAIL=URL=/sites/Bibliotheque/Lists/OBJSTATUT; lecture seule; aucune correction appliquee.";"01-DSE-AUDIT-LISTES-SHAREPOINT-20260913-171430-LISTE-058-171559321";"JOURNAL - HISTORIQUE NON CLASSIFIE";"";"";"";"";"";"";"";"";"09/17/2026 14:08:30";"09/13/2026 15:16:01";"";""
"1139";"01-DSE-AUDIT-LISTES-SHAREPOINT-20260913-171430-LISTE-059-171600776";"";"";"";"09/13/2026 17:16:00";"LISTE CONTROLEE";"Etat SharePoint non modifie";"Elements=18; Colonnes=89; Vues=2";"";"Non";"Non";"Non";"EXECUTION=01-DSE-AUDIT-LISTES-SHAREPOINT-20260913-171430; SCRIPT=01-DSE-AUDIT-LISTES-SHAREPOINT; VERSION=1.6.2; QUAND=13/09/2026 17:16:00.776; QUI=PowerShell DSE - Pascal ZIMMER; QUOI=LISTE CONTROLEE; OU=Présentations composées; POURQUOI=Controler chaque liste afin de conserver son etat quantitatif dans la memoire historique DSE.; RESULTAT=SUCCES; DETAIL=URL=/sites/Bibliotheque/_catalogs/design; lecture seule; aucune correction appliquee.";"01-DSE-AUDIT-LISTES-SHAREPOINT-20260913-171430-LISTE-059-171600776";"JOURNAL - HISTORIQUE NON CLASSIFIE";"";"";"";"";"";"";"";"";"09/17/2026 14:08:32";"09/13/2026 15:16:02";"";""
"1140";"01-DSE-AUDIT-LISTES-SHAREPOINT-20260913-171430-LISTE-060-171602241";"";"";"";"09/13/2026 17:16:02";"LISTE CONTROLEE";"Etat SharePoint non modifie";"Elements=12; Colonnes=194; Vues=1";"";"Non";"Non";"Non";"EXECUTION=01-DSE-AUDIT-LISTES-SHAREPOINT-20260913-171430; SCRIPT=01-DSE-AUDIT-LISTES-SHAREPOINT; VERSION=1.6.2; QUAND=13/09/2026 17:16:02.241; QUI=PowerShell DSE - Pascal ZIMMER; QUOI=LISTE CONTROLEE; OU=TaxonomyHiddenList; POURQUOI=Controler chaque liste afin de conserver son etat quantitatif dans la memoire historique DSE.; RESULTAT=SUCCES; DETAIL=URL=/sites/Bibliotheque/Lists/TaxonomyHiddenList; lecture seule; aucune correction appliquee.";"01-DSE-AUDIT-LISTES-SHAREPOINT-20260913-171430-LISTE-060-171602241";"JOURNAL - HISTORIQUE NON CLASSIFIE";"";"";"";"";"";"";"";"";"09/17/2026 14:08:32";"09/13/2026 15:16:04";"";""
"1141";"01-DSE-AUDIT-LISTES-SHAREPOINT-20260913-171430-RAPPORT-CSV-171603015";"";"";"";"09/13/2026 17:16:03";"CREATION RAPPORT CSV";"Rapport absent";"Rapport CSV cree";"";"Non";"Non";"Non";"EXECUTION=01-DSE-AUDIT-LISTES-SHAREPOINT-20260913-171430; SCRIPT=01-DSE-AUDIT-LISTES-SHAREPOINT; VERSION=1.6.2; QUAND=13/09/2026 17:16:03.015; QUI=PowerShell DSE - Pascal ZIMMER; QUOI=CREATION RAPPORT CSV; OU=C:\Users\PascalZIMMER_b9lyro1\DemainSite\DEM - Ecosysteme\DSE-RAPPORTS\AUDITS\01-DSE-AUDIT-LISTES-SHAREPOINT-20260913-171430-INVENTAIRE.csv; POURQUOI=Conserver un inventaire detaille et reutilisable de toutes les listes auditees.; RESULTAT=SUCCES; DETAIL=Lignes=60; aucune donnee SharePoint modifiee.";"01-DSE-AUDIT-LISTES-SHAREPOINT-20260913-171430-RAPPORT-CSV-171603015";"JOURNAL - HISTORIQUE NON CLASSIFIE";"";"";"";"";"";"";"";"";"09/17/2026 14:08:33";"09/13/2026 15:16:05";"";""
"1142";"01-DSE-AUDIT-LISTES-SHAREPOINT-20260913-171430-RAPPORT-TXT-171603799";"";"";"";"09/13/2026 17:16:03";"CREATION SYNTHESE TXT";"Synthese absente";"Synthese TXT creee";"";"Non";"Non";"Non";"EXECUTION=01-DSE-AUDIT-LISTES-SHAREPOINT-20260913-171430; SCRIPT=01-DSE-AUDIT-LISTES-SHAREPOINT; VERSION=1.6.2; QUAND=13/09/2026 17:16:03.799; QUI=PowerShell DSE - Pascal ZIMMER; QUOI=CREATION SYNTHESE TXT; OU=C:\Users\PascalZIMMER_b9lyro1\DemainSite\DEM - Ecosysteme\DSE-RAPPORTS\AUDITS\01-DSE-AUDIT-LISTES-SHAREPOINT-20260913-171430-SYNTHESE.txt; POURQUOI=Conserver une synthese lisible par une personne sans outil specialise.; RESULTAT=SUCCES; DETAIL=Listes=60; Elements=38241; Vides=7.";"01-DSE-AUDIT-LISTES-SHAREPOINT-20260913-171430-RAPPORT-TXT-171603799";"JOURNAL - HISTORIQUE NON CLASSIFIE";"";"";"";"";"";"";"";"";"09/17/2026 14:08:35";"09/13/2026 15:16:05";"";""
"1143";"01-DSE-AUDIT-LISTES-SHAREPOINT-20260913-171430-FIN-171604563";"";"";"";"09/13/2026 17:16:04";"FIN";"";"Processing completed";"";"Non";"Non";"Non";"EXECUTION=01-DSE-AUDIT-LISTES-SHAREPOINT-20260913-171430; SCRIPT=01-DSE-AUDIT-LISTES-SHAREPOINT; VERSION=1.6.2; QUAND=13/09/2026 17:16:04.563; QUI=PowerShell DSE - Pascal ZIMMER; QUOI=FIN; OU=https://blogssite.sharepoint.com/sites/Bibliotheque; POURQUOI=Fin de l audit individuel des listes SharePoint avec conservation des rapports et de l historique.; RESULTAT=SUCCES; DETAIL=Listes=60; Elements=38241; Vides=7; ErreursAudit=0; CSV=C:\Users\PascalZIMMER_b9lyro1\DemainSite\DEM - Ecosysteme\DSE-RAPPORTS\AUDITS\01-DSE-AUDIT-LISTES-SHAREPOINT-20260913-171430-INVENTAIRE.csv; TXT=C:\Users\PascalZIMMER_b9lyro1\DemainSite\DEM - Ecosysteme\DSE-RAPPORTS\AUDITS\01-DSE-AUDIT-LISTES-SHAREPOINT-20260913-171430-SYNTHESE.txt; EcrituresAvantFin=63; ErreursJournal=0";"01-DSE-AUDIT-LISTES-SHAREPOINT-20260913-171430-FIN-171604563";"JOURNAL - HISTORIQUE NON CLASSIFIE";"";"";"";"";"";"";"";"";"09/17/2026 14:08:36";"09/13/2026 15:16:06";"";""
"1144";"01-DSE-AUDIT-LISTES-SHAREPOINT-20260913-174447-DEBUT-174449610";"";"";"";"09/13/2026 17:44:49";"DEBUT AUDIT LISTES SHAREPOINT";"Audit non demarre";"Audit demarre";"";"Non";"Non";"Non";"EXECUTION=01-DSE-AUDIT-LISTES-SHAREPOINT-20260913-174447; SCRIPT=01-DSE-AUDIT-LISTES-SHAREPOINT; VERSION=1.7.1; QUAND=13/09/2026 17:44:49.610; QUI=PowerShell DSE - Pascal ZIMMER; QUOI=DEBUT AUDIT LISTES SHAREPOINT; OU=https://blogssite.sharepoint.com/sites/Bibliotheque; POURQUOI=Inventorier toutes les listes SharePoint et conserver leur etat dans la memoire historique DSE.; AVANT=Audit non demarre; APRES=Audit demarre; RESULTAT=SUCCES; DETAIL=Lecture seule. Aucune creation, modification ou suppression des listes.";"01-DSE-AUDIT-LISTES-SHAREPOINT-20260913-174447-DEBUT-174449610";"JOURNAL - HISTORIQUE NON CLASSIFIE";"";"";"";"";"";"";"";"";"09/17/2026 14:08:37";"09/13/2026 15:44:51";"";""
"1145";"01-DSE-AUDIT-LISTES-SHAREPOINT-20260913-174447-LISTE-001-174452744";"";"";"";"09/13/2026 17:44:52";"LISTE VIDE DETECTEE";"Etat SharePoint non modifie";"Elements=0; Colonnes=83; Vues=0";"";"Oui";"Non";"Non";"EXECUTION=01-DSE-AUDIT-LISTES-SHAREPOINT-20260913-174447; SCRIPT=01-DSE-AUDIT-LISTES-SHAREPOINT; VERSION=1.7.1; QUAND=13/09/2026 17:44:52.744; QUI=PowerShell DSE - Pascal ZIMMER; QUOI=LISTE VIDE DETECTEE; OU=appdata; POURQUOI=Conserver l etat reel de chaque liste pour assurer la tracabilite complete du DSE.; AVANT=Etat SharePoint non modifie; APRES=Elements=0; Colonnes=83; Vues=0; RESULTAT=AVERTISSEMENT; DETAIL=URL=/sites/Bibliotheque/_catalogs/appdata; lecture seule; aucune correction appliquee.";"01-DSE-AUDIT-LISTES-SHAREPOINT-20260913-174447-LISTE-001-174452744";"JOURNAL - HISTORIQUE NON CLASSIFIE";"";"";"";"";"";"";"";"";"09/17/2026 14:08:38";"09/13/2026 15:44:55";"";""
"1146";"01-DSE-AUDIT-LISTES-SHAREPOINT-20260913-174447-LISTE-002-174455109";"";"";"";"09/13/2026 17:44:55";"LISTE VIDE DETECTEE";"Etat SharePoint non modifie";"Elements=0; Colonnes=118; Vues=5";"";"Oui";"Non";"Non";"EXECUTION=01-DSE-AUDIT-LISTES-SHAREPOINT-20260913-174447; SCRIPT=01-DSE-AUDIT-LISTES-SHAREPOINT; VERSION=1.7.1; QUAND=13/09/2026 17:44:55.109; QUI=PowerShell DSE - Pascal ZIMMER; QUOI=LISTE VIDE DETECTEE; OU=Demandes d'accès; POURQUOI=Conserver l etat reel de chaque liste pour assurer la tracabilite complete du DSE.; AVANT=Etat SharePoint non modifie; APRES=Elements=0; Colonnes=118; Vues=5; RESULTAT=AVERTISSEMENT; DETAIL=URL=/sites/Bibliotheque/Demandes daccs; lecture seule; aucune correction appliquee.";"01-DSE-AUDIT-LISTES-SHAREPOINT-20260913-174447-LISTE-002-174455109";"JOURNAL - HISTORIQUE NON CLASSIFIE";"";"";"";"";"";"";"";"";"09/17/2026 14:08:39";"09/13/2026 15:44:57";"";""
"1147";"01-DSE-AUDIT-LISTES-SHAREPOINT-20260913-174447-LISTE-003-174457087";"";"";"";"09/13/2026 17:44:57";"LISTE CONTROLEE";"Etat SharePoint non modifie";"Elements=242; Colonnes=104; Vues=0";"";"Non";"Non";"Non";"EXECUTION=01-DSE-AUDIT-LISTES-SHAREPOINT-20260913-174447; SCRIPT=01-DSE-AUDIT-LISTES-SHAREPOINT; VERSION=1.7.1; QUAND=13/09/2026 17:44:57.087; QUI=PowerShell DSE - Pascal ZIMMER; QUOI=LISTE CONTROLEE; OU=Extensions de modèle web; POURQUOI=Conserver l etat reel de chaque liste pour assurer la tracabilite complete du DSE.; AVANT=Etat SharePoint non modifie; APRES=Elements=242; Colonnes=104; Vues=0; RESULTAT=SUCCES; DETAIL=URL=/sites/Bibliotheque/_catalogs/wte; lecture seule; aucune correction appliquee.";"01-DSE-AUDIT-LISTES-SHAREPOINT-20260913-174447-LISTE-003-174457087";"JOURNAL - HISTORIQUE NON CLASSIFIE";"";"";"";"";"";"";"";"";"09/17/2026 14:08:40";"09/13/2026 15:44:59";"";""
"1148";"01-DSE-AUDIT-LISTES-SHAREPOINT-20260913-174447-LISTE-004-174459156";"";"";"";"09/13/2026 17:44:59";"LISTE CONTROLEE";"Etat SharePoint non modifie";"Elements=4; Colonnes=89; Vues=2";"";"Non";"Non";"Non";"EXECUTION=01-DSE-AUDIT-LISTES-SHAREPOINT-20260913-174447; SCRIPT=01-DSE-AUDIT-LISTES-SHAREPOINT; VERSION=1.7.1; QUAND=13/09/2026 17:44:59.156; QUI=PowerShell DSE - Pascal ZIMMER; QUOI=LISTE CONTROLEE; OU=Liens manquants du site SharePoint; POURQUOI=Conserver l etat reel de chaque liste pour assurer la tracabilite complete du DSE.; AVANT=Etat SharePoint non modifie; APRES=Elements=4; Colonnes=89; Vues=2; RESULTAT=SUCCES; DETAIL=URL=/sites/Bibliotheque/_catalogs/missinglinks; lecture seule; aucune correction appliquee.";"01-DSE-AUDIT-LISTES-SHAREPOINT-20260913-174447-LISTE-004-174459156";"JOURNAL - HISTORIQUE NON CLASSIFIE";"";"";"";"";"";"";"";"";"09/17/2026 14:08:41";"09/13/2026 15:45:01";"";""
"1149";"01-DSE-AUDIT-LISTES-SHAREPOINT-20260913-174447-LISTE-005-174501128";"";"";"";"09/13/2026 17:45:01";"LISTE CONTROLEE";"Etat SharePoint non modifie";"Elements=24; Colonnes=133; Vues=3";"";"Non";"Non";"Non";"EXECUTION=01-DSE-AUDIT-LISTES-SHAREPOINT-20260913-174447; SCRIPT=01-DSE-AUDIT-LISTES-SHAREPOINT; VERSION=1.7.1; QUAND=13/09/2026 17:45:01.128; QUI=PowerShell DSE - Pascal ZIMMER; QUOI=LISTE CONTROLEE; OU=Liste d'informations utilisateur; POURQUOI=Conserver l etat reel de chaque liste pour assurer la tracabilite complete du DSE.; AVANT=Etat SharePoint non modifie; APRES=Elements=24; Colonnes=133; Vues=3; RESULTAT=SUCCES; DETAIL=URL=/sites/Bibliotheque/_catalogs/users; lecture seule; aucune correction appliquee.";"01-DSE-AUDIT-LISTES-SHAREPOINT-20260913-174447-LISTE-005-174501128";"JOURNAL - HISTORIQUE NON CLASSIFIE";"";"";"";"";"";"";"";"";"09/17/2026 14:08:42";"09/13/2026 15:45:03";"";""
"1150";"01-DSE-AUDIT-LISTES-SHAREPOINT-20260913-174447-LISTE-006-174503156";"";"";"";"09/13/2026 17:45:03";"LISTE CONTROLEE";"Etat SharePoint non modifie";"Elements=237; Colonnes=134; Vues=9";"";"Non";"Non";"Non";"EXECUTION=01-DSE-AUDIT-LISTES-SHAREPOINT-20260913-174447; SCRIPT=01-DSE-AUDIT-LISTES-SHAREPOINT; VERSION=1.7.1; QUAND=13/09/2026 17:45:03.156; QUI=PowerShell DSE - Pascal ZIMMER; QUOI=LISTE CONTROLEE; OU=OBJ; POURQUOI=Conserver l etat reel de chaque liste pour assurer la tracabilite complete du DSE.; AVANT=Etat SharePoint non modifie; APRES=Elements=237; Colonnes=134; Vues=9; RESULTAT=SUCCES; DETAIL=URL=/sites/Bibliotheque/Lists/OBJ; lecture seule; aucune correction appliquee.";"01-DSE-AUDIT-LISTES-SHAREPOINT-20260913-174447-LISTE-006-174503156";"JOURNAL - HISTORIQUE NON CLASSIFIE";"";"";"";"";"";"";"";"";"09/17/2026 14:08:44";"09/13/2026 15:45:05";"";""
"1151";"01-DSE-AUDIT-LISTES-SHAREPOINT-20260913-174447-LISTE-007-174505150";"";"";"";"09/13/2026 17:45:05";"LISTE VIDE DETECTEE";"Etat SharePoint non modifie";"Elements=0; Colonnes=103; Vues=1";"";"Oui";"Non";"Non";"EXECUTION=01-DSE-AUDIT-LISTES-SHAREPOINT-20260913-174447; SCRIPT=01-DSE-AUDIT-LISTES-SHAREPOINT; VERSION=1.7.1; QUAND=13/09/2026 17:45:05.150; QUI=PowerShell DSE - Pascal ZIMMER; QUOI=LISTE VIDE DETECTEE; OU=OBJ-ACT; POURQUOI=Conserver l etat reel de chaque liste pour assurer la tracabilite complete du DSE.; AVANT=Etat SharePoint non modifie; APRES=Elements=0; Colonnes=103; Vues=1; RESULTAT=AVERTISSEMENT; DETAIL=URL=/sites/Bibliotheque/Lists/OBJACT; lecture seule; aucune correction appliquee.";"01-DSE-AUDIT-LISTES-SHAREPOINT-20260913-174447-LISTE-007-174505150";"JOURNAL - HISTORIQUE NON CLASSIFIE";"";"";"";"";"";"";"";"";"09/17/2026 14:08:45";"09/13/2026 15:45:07";"";""
"1152";"01-DSE-AUDIT-LISTES-SHAREPOINT-20260913-174447-LISTE-008-174507115";"";"";"";"09/13/2026 17:45:07";"LISTE CONTROLEE";"Etat SharePoint non modifie";"Elements=2; Colonnes=99; Vues=1";"";"Non";"Non";"Non";"EXECUTION=01-DSE-AUDIT-LISTES-SHAREPOINT-20260913-174447; SCRIPT=01-DSE-AUDIT-LISTES-SHAREPOINT; VERSION=1.7.1; QUAND=13/09/2026 17:45:07.115; QUI=PowerShell DSE - Pascal ZIMMER; QUOI=LISTE CONTROLEE; OU=OBJ-AUDIT; POURQUOI=Conserver l etat reel de chaque liste pour assurer la tracabilite complete du DSE.; AVANT=Etat SharePoint non modifie; APRES=Elements=2; Colonnes=99; Vues=1; RESULTAT=SUCCES; DETAIL=URL=/sites/Bibliotheque/Lists/OBJAUDIT; lecture seule; aucune correction appliquee.";"01-DSE-AUDIT-LISTES-SHAREPOINT-20260913-174447-LISTE-008-174507115";"JOURNAL - HISTORIQUE NON CLASSIFIE";"";"";"";"";"";"";"";"";"09/17/2026 14:08:46";"09/13/2026 15:45:09";"";""
"1153";"01-DSE-AUDIT-LISTES-SHAREPOINT-20260913-174447-LISTE-009-174509087";"";"";"";"09/13/2026 17:45:09";"LISTE CONTROLEE";"Etat SharePoint non modifie";"Elements=249; Colonnes=111; Vues=6";"";"Non";"Non";"Non";"EXECUTION=01-DSE-AUDIT-LISTES-SHAREPOINT-20260913-174447; SCRIPT=01-DSE-AUDIT-LISTES-SHAREPOINT; VERSION=1.7.1; QUAND=13/09/2026 17:45:09.087; QUI=PowerShell DSE - Pascal ZIMMER; QUOI=LISTE CONTROLEE; OU=OBJ-GEO-CAPITALE; POURQUOI=Conserver l etat reel de chaque liste pour assurer la tracabilite complete du DSE.; AVANT=Etat SharePoint non modifie; APRES=Elements=249; Colonnes=111; Vues=6; RESULTAT=SUCCES; DETAIL=URL=/sites/Bibliotheque/Lists/OBJGEOCAPITALE; lecture seule; aucune correction appliquee.";"01-DSE-AUDIT-LISTES-SHAREPOINT-20260913-174447-LISTE-009-174509087";"JOURNAL - HISTORIQUE NON CLASSIFIE";"";"";"";"";"";"";"";"";"09/17/2026 14:08:48";"09/13/2026 15:45:11";"";""
"1154";"01-DSE-AUDIT-LISTES-SHAREPOINT-20260913-174447-LISTE-010-174511086";"";"";"";"09/13/2026 17:45:11";"LISTE CONTROLEE";"Etat SharePoint non modifie";"Elements=7; Colonnes=105; Vues=6";"";"Non";"Non";"Non";"EXECUTION=01-DSE-AUDIT-LISTES-SHAREPOINT-20260913-174447; SCRIPT=01-DSE-AUDIT-LISTES-SHAREPOINT; VERSION=1.7.1; QUAND=13/09/2026 17:45:11.086; QUI=PowerShell DSE - Pascal ZIMMER; QUOI=LISTE CONTROLEE; OU=OBJ-GEO-CONTINENT; POURQUOI=Conserver l etat reel de chaque liste pour assurer la tracabilite complete du DSE.; AVANT=Etat SharePoint non modifie; APRES=Elements=7; Colonnes=105; Vues=6; RESULTAT=SUCCES; DETAIL=URL=/sites/Bibliotheque/Lists/OBJGEOCONTINENT; lecture seule; aucune correction appliquee.";"01-DSE-AUDIT-LISTES-SHAREPOINT-20260913-174447-LISTE-010-174511086";"JOURNAL - HISTORIQUE NON CLASSIFIE";"";"";"";"";"";"";"";"";"09/17/2026 14:08:48";"09/13/2026 15:45:13";"";""
"1155";"01-DSE-AUDIT-LISTES-SHAREPOINT-20260913-174447-LISTE-011-174513052";"";"";"";"09/13/2026 17:45:13";"LISTE CONTROLEE";"Etat SharePoint non modifie";"Elements=101; Colonnes=117; Vues=6";"";"Non";"Non";"Non";"EXECUTION=01-DSE-AUDIT-LISTES-SHAREPOINT-20260913-174447; SCRIPT=01-DSE-AUDIT-LISTES-SHAREPOINT; VERSION=1.7.1; QUAND=13/09/2026 17:45:13.052; QUI=PowerShell DSE - Pascal ZIMMER; QUOI=LISTE CONTROLEE; OU=OBJ-GEO-DEPARTEMENT; POURQUOI=Conserver l etat reel de chaque liste pour assurer la tracabilite complete du DSE.; AVANT=Etat SharePoint non modifie; APRES=Elements=101; Colonnes=117; Vues=6; RESULTAT=SUCCES; DETAIL=URL=/sites/Bibliotheque/Lists/OBJGEODEPARTEMENT; lecture seule; aucune correction appliquee.";"01-DSE-AUDIT-LISTES-SHAREPOINT-20260913-174447-LISTE-011-174513052";"JOURNAL - HISTORIQUE NON CLASSIFIE";"";"";"";"";"";"";"";"";"09/17/2026 14:08:49";"09/13/2026 15:45:15";"";""
"1156";"01-DSE-AUDIT-LISTES-SHAREPOINT-20260913-174447-LISTE-012-174515068";"";"";"";"09/13/2026 17:45:15";"LISTE CONTROLEE";"Etat SharePoint non modifie";"Elements=154; Colonnes=106; Vues=6";"";"Non";"Non";"Non";"EXECUTION=01-DSE-AUDIT-LISTES-SHAREPOINT-20260913-174447; SCRIPT=01-DSE-AUDIT-LISTES-SHAREPOINT; VERSION=1.7.1; QUAND=13/09/2026 17:45:15.068; QUI=PowerShell DSE - Pascal ZIMMER; QUOI=LISTE CONTROLEE; OU=OBJ-GEO-DEVISE; POURQUOI=Conserver l etat reel de chaque liste pour assurer la tracabilite complete du DSE.; AVANT=Etat SharePoint non modifie; APRES=Elements=154; Colonnes=106; Vues=6; RESULTAT=SUCCES; DETAIL=URL=/sites/Bibliotheque/Lists/OBJGEODEVISE; lecture seule; aucune correction appliquee.";"01-DSE-AUDIT-LISTES-SHAREPOINT-20260913-174447-LISTE-012-174515068";"JOURNAL - HISTORIQUE NON CLASSIFIE";"";"";"";"";"";"";"";"";"09/17/2026 14:08:50";"09/13/2026 15:45:17";"";""
"1157";"01-DSE-AUDIT-LISTES-SHAREPOINT-20260913-174447-LISTE-013-174517025";"";"";"";"09/13/2026 17:45:17";"LISTE CONTROLEE";"Etat SharePoint non modifie";"Elements=38; Colonnes=107; Vues=6";"";"Non";"Non";"Non";"EXECUTION=01-DSE-AUDIT-LISTES-SHAREPOINT-20260913-174447; SCRIPT=01-DSE-AUDIT-LISTES-SHAREPOINT; VERSION=1.7.1; QUAND=13/09/2026 17:45:17.025; QUI=PowerShell DSE - Pascal ZIMMER; QUOI=LISTE CONTROLEE; OU=OBJ-GEO-FUSEAU-HORAIRE; POURQUOI=Conserver l etat reel de chaque liste pour assurer la tracabilite complete du DSE.; AVANT=Etat SharePoint non modifie; APRES=Elements=38; Colonnes=107; Vues=6; RESULTAT=SUCCES; DETAIL=URL=/sites/Bibliotheque/Lists/OBJGEOFUSEAUHORAIRE; lecture seule; aucune correction appliquee.";"01-DSE-AUDIT-LISTES-SHAREPOINT-20260913-174447-LISTE-013-174517025";"JOURNAL - HISTORIQUE NON CLASSIFIE";"";"";"";"";"";"";"";"";"09/17/2026 14:08:52";"09/13/2026 15:45:19";"";""
"1158";"01-DSE-AUDIT-LISTES-SHAREPOINT-20260913-174447-LISTE-014-174519015";"";"";"";"09/13/2026 17:45:19";"LISTE CONTROLEE";"Etat SharePoint non modifie";"Elements=112; Colonnes=108; Vues=17";"";"Non";"Non";"Non";"EXECUTION=01-DSE-AUDIT-LISTES-SHAREPOINT-20260913-174447; SCRIPT=01-DSE-AUDIT-LISTES-SHAREPOINT; VERSION=1.7.1; QUAND=13/09/2026 17:45:19.015; QUI=PowerShell DSE - Pascal ZIMMER; QUOI=LISTE CONTROLEE; OU=OBJ-GEO-LANGUE; POURQUOI=Conserver l etat reel de chaque liste pour assurer la tracabilite complete du DSE.; AVANT=Etat SharePoint non modifie; APRES=Elements=112; Colonnes=108; Vues=17; RESULTAT=SUCCES; DETAIL=URL=/sites/Bibliotheque/Lists/OBJGEOLANGUE; lecture seule; aucune correction appliquee.";"01-DSE-AUDIT-LISTES-SHAREPOINT-20260913-174447-LISTE-014-174519015";"JOURNAL - HISTORIQUE NON CLASSIFIE";"";"";"";"";"";"";"";"";"09/17/2026 14:08:53";"09/13/2026 15:45:20";"";""
"1159";"01-DSE-AUDIT-LISTES-SHAREPOINT-20260913-174447-LISTE-015-174521009";"";"";"";"09/13/2026 17:45:21";"LISTE CONTROLEE";"Etat SharePoint non modifie";"Elements=249; Colonnes=111; Vues=6";"";"Non";"Non";"Non";"EXECUTION=01-DSE-AUDIT-LISTES-SHAREPOINT-20260913-174447; SCRIPT=01-DSE-AUDIT-LISTES-SHAREPOINT; VERSION=1.7.1; QUAND=13/09/2026 17:45:21.009; QUI=PowerShell DSE - Pascal ZIMMER; QUOI=LISTE CONTROLEE; OU=OBJ-GEO-NATIONALITE; POURQUOI=Conserver l etat reel de chaque liste pour assurer la tracabilite complete du DSE.; AVANT=Etat SharePoint non modifie; APRES=Elements=249; Colonnes=111; Vues=6; RESULTAT=SUCCES; DETAIL=URL=/sites/Bibliotheque/Lists/OBJGEONATIONALITE; lecture seule; aucune correction appliquee.";"01-DSE-AUDIT-LISTES-SHAREPOINT-20260913-174447-LISTE-015-174521009";"JOURNAL - HISTORIQUE NON CLASSIFIE";"";"";"";"";"";"";"";"";"09/17/2026 14:08:54";"09/13/2026 15:45:22";"";""
"1160";"01-DSE-AUDIT-LISTES-SHAREPOINT-20260913-174447-LISTE-016-174522982";"";"";"";"09/13/2026 17:45:22";"LISTE CONTROLEE";"Etat SharePoint non modifie";"Elements=249; Colonnes=117; Vues=6";"";"Non";"Non";"Non";"EXECUTION=01-DSE-AUDIT-LISTES-SHAREPOINT-20260913-174447; SCRIPT=01-DSE-AUDIT-LISTES-SHAREPOINT; VERSION=1.7.1; QUAND=13/09/2026 17:45:22.982; QUI=PowerShell DSE - Pascal ZIMMER; QUOI=LISTE CONTROLEE; OU=OBJ-GEO-PAYS; POURQUOI=Conserver l etat reel de chaque liste pour assurer la tracabilite complete du DSE.; AVANT=Etat SharePoint non modifie; APRES=Elements=249; Colonnes=117; Vues=6; RESULTAT=SUCCES; DETAIL=URL=/sites/Bibliotheque/Lists/OBJGEOPAYS; lecture seule; aucune correction appliquee.";"01-DSE-AUDIT-LISTES-SHAREPOINT-20260913-174447-LISTE-016-174522982";"JOURNAL - HISTORIQUE NON CLASSIFIE";"";"";"";"";"";"";"";"";"09/17/2026 14:08:55";"09/13/2026 15:45:24";"";""
"1161";"01-DSE-AUDIT-LISTES-SHAREPOINT-20260913-174447-LISTE-017-174525018";"";"";"";"09/13/2026 17:45:25";"LISTE CONTROLEE";"Etat SharePoint non modifie";"Elements=18; Colonnes=119; Vues=6";"";"Non";"Non";"Non";"EXECUTION=01-DSE-AUDIT-LISTES-SHAREPOINT-20260913-174447; SCRIPT=01-DSE-AUDIT-LISTES-SHAREPOINT; VERSION=1.7.1; QUAND=13/09/2026 17:45:25.018; QUI=PowerShell DSE - Pascal ZIMMER; QUOI=LISTE CONTROLEE; OU=OBJ-GEO-REGION; POURQUOI=Conserver l etat reel de chaque liste pour assurer la tracabilite complete du DSE.; AVANT=Etat SharePoint non modifie; APRES=Elements=18; Colonnes=119; Vues=6; RESULTAT=SUCCES; DETAIL=URL=/sites/Bibliotheque/Lists/OBJGEOREGION; lecture seule; aucune correction appliquee.";"01-DSE-AUDIT-LISTES-SHAREPOINT-20260913-174447-LISTE-017-174525018";"JOURNAL - HISTORIQUE NON CLASSIFIE";"";"";"";"";"";"";"";"";"09/17/2026 14:08:56";"09/13/2026 15:45:27";"";""
"1162";"01-DSE-AUDIT-LISTES-SHAREPOINT-20260913-174447-LISTE-018-174527011";"";"";"";"09/13/2026 17:45:27";"LISTE CONTROLEE";"Etat SharePoint non modifie";"Elements=6; Colonnes=117; Vues=4";"";"Non";"Non";"Non";"EXECUTION=01-DSE-AUDIT-LISTES-SHAREPOINT-20260913-174447; SCRIPT=01-DSE-AUDIT-LISTES-SHAREPOINT; VERSION=1.7.1; QUAND=13/09/2026 17:45:27.011; QUI=PowerShell DSE - Pascal ZIMMER; QUOI=LISTE CONTROLEE; OU=OBJ-GEO-SOURCE; POURQUOI=Conserver l etat reel de chaque liste pour assurer la tracabilite complete du DSE.; AVANT=Etat SharePoint non modifie; APRES=Elements=6; Colonnes=117; Vues=4; RESULTAT=SUCCES; DETAIL=URL=/sites/Bibliotheque/Lists/OBJGEOSOURCE; lecture seule; aucune correction appliquee.";"01-DSE-AUDIT-LISTES-SHAREPOINT-20260913-174447-LISTE-018-174527011";"JOURNAL - HISTORIQUE NON CLASSIFIE";"";"";"";"";"";"";"";"";"09/17/2026 14:08:57";"09/13/2026 15:45:28";"";""
"1163";"01-DSE-AUDIT-LISTES-SHAREPOINT-20260913-174447-LISTE-019-174528991";"";"";"";"09/13/2026 17:45:28";"LISTE CONTROLEE";"Etat SharePoint non modifie";"Elements=22; Colonnes=106; Vues=6";"";"Non";"Non";"Non";"EXECUTION=01-DSE-AUDIT-LISTES-SHAREPOINT-20260913-174447; SCRIPT=01-DSE-AUDIT-LISTES-SHAREPOINT; VERSION=1.7.1; QUAND=13/09/2026 17:45:28.991; QUI=PowerShell DSE - Pascal ZIMMER; QUOI=LISTE CONTROLEE; OU=OBJ-GEO-STATUT; POURQUOI=Conserver l etat reel de chaque liste pour assurer la tracabilite complete du DSE.; AVANT=Etat SharePoint non modifie; APRES=Elements=22; Colonnes=106; Vues=6; RESULTAT=SUCCES; DETAIL=URL=/sites/Bibliotheque/Lists/OBJGEOSTATUT; lecture seule; aucune correction appliquee.";"01-DSE-AUDIT-LISTES-SHAREPOINT-20260913-174447-LISTE-019-174528991";"JOURNAL - HISTORIQUE NON CLASSIFIE";"";"";"";"";"";"";"";"";"09/17/2026 14:08:59";"09/13/2026 15:45:30";"";""
"1164";"01-DSE-AUDIT-LISTES-SHAREPOINT-20260913-174447-LISTE-020-174530959";"";"";"";"09/13/2026 17:45:30";"LISTE CONTROLEE";"Etat SharePoint non modifie";"Elements=9; Colonnes=114; Vues=5";"";"Non";"Non";"Non";"EXECUTION=01-DSE-AUDIT-LISTES-SHAREPOINT-20260913-174447; SCRIPT=01-DSE-AUDIT-LISTES-SHAREPOINT; VERSION=1.7.1; QUAND=13/09/2026 17:45:30.959; QUI=PowerShell DSE - Pascal ZIMMER; QUOI=LISTE CONTROLEE; OU=OBJ-GEO-TERRITOIRE; POURQUOI=Conserver l etat reel de chaque liste pour assurer la tracabilite complete du DSE.; AVANT=Etat SharePoint non modifie; APRES=Elements=9; Colonnes=114; Vues=5; RESULTAT=SUCCES; DETAIL=URL=/sites/Bibliotheque/Lists/OBJGEOTERRITOIRE; lecture seule; aucune correction appliquee.";"01-DSE-AUDIT-LISTES-SHAREPOINT-20260913-174447-LISTE-020-174530959";"JOURNAL - HISTORIQUE NON CLASSIFIE";"";"";"";"";"";"";"";"";"09/17/2026 14:09:00";"09/13/2026 15:45:32";"";""
"1165";"01-DSE-AUDIT-LISTES-SHAREPOINT-20260913-174447-LISTE-021-174532965";"";"";"";"09/13/2026 17:45:32";"LISTE CONTROLEE";"Etat SharePoint non modifie";"Elements=34868; Colonnes=113; Vues=6";"";"Non";"Non";"Non";"EXECUTION=01-DSE-AUDIT-LISTES-SHAREPOINT-20260913-174447; SCRIPT=01-DSE-AUDIT-LISTES-SHAREPOINT; VERSION=1.7.1; QUAND=13/09/2026 17:45:32.965; QUI=PowerShell DSE - Pascal ZIMMER; QUOI=LISTE CONTROLEE; OU=OBJ-GEO-VILLE; POURQUOI=Conserver l etat reel de chaque liste pour assurer la tracabilite complete du DSE.; AVANT=Etat SharePoint non modifie; APRES=Elements=34868; Colonnes=113; Vues=6; RESULTAT=SUCCES; DETAIL=URL=/sites/Bibliotheque/Lists/OBJGEOVILLE; lecture seule; aucune correction appliquee.";"01-DSE-AUDIT-LISTES-SHAREPOINT-20260913-174447-LISTE-021-174532965";"JOURNAL - HISTORIQUE NON CLASSIFIE";"";"";"";"";"";"";"";"";"09/17/2026 14:09:02";"09/13/2026 15:45:34";"";""
"1166";"01-DSE-AUDIT-LISTES-SHAREPOINT-20260913-174447-LISTE-022-174534970";"";"";"";"09/13/2026 17:45:34";"LISTE CONTROLEE";"Etat SharePoint non modifie";"Elements=35; Colonnes=104; Vues=5";"";"Non";"Non";"Non";"EXECUTION=01-DSE-AUDIT-LISTES-SHAREPOINT-20260913-174447; SCRIPT=01-DSE-AUDIT-LISTES-SHAREPOINT; VERSION=1.7.1; QUAND=13/09/2026 17:45:34.970; QUI=PowerShell DSE - Pascal ZIMMER; QUOI=LISTE CONTROLEE; OU=OBJ-GEO-ZONE; POURQUOI=Conserver l etat reel de chaque liste pour assurer la tracabilite complete du DSE.; AVANT=Etat SharePoint non modifie; APRES=Elements=35; Colonnes=104; Vues=5; RESULTAT=SUCCES; DETAIL=URL=/sites/Bibliotheque/Lists/OBJGEOZONE; lecture seule; aucune correction appliquee.";"01-DSE-AUDIT-LISTES-SHAREPOINT-20260913-174447-LISTE-022-174534970";"JOURNAL - HISTORIQUE NON CLASSIFIE";"";"";"";"";"";"";"";"";"09/17/2026 14:09:02";"09/13/2026 15:45:36";"";""
"1167";"01-DSE-AUDIT-LISTES-SHAREPOINT-20260913-174447-LISTE-023-174537029";"";"";"";"09/13/2026 17:45:37";"LISTE CONTROLEE";"Etat SharePoint non modifie";"Elements=1143; Colonnes=101; Vues=1";"";"Non";"Non";"Non";"EXECUTION=01-DSE-AUDIT-LISTES-SHAREPOINT-20260913-174447; SCRIPT=01-DSE-AUDIT-LISTES-SHAREPOINT; VERSION=1.7.1; QUAND=13/09/2026 17:45:37.029; QUI=PowerShell DSE - Pascal ZIMMER; QUOI=LISTE CONTROLEE; OU=OBJ-JRN; POURQUOI=Conserver l etat reel de chaque liste pour assurer la tracabilite complete du DSE.; AVANT=Etat SharePoint non modifie; APRES=Elements=1143; Colonnes=101; Vues=1; RESULTAT=SUCCES; DETAIL=URL=/sites/Bibliotheque/Lists/OBJJRN; lecture seule; aucune correction appliquee.";"01-DSE-AUDIT-LISTES-SHAREPOINT-20260913-174447-LISTE-023-174537029";"JOURNAL - HISTORIQUE NON CLASSIFIE";"";"";"";"";"";"";"";"";"09/17/2026 14:09:03";"09/13/2026 15:45:38";"";""
"1168";"01-DSE-AUDIT-LISTES-SHAREPOINT-20260913-174447-LISTE-024-174539075";"";"";"";"09/13/2026 17:45:39";"LISTE CONTROLEE";"Etat SharePoint non modifie";"Elements=74; Colonnes=110; Vues=1";"";"Non";"Non";"Non";"EXECUTION=01-DSE-AUDIT-LISTES-SHAREPOINT-20260913-174447; SCRIPT=01-DSE-AUDIT-LISTES-SHAREPOINT; VERSION=1.7.1; QUAND=13/09/2026 17:45:39.075; QUI=PowerShell DSE - Pascal ZIMMER; QUOI=LISTE CONTROLEE; OU=OBJ-JRN-GEO; POURQUOI=Conserver l etat reel de chaque liste pour assurer la tracabilite complete du DSE.; AVANT=Etat SharePoint non modifie; APRES=Elements=74; Colonnes=110; Vues=1; RESULTAT=SUCCES; DETAIL=URL=/sites/Bibliotheque/Lists/OBJJRNGEO; lecture seule; aucune correction appliquee.";"01-DSE-AUDIT-LISTES-SHAREPOINT-20260913-174447-LISTE-024-174539075";"JOURNAL - HISTORIQUE NON CLASSIFIE";"";"";"";"";"";"";"";"";"09/17/2026 14:09:05";"09/13/2026 15:45:41";"";""
"1169";"01-DSE-AUDIT-LISTES-SHAREPOINT-20260913-174447-LISTE-025-174541100";"";"";"";"09/13/2026 17:45:41";"LISTE CONTROLEE";"Etat SharePoint non modifie";"Elements=52; Colonnes=106; Vues=8";"";"Non";"Non";"Non";"EXECUTION=01-DSE-AUDIT-LISTES-SHAREPOINT-20260913-174447; SCRIPT=01-DSE-AUDIT-LISTES-SHAREPOINT; VERSION=1.7.1; QUAND=13/09/2026 17:45:41.100; QUI=PowerShell DSE - Pascal ZIMMER; QUOI=LISTE CONTROLEE; OU=OBJ-LST; POURQUOI=Conserver l etat reel de chaque liste pour assurer la tracabilite complete du DSE.; AVANT=Etat SharePoint non modifie; APRES=Elements=52; Colonnes=106; Vues=8; RESULTAT=SUCCES; DETAIL=URL=/sites/Bibliotheque/Lists/OBJLST; lecture seule; aucune correction appliquee.";"01-DSE-AUDIT-LISTES-SHAREPOINT-20260913-174447-LISTE-025-174541100";"JOURNAL - HISTORIQUE NON CLASSIFIE";"";"";"";"";"";"";"";"";"09/17/2026 14:09:06";"09/13/2026 15:45:43";"";""
"1170";"01-DSE-AUDIT-LISTES-SHAREPOINT-20260913-174447-LISTE-026-174543135";"";"";"";"09/13/2026 17:45:43";"LISTE VIDE DETECTEE";"Etat SharePoint non modifie";"Elements=0; Colonnes=85; Vues=1";"";"Oui";"Non";"Non";"EXECUTION=01-DSE-AUDIT-LISTES-SHAREPOINT-20260913-174447; SCRIPT=01-DSE-AUDIT-LISTES-SHAREPOINT; VERSION=1.7.1; QUAND=13/09/2026 17:45:43.135; QUI=PowerShell DSE - Pascal ZIMMER; QUOI=LISTE VIDE DETECTEE; OU=OBJ-MODULE; POURQUOI=Conserver l etat reel de chaque liste pour assurer la tracabilite complete du DSE.; AVANT=Etat SharePoint non modifie; APRES=Elements=0; Colonnes=85; Vues=1; RESULTAT=AVERTISSEMENT; DETAIL=URL=/sites/Bibliotheque/Lists/OBJMODULE; lecture seule; aucune correction appliquee.";"01-DSE-AUDIT-LISTES-SHAREPOINT-20260913-174447-LISTE-026-174543135";"JOURNAL - HISTORIQUE NON CLASSIFIE";"";"";"";"";"";"";"";"";"09/17/2026 14:09:07";"09/13/2026 15:45:45";"";""
"1171";"01-DSE-AUDIT-LISTES-SHAREPOINT-20260913-174447-LISTE-027-174545218";"";"";"";"09/13/2026 17:45:45";"LISTE CONTROLEE";"Etat SharePoint non modifie";"Elements=4; Colonnes=108; Vues=10";"";"Non";"Non";"Non";"EXECUTION=01-DSE-AUDIT-LISTES-SHAREPOINT-20260913-174447; SCRIPT=01-DSE-AUDIT-LISTES-SHAREPOINT; VERSION=1.7.1; QUAND=13/09/2026 17:45:45.218; QUI=PowerShell DSE - Pascal ZIMMER; QUOI=LISTE CONTROLEE; OU=OBJ-ORG; POURQUOI=Conserver l etat reel de chaque liste pour assurer la tracabilite complete du DSE.; AVANT=Etat SharePoint non modifie; APRES=Elements=4; Colonnes=108; Vues=10; RESULTAT=SUCCES; DETAIL=URL=/sites/Bibliotheque/Lists/OBJORG; lecture seule; aucune correction appliquee.";"01-DSE-AUDIT-LISTES-SHAREPOINT-20260913-174447-LISTE-027-174545218";"JOURNAL - HISTORIQUE NON CLASSIFIE";"";"";"";"";"";"";"";"";"09/17/2026 14:09:08";"09/13/2026 15:45:47";"";""
"1172";"01-DSE-AUDIT-LISTES-SHAREPOINT-20260913-174447-LISTE-028-174547242";"";"";"";"09/13/2026 17:45:47";"LISTE CONTROLEE";"Etat SharePoint non modifie";"Elements=4; Colonnes=101; Vues=4";"";"Non";"Non";"Non";"EXECUTION=01-DSE-AUDIT-LISTES-SHAREPOINT-20260913-174447; SCRIPT=01-DSE-AUDIT-LISTES-SHAREPOINT; VERSION=1.7.1; QUAND=13/09/2026 17:45:47.242; QUI=PowerShell DSE - Pascal ZIMMER; QUOI=LISTE CONTROLEE; OU=OBJ-ORG-COMPTE; POURQUOI=Conserver l etat reel de chaque liste pour assurer la tracabilite complete du DSE.; AVANT=Etat SharePoint non modifie; APRES=Elements=4; Colonnes=101; Vues=4; RESULTAT=SUCCES; DETAIL=URL=/sites/Bibliotheque/Lists/OBJORGCOMPTE; lecture seule; aucune correction appliquee.";"01-DSE-AUDIT-LISTES-SHAREPOINT-20260913-174447-LISTE-028-174547242";"JOURNAL - HISTORIQUE NON CLASSIFIE";"";"";"";"";"";"";"";"";"09/17/2026 14:09:09";"09/13/2026 15:45:49";"";""
"1173";"01-DSE-AUDIT-LISTES-SHAREPOINT-20260913-174447-LISTE-029-174549248";"";"";"";"09/13/2026 17:45:49";"LISTE CONTROLEE";"Etat SharePoint non modifie";"Elements=2; Colonnes=105; Vues=4";"";"Non";"Non";"Non";"EXECUTION=01-DSE-AUDIT-LISTES-SHAREPOINT-20260913-174447; SCRIPT=01-DSE-AUDIT-LISTES-SHAREPOINT; VERSION=1.7.1; QUAND=13/09/2026 17:45:49.248; QUI=PowerShell DSE - Pascal ZIMMER; QUOI=LISTE CONTROLEE; OU=OBJ-ORG-CONTACT; POURQUOI=Conserver l etat reel de chaque liste pour assurer la tracabilite complete du DSE.; AVANT=Etat SharePoint non modifie; APRES=Elements=2; Colonnes=105; Vues=4; RESULTAT=SUCCES; DETAIL=URL=/sites/Bibliotheque/Lists/OBJORGCONTACT; lecture seule; aucune correction appliquee.";"01-DSE-AUDIT-LISTES-SHAREPOINT-20260913-174447-LISTE-029-174549248";"JOURNAL - HISTORIQUE NON CLASSIFIE";"";"";"";"";"";"";"";"";"09/17/2026 14:09:10";"09/13/2026 15:45:51";"";""
"1174";"01-DSE-AUDIT-LISTES-SHAREPOINT-20260913-174447-LISTE-030-174551288";"";"";"";"09/13/2026 17:45:51";"LISTE VIDE DETECTEE";"Etat SharePoint non modifie";"Elements=0; Colonnes=85; Vues=1";"";"Oui";"Non";"Non";"EXECUTION=01-DSE-AUDIT-LISTES-SHAREPOINT-20260913-174447; SCRIPT=01-DSE-AUDIT-LISTES-SHAREPOINT; VERSION=1.7.1; QUAND=13/09/2026 17:45:51.288; QUI=PowerShell DSE - Pascal ZIMMER; QUOI=LISTE VIDE DETECTEE; OU=OBJ-PWS; POURQUOI=Conserver l etat reel de chaque liste pour assurer la tracabilite complete du DSE.; AVANT=Etat SharePoint non modifie; APRES=Elements=0; Colonnes=85; Vues=1; RESULTAT=AVERTISSEMENT; DETAIL=URL=/sites/Bibliotheque/Lists/OBJPWS; lecture seule; aucune correction appliquee.";"01-DSE-AUDIT-LISTES-SHAREPOINT-20260913-174447-LISTE-030-174551288";"JOURNAL - HISTORIQUE NON CLASSIFIE";"";"";"";"";"";"";"";"";"09/17/2026 14:09:11";"09/13/2026 15:45:53";"";""
"1175";"01-DSE-AUDIT-LISTES-SHAREPOINT-20260913-174447-LISTE-031-174553388";"";"";"";"09/13/2026 17:45:53";"LISTE CONTROLEE";"Etat SharePoint non modifie";"Elements=22; Colonnes=99; Vues=5";"";"Non";"Non";"Non";"EXECUTION=01-DSE-AUDIT-LISTES-SHAREPOINT-20260913-174447; SCRIPT=01-DSE-AUDIT-LISTES-SHAREPOINT; VERSION=1.7.1; QUAND=13/09/2026 17:45:53.388; QUI=PowerShell DSE - Pascal ZIMMER; QUOI=LISTE CONTROLEE; OU=OBJ-REF-00-TYPES-OBJETS; POURQUOI=Conserver l etat reel de chaque liste pour assurer la tracabilite complete du DSE.; AVANT=Etat SharePoint non modifie; APRES=Elements=22; Colonnes=99; Vues=5; RESULTAT=SUCCES; DETAIL=URL=/sites/Bibliotheque/Lists/OBJREF00; lecture seule; aucune correction appliquee.";"01-DSE-AUDIT-LISTES-SHAREPOINT-20260913-174447-LISTE-031-174553388";"JOURNAL - HISTORIQUE NON CLASSIFIE";"";"";"";"";"";"";"";"";"09/17/2026 14:09:13";"09/13/2026 15:45:55";"";""
"1176";"01-DSE-AUDIT-LISTES-SHAREPOINT-20260913-174447-LISTE-032-174555454";"";"";"";"09/13/2026 17:45:55";"LISTE CONTROLEE";"Etat SharePoint non modifie";"Elements=8; Colonnes=92; Vues=4";"";"Non";"Non";"Non";"EXECUTION=01-DSE-AUDIT-LISTES-SHAREPOINT-20260913-174447; SCRIPT=01-DSE-AUDIT-LISTES-SHAREPOINT; VERSION=1.7.1; QUAND=13/09/2026 17:45:55.454; QUI=PowerShell DSE - Pascal ZIMMER; QUOI=LISTE CONTROLEE; OU=OBJ-REF-01-FAMILLES-OBJETS; POURQUOI=Conserver l etat reel de chaque liste pour assurer la tracabilite complete du DSE.; AVANT=Etat SharePoint non modifie; APRES=Elements=8; Colonnes=92; Vues=4; RESULTAT=SUCCES; DETAIL=URL=/sites/Bibliotheque/Lists/OBJREF01FAMILLESOBJETS; lecture seule; aucune correction appliquee.";"01-DSE-AUDIT-LISTES-SHAREPOINT-20260913-174447-LISTE-032-174555454";"JOURNAL - HISTORIQUE NON CLASSIFIE";"";"";"";"";"";"";"";"";"09/17/2026 14:09:14";"09/13/2026 15:45:57";"";""
"1177";"01-DSE-AUDIT-LISTES-SHAREPOINT-20260913-174447-LISTE-033-174557444";"";"";"";"09/13/2026 17:45:57";"LISTE CONTROLEE";"Etat SharePoint non modifie";"Elements=10; Colonnes=93; Vues=4";"";"Non";"Non";"Non";"EXECUTION=01-DSE-AUDIT-LISTES-SHAREPOINT-20260913-174447; SCRIPT=01-DSE-AUDIT-LISTES-SHAREPOINT; VERSION=1.7.1; QUAND=13/09/2026 17:45:57.444; QUI=PowerShell DSE - Pascal ZIMMER; QUOI=LISTE CONTROLEE; OU=OBJ-REF-02-CATEGORIES-OBJETS; POURQUOI=Conserver l etat reel de chaque liste pour assurer la tracabilite complete du DSE.; AVANT=Etat SharePoint non modifie; APRES=Elements=10; Colonnes=93; Vues=4; RESULTAT=SUCCES; DETAIL=URL=/sites/Bibliotheque/Lists/OBJREF02CATEGORIESOBJETS; lecture seule; aucune correction appliquee.";"01-DSE-AUDIT-LISTES-SHAREPOINT-20260913-174447-LISTE-033-174557444";"JOURNAL - HISTORIQUE NON CLASSIFIE";"";"";"";"";"";"";"";"";"09/17/2026 14:09:15";"09/13/2026 15:45:59";"";""
"1178";"01-DSE-AUDIT-LISTES-SHAREPOINT-20260913-174447-LISTE-034-174559581";"";"";"";"09/13/2026 17:45:59";"LISTE CONTROLEE";"Etat SharePoint non modifie";"Elements=1; Colonnes=94; Vues=4";"";"Non";"Non";"Non";"EXECUTION=01-DSE-AUDIT-LISTES-SHAREPOINT-20260913-174447; SCRIPT=01-DSE-AUDIT-LISTES-SHAREPOINT; VERSION=1.7.1; QUAND=13/09/2026 17:45:59.581; QUI=PowerShell DSE - Pascal ZIMMER; QUOI=LISTE CONTROLEE; OU=OBJ-REF-03-PROPRIETAIRES-REFERENTIELS; POURQUOI=Conserver l etat reel de chaque liste pour assurer la tracabilite complete du DSE.; AVANT=Etat SharePoint non modifie; APRES=Elements=1; Colonnes=94; Vues=4; RESULTAT=SUCCES; DETAIL=URL=/sites/Bibliotheque/Lists/OBJREF03PROPRIETAIRESREFERENTIELS; lecture seule; aucune correction appliquee.";"01-DSE-AUDIT-LISTES-SHAREPOINT-20260913-174447-LISTE-034-174559581";"JOURNAL - HISTORIQUE NON CLASSIFIE";"";"";"";"";"";"";"";"";"09/17/2026 14:09:17";"09/13/2026 15:46:01";"";""
"1179";"01-DSE-AUDIT-LISTES-SHAREPOINT-20260913-174447-LISTE-035-174601558";"";"";"";"09/13/2026 17:46:01";"LISTE CONTROLEE";"Etat SharePoint non modifie";"Elements=12; Colonnes=92; Vues=4";"";"Non";"Non";"Non";"EXECUTION=01-DSE-AUDIT-LISTES-SHAREPOINT-20260913-174447; SCRIPT=01-DSE-AUDIT-LISTES-SHAREPOINT; VERSION=1.7.1; QUAND=13/09/2026 17:46:01.558; QUI=PowerShell DSE - Pascal ZIMMER; QUOI=LISTE CONTROLEE; OU=OBJ-REF-04-DOMAINES; POURQUOI=Conserver l etat reel de chaque liste pour assurer la tracabilite complete du DSE.; AVANT=Etat SharePoint non modifie; APRES=Elements=12; Colonnes=92; Vues=4; RESULTAT=SUCCES; DETAIL=URL=/sites/Bibliotheque/Lists/OBJREF04DOMAINES; lecture seule; aucune correction appliquee.";"01-DSE-AUDIT-LISTES-SHAREPOINT-20260913-174447-LISTE-035-174601558";"JOURNAL - HISTORIQUE NON CLASSIFIE";"";"";"";"";"";"";"";"";"09/17/2026 14:09:17";"09/13/2026 15:46:03";"";""
"1180";"01-DSE-AUDIT-LISTES-SHAREPOINT-20260913-174447-LISTE-036-174603549";"";"";"";"09/13/2026 17:46:03";"LISTE CONTROLEE";"Etat SharePoint non modifie";"Elements=49; Colonnes=95; Vues=1";"";"Non";"Non";"Non";"EXECUTION=01-DSE-AUDIT-LISTES-SHAREPOINT-20260913-174447; SCRIPT=01-DSE-AUDIT-LISTES-SHAREPOINT; VERSION=1.7.1; QUAND=13/09/2026 17:46:03.549; QUI=PowerShell DSE - Pascal ZIMMER; QUOI=LISTE CONTROLEE; OU=OBJ-REF-10-TECHNOLOGIES; POURQUOI=Conserver l etat reel de chaque liste pour assurer la tracabilite complete du DSE.; AVANT=Etat SharePoint non modifie; APRES=Elements=49; Colonnes=95; Vues=1; RESULTAT=SUCCES; DETAIL=URL=/sites/Bibliotheque/Lists/OBJREF10; lecture seule; aucune correction appliquee.";"01-DSE-AUDIT-LISTES-SHAREPOINT-20260913-174447-LISTE-036-174603549";"JOURNAL - HISTORIQUE NON CLASSIFIE";"";"";"";"";"";"";"";"";"09/17/2026 14:09:18";"09/13/2026 15:46:05";"";""
"1181";"01-DSE-AUDIT-LISTES-SHAREPOINT-20260913-174447-LISTE-037-174605580";"";"";"";"09/13/2026 17:46:05";"LISTE CONTROLEE";"Etat SharePoint non modifie";"Elements=17; Colonnes=99; Vues=1";"";"Non";"Non";"Non";"EXECUTION=01-DSE-AUDIT-LISTES-SHAREPOINT-20260913-174447; SCRIPT=01-DSE-AUDIT-LISTES-SHAREPOINT; VERSION=1.7.1; QUAND=13/09/2026 17:46:05.580; QUI=PowerShell DSE - Pascal ZIMMER; QUOI=LISTE CONTROLEE; OU=OBJ-REF-20-STATUTS-GENERAUX; POURQUOI=Conserver l etat reel de chaque liste pour assurer la tracabilite complete du DSE.; AVANT=Etat SharePoint non modifie; APRES=Elements=17; Colonnes=99; Vues=1; RESULTAT=SUCCES; DETAIL=URL=/sites/Bibliotheque/Lists/OBJREF20; lecture seule; aucune correction appliquee.";"01-DSE-AUDIT-LISTES-SHAREPOINT-20260913-174447-LISTE-037-174605580";"JOURNAL - HISTORIQUE NON CLASSIFIE";"";"";"";"";"";"";"";"";"09/17/2026 14:09:19";"09/13/2026 15:46:07";"";""
"1182";"01-DSE-AUDIT-LISTES-SHAREPOINT-20260913-174447-LISTE-038-174607959";"";"";"";"09/13/2026 17:46:07";"LISTE CONTROLEE";"Etat SharePoint non modifie";"Elements=20; Colonnes=99; Vues=1";"";"Non";"Non";"Non";"EXECUTION=01-DSE-AUDIT-LISTES-SHAREPOINT-20260913-174447; SCRIPT=01-DSE-AUDIT-LISTES-SHAREPOINT; VERSION=1.7.1; QUAND=13/09/2026 17:46:07.959; QUI=PowerShell DSE - Pascal ZIMMER; QUOI=LISTE CONTROLEE; OU=OBJ-REF-30-PRIORITES; POURQUOI=Conserver l etat reel de chaque liste pour assurer la tracabilite complete du DSE.; AVANT=Etat SharePoint non modifie; APRES=Elements=20; Colonnes=99; Vues=1; RESULTAT=SUCCES; DETAIL=URL=/sites/Bibliotheque/Lists/OBJREF30; lecture seule; aucune correction appliquee.";"01-DSE-AUDIT-LISTES-SHAREPOINT-20260913-174447-LISTE-038-174607959";"JOURNAL - HISTORIQUE NON CLASSIFIE";"";"";"";"";"";"";"";"";"09/17/2026 14:09:21";"09/13/2026 15:46:10";"";""
"1183";"01-DSE-AUDIT-LISTES-SHAREPOINT-20260913-174447-LISTE-039-174610377";"";"";"";"09/13/2026 17:46:10";"LISTE CONTROLEE";"Etat SharePoint non modifie";"Elements=18; Colonnes=99; Vues=1";"";"Non";"Non";"Non";"EXECUTION=01-DSE-AUDIT-LISTES-SHAREPOINT-20260913-174447; SCRIPT=01-DSE-AUDIT-LISTES-SHAREPOINT; VERSION=1.7.1; QUAND=13/09/2026 17:46:10.377; QUI=PowerShell DSE - Pascal ZIMMER; QUOI=LISTE CONTROLEE; OU=OBJ-REF-40-USAGES; POURQUOI=Conserver l etat reel de chaque liste pour assurer la tracabilite complete du DSE.; AVANT=Etat SharePoint non modifie; APRES=Elements=18; Colonnes=99; Vues=1; RESULTAT=SUCCES; DETAIL=URL=/sites/Bibliotheque/Lists/OBJREF40; lecture seule; aucune correction appliquee.";"01-DSE-AUDIT-LISTES-SHAREPOINT-20260913-174447-LISTE-039-174610377";"JOURNAL - HISTORIQUE NON CLASSIFIE";"";"";"";"";"";"";"";"";"09/17/2026 14:09:22";"09/13/2026 15:46:12";"";""
"1184";"01-DSE-AUDIT-LISTES-SHAREPOINT-20260913-174447-LISTE-040-174612440";"";"";"";"09/13/2026 17:46:12";"LISTE CONTROLEE";"Etat SharePoint non modifie";"Elements=11; Colonnes=99; Vues=1";"";"Non";"Non";"Non";"EXECUTION=01-DSE-AUDIT-LISTES-SHAREPOINT-20260913-174447; SCRIPT=01-DSE-AUDIT-LISTES-SHAREPOINT; VERSION=1.7.1; QUAND=13/09/2026 17:46:12.440; QUI=PowerShell DSE - Pascal ZIMMER; QUOI=LISTE CONTROLEE; OU=OBJ-REF-50-ROLES; POURQUOI=Conserver l etat reel de chaque liste pour assurer la tracabilite complete du DSE.; AVANT=Etat SharePoint non modifie; APRES=Elements=11; Colonnes=99; Vues=1; RESULTAT=SUCCES; DETAIL=URL=/sites/Bibliotheque/Lists/OBJREF50; lecture seule; aucune correction appliquee.";"01-DSE-AUDIT-LISTES-SHAREPOINT-20260913-174447-LISTE-040-174612440";"JOURNAL - HISTORIQUE NON CLASSIFIE";"";"";"";"";"";"";"";"";"09/17/2026 14:09:23";"09/13/2026 15:46:14";"";""
"1185";"01-DSE-AUDIT-LISTES-SHAREPOINT-20260913-174447-LISTE-041-174614493";"";"";"";"09/13/2026 17:46:14";"LISTE CONTROLEE";"Etat SharePoint non modifie";"Elements=16; Colonnes=99; Vues=1";"";"Non";"Non";"Non";"EXECUTION=01-DSE-AUDIT-LISTES-SHAREPOINT-20260913-174447; SCRIPT=01-DSE-AUDIT-LISTES-SHAREPOINT; VERSION=1.7.1; QUAND=13/09/2026 17:46:14.493; QUI=PowerShell DSE - Pascal ZIMMER; QUOI=LISTE CONTROLEE; OU=OBJ-REF-60-MODES-TRAITEMENT; POURQUOI=Conserver l etat reel de chaque liste pour assurer la tracabilite complete du DSE.; AVANT=Etat SharePoint non modifie; APRES=Elements=16; Colonnes=99; Vues=1; RESULTAT=SUCCES; DETAIL=URL=/sites/Bibliotheque/Lists/OBJREF60; lecture seule; aucune correction appliquee.";"01-DSE-AUDIT-LISTES-SHAREPOINT-20260913-174447-LISTE-041-174614493";"JOURNAL - HISTORIQUE NON CLASSIFIE";"";"";"";"";"";"";"";"";"09/17/2026 14:09:25";"09/13/2026 15:46:16";"";""
"1186";"01-DSE-AUDIT-LISTES-SHAREPOINT-20260913-174447-LISTE-042-174616532";"";"";"";"09/13/2026 17:46:16";"LISTE CONTROLEE";"Etat SharePoint non modifie";"Elements=19; Colonnes=99; Vues=1";"";"Non";"Non";"Non";"EXECUTION=01-DSE-AUDIT-LISTES-SHAREPOINT-20260913-174447; SCRIPT=01-DSE-AUDIT-LISTES-SHAREPOINT; VERSION=1.7.1; QUAND=13/09/2026 17:46:16.532; QUI=PowerShell DSE - Pascal ZIMMER; QUOI=LISTE CONTROLEE; OU=OBJ-REF-70-RELATIONS; POURQUOI=Conserver l etat reel de chaque liste pour assurer la tracabilite complete du DSE.; AVANT=Etat SharePoint non modifie; APRES=Elements=19; Colonnes=99; Vues=1; RESULTAT=SUCCES; DETAIL=URL=/sites/Bibliotheque/Lists/OBJREF70; lecture seule; aucune correction appliquee.";"01-DSE-AUDIT-LISTES-SHAREPOINT-20260913-174447-LISTE-042-174616532";"JOURNAL - HISTORIQUE NON CLASSIFIE";"";"";"";"";"";"";"";"";"09/17/2026 14:09:25";"09/13/2026 15:46:18";"";""
"1187";"01-DSE-AUDIT-LISTES-SHAREPOINT-20260913-174447-LISTE-043-174618591";"";"";"";"09/13/2026 17:46:18";"LISTE CONTROLEE";"Etat SharePoint non modifie";"Elements=15; Colonnes=99; Vues=1";"";"Non";"Non";"Non";"EXECUTION=01-DSE-AUDIT-LISTES-SHAREPOINT-20260913-174447; SCRIPT=01-DSE-AUDIT-LISTES-SHAREPOINT; VERSION=1.7.1; QUAND=13/09/2026 17:46:18.591; QUI=PowerShell DSE - Pascal ZIMMER; QUOI=LISTE CONTROLEE; OU=OBJ-REF-80-FREQUENCES; POURQUOI=Conserver l etat reel de chaque liste pour assurer la tracabilite complete du DSE.; AVANT=Etat SharePoint non modifie; APRES=Elements=15; Colonnes=99; Vues=1; RESULTAT=SUCCES; DETAIL=URL=/sites/Bibliotheque/Lists/OBJREF80; lecture seule; aucune correction appliquee.";"01-DSE-AUDIT-LISTES-SHAREPOINT-20260913-174447-LISTE-043-174618591";"JOURNAL - HISTORIQUE NON CLASSIFIE";"";"";"";"";"";"";"";"";"09/17/2026 14:09:26";"09/13/2026 15:46:20";"";""
"1188";"01-DSE-AUDIT-LISTES-SHAREPOINT-20260913-174447-LISTE-044-174620767";"";"";"";"09/13/2026 17:46:20";"LISTE CONTROLEE";"Etat SharePoint non modifie";"Elements=18; Colonnes=99; Vues=1";"";"Non";"Non";"Non";"EXECUTION=01-DSE-AUDIT-LISTES-SHAREPOINT-20260913-174447; SCRIPT=01-DSE-AUDIT-LISTES-SHAREPOINT; VERSION=1.7.1; QUAND=13/09/2026 17:46:20.767; QUI=PowerShell DSE - Pascal ZIMMER; QUOI=LISTE CONTROLEE; OU=OBJ-REF-90-QUALITE; POURQUOI=Conserver l etat reel de chaque liste pour assurer la tracabilite complete du DSE.; AVANT=Etat SharePoint non modifie; APRES=Elements=18; Colonnes=99; Vues=1; RESULTAT=SUCCES; DETAIL=URL=/sites/Bibliotheque/Lists/OBJREF90; lecture seule; aucune correction appliquee.";"01-DSE-AUDIT-LISTES-SHAREPOINT-20260913-174447-LISTE-044-174620767";"JOURNAL - HISTORIQUE NON CLASSIFIE";"";"";"";"";"";"";"";"";"09/17/2026 14:09:27";"09/13/2026 15:46:22";"";""
"1189";"01-DSE-AUDIT-LISTES-SHAREPOINT-20260913-174447-LISTE-045-174622784";"";"";"";"09/13/2026 17:46:22";"LISTE CONTROLEE";"Etat SharePoint non modifie";"Elements=8; Colonnes=88; Vues=1";"";"Non";"Non";"Non";"EXECUTION=01-DSE-AUDIT-LISTES-SHAREPOINT-20260913-174447; SCRIPT=01-DSE-AUDIT-LISTES-SHAREPOINT; VERSION=1.7.1; QUAND=13/09/2026 17:46:22.784; QUI=PowerShell DSE - Pascal ZIMMER; QUOI=LISTE CONTROLEE; OU=OBJ-REF-95-POWER-PAGES-COMPOSANTS; POURQUOI=Conserver l etat reel de chaque liste pour assurer la tracabilite complete du DSE.; AVANT=Etat SharePoint non modifie; APRES=Elements=8; Colonnes=88; Vues=1; RESULTAT=SUCCES; DETAIL=URL=/sites/Bibliotheque/Lists/OBJREF95; lecture seule; aucune correction appliquee.";"01-DSE-AUDIT-LISTES-SHAREPOINT-20260913-174447-LISTE-045-174622784";"JOURNAL - HISTORIQUE NON CLASSIFIE";"";"";"";"";"";"";"";"";"09/17/2026 14:09:28";"09/13/2026 15:46:24";"";""
"1190";"01-DSE-AUDIT-LISTES-SHAREPOINT-20260913-174447-LISTE-046-174624915";"";"";"";"09/13/2026 17:46:24";"LISTE CONTROLEE";"Etat SharePoint non modifie";"Elements=6; Colonnes=97; Vues=7";"";"Non";"Non";"Non";"EXECUTION=01-DSE-AUDIT-LISTES-SHAREPOINT-20260913-174447; SCRIPT=01-DSE-AUDIT-LISTES-SHAREPOINT; VERSION=1.7.1; QUAND=13/09/2026 17:46:24.915; QUI=PowerShell DSE - Pascal ZIMMER; QUOI=LISTE CONTROLEE; OU=OBJ-REF-99-REGISTRE-REFERENTIELS; POURQUOI=Conserver l etat reel de chaque liste pour assurer la tracabilite complete du DSE.; AVANT=Etat SharePoint non modifie; APRES=Elements=6; Colonnes=97; Vues=7; RESULTAT=SUCCES; DETAIL=URL=/sites/Bibliotheque/Lists/OBJREF99REGISTREREFERENTIELS; lecture seule; aucune correction appliquee.";"01-DSE-AUDIT-LISTES-SHAREPOINT-20260913-174447-LISTE-046-174624915";"JOURNAL - HISTORIQUE NON CLASSIFIE";"";"";"";"";"";"";"";"";"09/17/2026 14:09:30";"09/13/2026 15:46:26";"";""
"1191";"01-DSE-AUDIT-LISTES-SHAREPOINT-20260913-174447-LISTE-047-174627474";"";"";"";"09/13/2026 17:46:27";"LISTE CONTROLEE";"Etat SharePoint non modifie";"Elements=14; Colonnes=89; Vues=1";"";"Non";"Non";"Non";"EXECUTION=01-DSE-AUDIT-LISTES-SHAREPOINT-20260913-174447; SCRIPT=01-DSE-AUDIT-LISTES-SHAREPOINT; VERSION=1.7.1; QUAND=13/09/2026 17:46:27.474; QUI=PowerShell DSE - Pascal ZIMMER; QUOI=LISTE CONTROLEE; OU=OBJ-REF-DOMAINE; POURQUOI=Conserver l etat reel de chaque liste pour assurer la tracabilite complete du DSE.; AVANT=Etat SharePoint non modifie; APRES=Elements=14; Colonnes=89; Vues=1; RESULTAT=SUCCES; DETAIL=URL=/sites/Bibliotheque/Lists/OBJREFDOMAINE; lecture seule; aucune correction appliquee.";"01-DSE-AUDIT-LISTES-SHAREPOINT-20260913-174447-LISTE-047-174627474";"JOURNAL - HISTORIQUE NON CLASSIFIE";"";"";"";"";"";"";"";"";"09/17/2026 14:09:31";"09/13/2026 15:46:30";"";""
"1192";"01-DSE-AUDIT-LISTES-SHAREPOINT-20260913-174447-LISTE-048-174629544";"";"";"";"09/13/2026 17:46:29";"LISTE CONTROLEE";"Etat SharePoint non modifie";"Elements=7; Colonnes=89; Vues=1";"";"Non";"Non";"Non";"EXECUTION=01-DSE-AUDIT-LISTES-SHAREPOINT-20260913-174447; SCRIPT=01-DSE-AUDIT-LISTES-SHAREPOINT; VERSION=1.7.1; QUAND=13/09/2026 17:46:29.544; QUI=PowerShell DSE - Pascal ZIMMER; QUOI=LISTE CONTROLEE; OU=OBJ-REF-LST-STATUT; POURQUOI=Conserver l etat reel de chaque liste pour assurer la tracabilite complete du DSE.; AVANT=Etat SharePoint non modifie; APRES=Elements=7; Colonnes=89; Vues=1; RESULTAT=SUCCES; DETAIL=URL=/sites/Bibliotheque/Lists/OBJREFLSTSTATUT; lecture seule; aucune correction appliquee.";"01-DSE-AUDIT-LISTES-SHAREPOINT-20260913-174447-LISTE-048-174629544";"JOURNAL - HISTORIQUE NON CLASSIFIE";"";"";"";"";"";"";"";"";"09/17/2026 14:09:33";"09/13/2026 15:46:31";"";""
"1193";"01-DSE-AUDIT-LISTES-SHAREPOINT-20260913-174447-LISTE-049-174631570";"";"";"";"09/13/2026 17:46:31";"LISTE CONTROLEE";"Etat SharePoint non modifie";"Elements=11; Colonnes=89; Vues=1";"";"Non";"Non";"Non";"EXECUTION=01-DSE-AUDIT-LISTES-SHAREPOINT-20260913-174447; SCRIPT=01-DSE-AUDIT-LISTES-SHAREPOINT; VERSION=1.7.1; QUAND=13/09/2026 17:46:31.570; QUI=PowerShell DSE - Pascal ZIMMER; QUOI=LISTE CONTROLEE; OU=OBJ-REF-LST-TYPE; POURQUOI=Conserver l etat reel de chaque liste pour assurer la tracabilite complete du DSE.; AVANT=Etat SharePoint non modifie; APRES=Elements=11; Colonnes=89; Vues=1; RESULTAT=SUCCES; DETAIL=URL=/sites/Bibliotheque/Lists/OBJREFLSTTYPE; lecture seule; aucune correction appliquee.";"01-DSE-AUDIT-LISTES-SHAREPOINT-20260913-174447-LISTE-049-174631570";"JOURNAL - HISTORIQUE NON CLASSIFIE";"";"";"";"";"";"";"";"";"09/17/2026 14:09:33";"09/13/2026 15:46:33";"";""
"1194";"01-DSE-AUDIT-LISTES-SHAREPOINT-20260913-174447-LISTE-050-174633748";"";"";"";"09/13/2026 17:46:33";"LISTE CONTROLEE";"Etat SharePoint non modifie";"Elements=11; Colonnes=89; Vues=2";"";"Non";"Non";"Non";"EXECUTION=01-DSE-AUDIT-LISTES-SHAREPOINT-20260913-174447; SCRIPT=01-DSE-AUDIT-LISTES-SHAREPOINT; VERSION=1.7.1; QUAND=13/09/2026 17:46:33.748; QUI=PowerShell DSE - Pascal ZIMMER; QUOI=LISTE CONTROLEE; OU=OBJ-REF-ORG-COMPTE-TYPE; POURQUOI=Conserver l etat reel de chaque liste pour assurer la tracabilite complete du DSE.; AVANT=Etat SharePoint non modifie; APRES=Elements=11; Colonnes=89; Vues=2; RESULTAT=SUCCES; DETAIL=URL=/sites/Bibliotheque/Lists/OBJREFORGCOMPTETYPE; lecture seule; aucune correction appliquee.";"01-DSE-AUDIT-LISTES-SHAREPOINT-20260913-174447-LISTE-050-174633748";"JOURNAL - HISTORIQUE NON CLASSIFIE";"";"";"";"";"";"";"";"";"09/17/2026 14:09:34";"09/13/2026 15:46:35";"";""
"1195";"01-DSE-AUDIT-LISTES-SHAREPOINT-20260913-174447-LISTE-051-174635744";"";"";"";"09/13/2026 17:46:35";"LISTE CONTROLEE";"Etat SharePoint non modifie";"Elements=8; Colonnes=89; Vues=2";"";"Non";"Non";"Non";"EXECUTION=01-DSE-AUDIT-LISTES-SHAREPOINT-20260913-174447; SCRIPT=01-DSE-AUDIT-LISTES-SHAREPOINT; VERSION=1.7.1; QUAND=13/09/2026 17:46:35.744; QUI=PowerShell DSE - Pascal ZIMMER; QUOI=LISTE CONTROLEE; OU=OBJ-REF-ORG-CONTACT-TYPE; POURQUOI=Conserver l etat reel de chaque liste pour assurer la tracabilite complete du DSE.; AVANT=Etat SharePoint non modifie; APRES=Elements=8; Colonnes=89; Vues=2; RESULTAT=SUCCES; DETAIL=URL=/sites/Bibliotheque/Lists/OBJREFORGCONTACTTYPE; lecture seule; aucune correction appliquee.";"01-DSE-AUDIT-LISTES-SHAREPOINT-20260913-174447-LISTE-051-174635744";"JOURNAL - HISTORIQUE NON CLASSIFIE";"";"";"";"";"";"";"";"";"09/17/2026 14:09:35";"09/13/2026 15:46:37";"";""
"1196";"01-DSE-AUDIT-LISTES-SHAREPOINT-20260913-174447-LISTE-052-174637695";"";"";"";"09/13/2026 17:46:37";"LISTE CONTROLEE";"Etat SharePoint non modifie";"Elements=9; Colonnes=89; Vues=2";"";"Non";"Non";"Non";"EXECUTION=01-DSE-AUDIT-LISTES-SHAREPOINT-20260913-174447; SCRIPT=01-DSE-AUDIT-LISTES-SHAREPOINT; VERSION=1.7.1; QUAND=13/09/2026 17:46:37.695; QUI=PowerShell DSE - Pascal ZIMMER; QUOI=LISTE CONTROLEE; OU=OBJ-REF-ORG-SECTEUR; POURQUOI=Conserver l etat reel de chaque liste pour assurer la tracabilite complete du DSE.; AVANT=Etat SharePoint non modifie; APRES=Elements=9; Colonnes=89; Vues=2; RESULTAT=SUCCES; DETAIL=URL=/sites/Bibliotheque/Lists/OBJREFORGSECTEUR; lecture seule; aucune correction appliquee.";"01-DSE-AUDIT-LISTES-SHAREPOINT-20260913-174447-LISTE-052-174637695";"JOURNAL - HISTORIQUE NON CLASSIFIE";"";"";"";"";"";"";"";"";"09/17/2026 14:09:37";"09/13/2026 15:46:39";"";""
"1197";"01-DSE-AUDIT-LISTES-SHAREPOINT-20260913-174447-LISTE-053-174639663";"";"";"";"09/13/2026 17:46:39";"LISTE CONTROLEE";"Etat SharePoint non modifie";"Elements=6; Colonnes=89; Vues=2";"";"Non";"Non";"Non";"EXECUTION=01-DSE-AUDIT-LISTES-SHAREPOINT-20260913-174447; SCRIPT=01-DSE-AUDIT-LISTES-SHAREPOINT; VERSION=1.7.1; QUAND=13/09/2026 17:46:39.663; QUI=PowerShell DSE - Pascal ZIMMER; QUOI=LISTE CONTROLEE; OU=OBJ-REF-ORG-STATUT; POURQUOI=Conserver l etat reel de chaque liste pour assurer la tracabilite complete du DSE.; AVANT=Etat SharePoint non modifie; APRES=Elements=6; Colonnes=89; Vues=2; RESULTAT=SUCCES; DETAIL=URL=/sites/Bibliotheque/Lists/OBJREFORGSTATUT; lecture seule; aucune correction appliquee.";"01-DSE-AUDIT-LISTES-SHAREPOINT-20260913-174447-LISTE-053-174639663";"JOURNAL - HISTORIQUE NON CLASSIFIE";"";"";"";"";"";"";"";"";"09/17/2026 14:09:38";"09/13/2026 15:46:41";"";""
"1198";"01-DSE-AUDIT-LISTES-SHAREPOINT-20260913-174447-LISTE-054-174641666";"";"";"";"09/13/2026 17:46:41";"LISTE CONTROLEE";"Etat SharePoint non modifie";"Elements=12; Colonnes=89; Vues=2";"";"Non";"Non";"Non";"EXECUTION=01-DSE-AUDIT-LISTES-SHAREPOINT-20260913-174447; SCRIPT=01-DSE-AUDIT-LISTES-SHAREPOINT; VERSION=1.7.1; QUAND=13/09/2026 17:46:41.666; QUI=PowerShell DSE - Pascal ZIMMER; QUOI=LISTE CONTROLEE; OU=OBJ-REF-ORG-TYPE; POURQUOI=Conserver l etat reel de chaque liste pour assurer la tracabilite complete du DSE.; AVANT=Etat SharePoint non modifie; APRES=Elements=12; Colonnes=89; Vues=2; RESULTAT=SUCCES; DETAIL=URL=/sites/Bibliotheque/Lists/OBJREFORGTYPE; lecture seule; aucune correction appliquee.";"01-DSE-AUDIT-LISTES-SHAREPOINT-20260913-174447-LISTE-054-174641666";"JOURNAL - HISTORIQUE NON CLASSIFIE";"";"";"";"";"";"";"";"";"09/17/2026 14:09:39";"09/13/2026 15:46:43";"";""
"1199";"01-DSE-AUDIT-LISTES-SHAREPOINT-20260913-174447-LISTE-055-174643628";"";"";"";"09/13/2026 17:46:43";"LISTE CONTROLEE";"Etat SharePoint non modifie";"Elements=32; Colonnes=95; Vues=2";"";"Non";"Non";"Non";"EXECUTION=01-DSE-AUDIT-LISTES-SHAREPOINT-20260913-174447; SCRIPT=01-DSE-AUDIT-LISTES-SHAREPOINT; VERSION=1.7.1; QUAND=13/09/2026 17:46:43.628; QUI=PowerShell DSE - Pascal ZIMMER; QUOI=LISTE CONTROLEE; OU=OBJ-REL; POURQUOI=Conserver l etat reel de chaque liste pour assurer la tracabilite complete du DSE.; AVANT=Etat SharePoint non modifie; APRES=Elements=32; Colonnes=95; Vues=2; RESULTAT=SUCCES; DETAIL=URL=/sites/Bibliotheque/Lists/OBJREL; lecture seule; aucune correction appliquee.";"01-DSE-AUDIT-LISTES-SHAREPOINT-20260913-174447-LISTE-055-174643628";"JOURNAL - HISTORIQUE NON CLASSIFIE";"";"";"";"";"";"";"";"";"09/17/2026 14:09:41";"09/13/2026 15:46:45";"";""
"1200";"01-DSE-AUDIT-LISTES-SHAREPOINT-20260913-174447-LISTE-056-174646013";"";"";"";"09/13/2026 17:46:46";"LISTE CONTROLEE";"Etat SharePoint non modifie";"Elements=10; Colonnes=101; Vues=9";"";"Non";"Non";"Non";"EXECUTION=01-DSE-AUDIT-LISTES-SHAREPOINT-20260913-174447; SCRIPT=01-DSE-AUDIT-LISTES-SHAREPOINT; VERSION=1.7.1; QUAND=13/09/2026 17:46:46.013; QUI=PowerShell DSE - Pascal ZIMMER; QUOI=LISTE CONTROLEE; OU=OBJ-SCR; POURQUOI=Conserver l etat reel de chaque liste pour assurer la tracabilite complete du DSE.; AVANT=Etat SharePoint non modifie; APRES=Elements=10; Colonnes=101; Vues=9; RESULTAT=SUCCES; DETAIL=URL=/sites/Bibliotheque/Lists/OBJSCR; lecture seule; aucune correction appliquee.";"01-DSE-AUDIT-LISTES-SHAREPOINT-20260913-174447-LISTE-056-174646013";"JOURNAL - HISTORIQUE NON CLASSIFIE";"";"";"";"";"";"";"";"";"09/17/2026 14:09:41";"09/13/2026 15:46:47";"";""
"1201";"01-DSE-AUDIT-LISTES-SHAREPOINT-20260913-174447-LISTE-057-174648039";"";"";"";"09/13/2026 17:46:48";"LISTE VIDE DETECTEE";"Etat SharePoint non modifie";"Elements=0; Colonnes=85; Vues=1";"";"Oui";"Non";"Non";"EXECUTION=01-DSE-AUDIT-LISTES-SHAREPOINT-20260913-174447; SCRIPT=01-DSE-AUDIT-LISTES-SHAREPOINT; VERSION=1.7.1; QUAND=13/09/2026 17:46:48.039; QUI=PowerShell DSE - Pascal ZIMMER; QUOI=LISTE VIDE DETECTEE; OU=OBJ-SITE; POURQUOI=Conserver l etat reel de chaque liste pour assurer la tracabilite complete du DSE.; AVANT=Etat SharePoint non modifie; APRES=Elements=0; Colonnes=85; Vues=1; RESULTAT=AVERTISSEMENT; DETAIL=URL=/sites/Bibliotheque/Lists/OBJSITE; lecture seule; aucune correction appliquee.";"01-DSE-AUDIT-LISTES-SHAREPOINT-20260913-174447-LISTE-057-174648039";"JOURNAL - HISTORIQUE NON CLASSIFIE";"";"";"";"";"";"";"";"";"09/17/2026 14:09:42";"09/13/2026 15:46:50";"";""
"1202";"01-DSE-AUDIT-LISTES-SHAREPOINT-20260913-174447-LISTE-058-174650085";"";"";"";"09/13/2026 17:46:50";"LISTE VIDE DETECTEE";"Etat SharePoint non modifie";"Elements=0; Colonnes=85; Vues=1";"";"Oui";"Non";"Non";"EXECUTION=01-DSE-AUDIT-LISTES-SHAREPOINT-20260913-174447; SCRIPT=01-DSE-AUDIT-LISTES-SHAREPOINT; VERSION=1.7.1; QUAND=13/09/2026 17:46:50.085; QUI=PowerShell DSE - Pascal ZIMMER; QUOI=LISTE VIDE DETECTEE; OU=OBJ-STATUT; POURQUOI=Conserver l etat reel de chaque liste pour assurer la tracabilite complete du DSE.; AVANT=Etat SharePoint non modifie; APRES=Elements=0; Colonnes=85; Vues=1; RESULTAT=AVERTISSEMENT; DETAIL=URL=/sites/Bibliotheque/Lists/OBJSTATUT; lecture seule; aucune correction appliquee.";"01-DSE-AUDIT-LISTES-SHAREPOINT-20260913-174447-LISTE-058-174650085";"JOURNAL - HISTORIQUE NON CLASSIFIE";"";"";"";"";"";"";"";"";"09/17/2026 14:09:44";"09/13/2026 15:46:52";"";""
"1203";"01-DSE-AUDIT-LISTES-SHAREPOINT-20260913-174447-LISTE-059-174652090";"";"";"";"09/13/2026 17:46:52";"LISTE CONTROLEE";"Etat SharePoint non modifie";"Elements=18; Colonnes=89; Vues=2";"";"Non";"Non";"Non";"EXECUTION=01-DSE-AUDIT-LISTES-SHAREPOINT-20260913-174447; SCRIPT=01-DSE-AUDIT-LISTES-SHAREPOINT; VERSION=1.7.1; QUAND=13/09/2026 17:46:52.090; QUI=PowerShell DSE - Pascal ZIMMER; QUOI=LISTE CONTROLEE; OU=Présentations composées; POURQUOI=Conserver l etat reel de chaque liste pour assurer la tracabilite complete du DSE.; AVANT=Etat SharePoint non modifie; APRES=Elements=18; Colonnes=89; Vues=2; RESULTAT=SUCCES; DETAIL=URL=/sites/Bibliotheque/_catalogs/design; lecture seule; aucune correction appliquee.";"01-DSE-AUDIT-LISTES-SHAREPOINT-20260913-174447-LISTE-059-174652090";"JOURNAL - HISTORIQUE NON CLASSIFIE";"";"";"";"";"";"";"";"";"09/17/2026 14:09:45";"09/13/2026 15:46:54";"";""
"1204";"01-DSE-AUDIT-LISTES-SHAREPOINT-20260913-174447-LISTE-060-174654059";"";"";"";"09/13/2026 17:46:54";"LISTE CONTROLEE";"Etat SharePoint non modifie";"Elements=12; Colonnes=194; Vues=1";"";"Non";"Non";"Non";"EXECUTION=01-DSE-AUDIT-LISTES-SHAREPOINT-20260913-174447; SCRIPT=01-DSE-AUDIT-LISTES-SHAREPOINT; VERSION=1.7.1; QUAND=13/09/2026 17:46:54.059; QUI=PowerShell DSE - Pascal ZIMMER; QUOI=LISTE CONTROLEE; OU=TaxonomyHiddenList; POURQUOI=Conserver l etat reel de chaque liste pour assurer la tracabilite complete du DSE.; AVANT=Etat SharePoint non modifie; APRES=Elements=12; Colonnes=194; Vues=1; RESULTAT=SUCCES; DETAIL=URL=/sites/Bibliotheque/Lists/TaxonomyHiddenList; lecture seule; aucune correction appliquee.";"01-DSE-AUDIT-LISTES-SHAREPOINT-20260913-174447-LISTE-060-174654059";"JOURNAL - HISTORIQUE NON CLASSIFIE";"";"";"";"";"";"";"";"";"09/17/2026 14:09:46";"09/13/2026 15:46:56";"";""
"1205";"01-DSE-AUDIT-LISTES-SHAREPOINT-20260913-174447-RAPPORT-CSV-174655389";"";"";"";"09/13/2026 17:46:55";"CREATION RAPPORT CSV";"Rapport absent";"Rapport CSV cree";"";"Non";"Non";"Non";"EXECUTION=01-DSE-AUDIT-LISTES-SHAREPOINT-20260913-174447; SCRIPT=01-DSE-AUDIT-LISTES-SHAREPOINT; VERSION=1.7.1; QUAND=13/09/2026 17:46:55.389; QUI=PowerShell DSE - Pascal ZIMMER; QUOI=CREATION RAPPORT CSV; OU=C:\Users\PascalZIMMER_b9lyro1\DemainSite\DEM - Ecosysteme\DSE-RAPPORTS\AUDITS\01-DSE-AUDIT-LISTES-SHAREPOINT-20260913-174447-INVENTAIRE.csv; POURQUOI=Conserver un inventaire detaille et reutilisable de toutes les listes auditees.; AVANT=Rapport absent; APRES=Rapport CSV cree; RESULTAT=SUCCES; DETAIL=Lignes=60; aucune donnee SharePoint modifiee.";"01-DSE-AUDIT-LISTES-SHAREPOINT-20260913-174447-RAPPORT-CSV-174655389";"JOURNAL - HISTORIQUE NON CLASSIFIE";"";"";"";"";"";"";"";"";"09/17/2026 14:09:48";"09/13/2026 15:46:57";"";""
"1206";"01-DSE-AUDIT-LISTES-SHAREPOINT-20260913-174447-RAPPORT-TXT-174656712";"";"";"";"09/13/2026 17:46:56";"CREATION SYNTHESE TXT";"Synthese absente";"Synthese TXT creee";"";"Non";"Non";"Non";"EXECUTION=01-DSE-AUDIT-LISTES-SHAREPOINT-20260913-174447; SCRIPT=01-DSE-AUDIT-LISTES-SHAREPOINT; VERSION=1.7.1; QUAND=13/09/2026 17:46:56.712; QUI=PowerShell DSE - Pascal ZIMMER; QUOI=CREATION SYNTHESE TXT; OU=C:\Users\PascalZIMMER_b9lyro1\DemainSite\DEM - Ecosysteme\DSE-RAPPORTS\AUDITS\01-DSE-AUDIT-LISTES-SHAREPOINT-20260913-174447-SYNTHESE.txt; POURQUOI=Conserver une synthese lisible par une personne sans outil specialise.; AVANT=Synthese absente; APRES=Synthese TXT creee; RESULTAT=SUCCES; DETAIL=Listes=60; Elements=38305; Vides=7.";"01-DSE-AUDIT-LISTES-SHAREPOINT-20260913-174447-RAPPORT-TXT-174656712";"JOURNAL - HISTORIQUE NON CLASSIFIE";"";"";"";"";"";"";"";"";"09/17/2026 14:09:48";"09/13/2026 15:46:58";"";""
"1207";"01-DSE-AUDIT-LISTES-SHAREPOINT-20260913-174447-FIN-174657976";"";"";"";"09/13/2026 17:46:57";"FIN DU TRAITEMENT";"Traitement en cours";"Traitement termine";"";"Non";"Non";"Non";"EXECUTION=01-DSE-AUDIT-LISTES-SHAREPOINT-20260913-174447; SCRIPT=01-DSE-AUDIT-LISTES-SHAREPOINT; VERSION=1.7.1; QUAND=13/09/2026 17:46:57.976; QUI=PowerShell DSE - Pascal ZIMMER; QUOI=FIN DU TRAITEMENT; OU=https://blogssite.sharepoint.com/sites/Bibliotheque; POURQUOI=Fin de l audit des listes avec conservation des rapports et de toutes les operations dans OBJ-JRN.; AVANT=Traitement en cours; APRES=Traitement termine; RESULTAT=SUCCES; DETAIL=Listes=60; Elements=38305; Vides=7; ErreursAudit=0; CSV=C:\Users\PascalZIMMER_b9lyro1\DemainSite\DEM - Ecosysteme\DSE-RAPPORTS\AUDITS\01-DSE-AUDIT-LISTES-SHAREPOINT-20260913-174447-INVENTAIRE.csv; TXT=C:\Users\PascalZIMMER_b9lyro1\DemainSite\DEM - Ecosysteme\DSE-RAPPORTS\AUDITS\01-DSE-AUDIT-LISTES-SHAREPOINT-20260913-174447-SYNTHESE.txt; EcrituresAvantFin=63; ErreursJournal=0";"01-DSE-AUDIT-LISTES-SHAREPOINT-20260913-174447-FIN-174657976";"JOURNAL - HISTORIQUE NON CLASSIFIE";"";"";"";"";"";"";"";"";"09/17/2026 14:09:49";"09/13/2026 15:46:59";"";""
"1208";"X1-OBJ-SCR-20260915-120038 | ERREUR";"";"";"";"";"ERREUR";"";"";"";"Non";"Non";"Non";"La liste « OBJ-REF-00 » n’existe pas sur le site associé à l’URL « https://blogssite.sharepoint.com/sites/Bibliotheque ».";"";"JOURNAL - HISTORIQUE NON CLASSIFIE";"";"";"";"";"";"";"";"";"09/17/2026 14:09:50";"09/15/2026 10:00:49";"";""
"1209";"X1-OBJ-SCR-20260915-121311 | DEBUT";"";"";"";"";"DEBUT";"";"";"";"Non";"Non";"Non";"Début de la migration ponctuelle OBJ-SCR.";"";"JOURNAL - HISTORIQUE NON CLASSIFIE";"";"";"";"";"";"";"";"";"09/17/2026 14:09:52";"09/15/2026 10:13:18";"";""
"1210";"X1-OBJ-SCR-20260915-121311 | CREATION_COLONNE";"";"";"";"";"CREATION_COLONNE";"";"";"";"Non";"Non";"Non";"Colonne créée : TITRE-SCRIPT";"";"JOURNAL - HISTORIQUE NON CLASSIFIE";"";"";"";"";"";"";"";"";"09/17/2026 14:09:53";"09/15/2026 10:13:23";"";""
"1212";"X1-OBJ-SCR-20260915-121311 | ERREUR";"";"";"";"";"ERREUR";"";"";"";"Non";"Non";"Non";"L’élément de liste n’a pas pu être ajouté ou mis à jour, car des valeurs en double ont été détectées dans les champs suivants dans la liste : [ID-JRN].";"";"JOURNAL - HISTORIQUE NON CLASSIFIE";"";"";"";"";"";"";"";"";"09/17/2026 14:09:55";"09/15/2026 10:13:27";"";""