"id";"Title";"IDGeoNationalite";"CodeNationalite";"DescriptionNationalite";"Actif";"OrdreAffichage";"ValidationDSE";"Verrouille";"ControlePascAra";"AnomalieDetectee";"NotesDSE";"PaysTexte";"CodeISO2";"CodeISO3";"CodeNumerique";"SourceTexte";"Pays";"OBJREF";"Modified";"Created";"Author";"Editor"
"1";"Nationalité - Afghanistan";"ID-GEO-NAT-000001";"AFG";"Nationalité rattachée au pays ou territoire Afghanistan. Libellé neutre DSE à valider avant publication.";"Oui";"10";"Non";"Non";"Non";"Non";"Import GEO-NATIONALITES.csv sans lookup; Operation IMPORT-GEO-NATIONALITES-SANS-LOOKUP-20260910-203830";"Afghanistan";"AF";"AFG";"4";"https://www.iso.org/fr/iso-3166-country-codes.html";"";"";"09/10/2026 20:18:20";"09/10/2026 18:38:49";"";""
"2";"Nationalité - Afrique du Sud";"ID-GEO-NAT-000002";"ZAF";"Nationalité rattachée au pays ou territoire Afrique du Sud. Libellé neutre DSE à valider avant publication.";"Oui";"20";"Non";"Non";"Non";"Non";"Import GEO-NATIONALITES.csv sans lookup; Operation IMPORT-GEO-NATIONALITES-SANS-LOOKUP-20260910-203830";"Afrique du Sud";"ZA";"ZAF";"710";"https://www.iso.org/fr/iso-3166-country-codes.html";"";"";"09/10/2026 20:18:21";"09/10/2026 18:38:50";"";""
"3";"Nationalité - Albanie";"ID-GEO-NAT-000003";"ALB";"Nationalité rattachée au pays ou territoire Albanie. Libellé neutre DSE à valider avant publication.";"Oui";"30";"Non";"Non";"Non";"Non";"Import GEO-NATIONALITES.csv sans lookup; Operation IMPORT-GEO-NATIONALITES-SANS-LOOKUP-20260910-203830";"Albanie";"AL";"ALB";"8";"https://www.iso.org/fr/iso-3166-country-codes.html";"";"";"09/10/2026 20:18:22";"09/10/2026 18:38:51";"";""
"4";"Nationalité - Algérie";"ID-GEO-NAT-000004";"DZA";"Nationalité rattachée au pays ou territoire Algérie. Libellé neutre DSE à valider avant publication.";"Oui";"40";"Non";"Non";"Non";"Non";"Import GEO-NATIONALITES.csv sans lookup; Operation IMPORT-GEO-NATIONALITES-SANS-LOOKUP-20260910-203830";"Algérie";"DZ";"DZA";"12";"https://www.iso.org/fr/iso-3166-country-codes.html";"";"";"09/10/2026 20:18:23";"09/10/2026 18:38:51";"";""
"5";"Nationalité - Allemagne";"ID-GEO-NAT-000005";"DEU";"Nationalité rattachée au pays ou territoire Allemagne. Libellé neutre DSE à valider avant publication.";"Oui";"50";"Non";"Non";"Non";"Non";"Import GEO-NATIONALITES.csv sans lookup; Operation IMPORT-GEO-NATIONALITES-SANS-LOOKUP-20260910-203830";"Allemagne";"DE";"DEU";"276";"https://www.iso.org/fr/iso-3166-country-codes.html";"";"";"09/10/2026 20:18:24";"09/10/2026 18:38:52";"";""
"6";"Nationalité - Andorre";"ID-GEO-NAT-000006";"AND";"Nationalité rattachée au pays ou territoire Andorre. Libellé neutre DSE à valider avant publication.";"Oui";"60";"Non";"Non";"Non";"Non";"Import GEO-NATIONALITES.csv sans lookup; Operation IMPORT-GEO-NATIONALITES-SANS-LOOKUP-20260910-203830";"Andorre";"AD";"AND";"20";"https://www.iso.org/fr/iso-3166-country-codes.html";"";"";"09/10/2026 20:18:25";"09/10/2026 18:38:53";"";""
"7";"Nationalité - Angola";"ID-GEO-NAT-000007";"AGO";"Nationalité rattachée au pays ou territoire Angola. Libellé neutre DSE à valider avant publication.";"Oui";"70";"Non";"Non";"Non";"Non";"Import GEO-NATIONALITES.csv sans lookup; Operation IMPORT-GEO-NATIONALITES-SANS-LOOKUP-20260910-203830";"Angola";"AO";"AGO";"24";"https://www.iso.org/fr/iso-3166-country-codes.html";"";"";"09/10/2026 20:18:26";"09/10/2026 18:38:54";"";""
"8";"Nationalité - Anguilla";"ID-GEO-NAT-000008";"AIA";"Nationalité rattachée au pays ou territoire Anguilla. Libellé neutre DSE à valider avant publication.";"Oui";"80";"Non";"Non";"Non";"Non";"Import GEO-NATIONALITES.csv sans lookup; Operation IMPORT-GEO-NATIONALITES-SANS-LOOKUP-20260910-203830";"Anguilla";"AI";"AIA";"660";"https://www.iso.org/fr/iso-3166-country-codes.html";"";"";"09/10/2026 20:18:27";"09/10/2026 18:38:54";"";""
"9";"Nationalité - Antarctique";"ID-GEO-NAT-000009";"ATA";"Nationalité rattachée au pays ou territoire Antarctique. Libellé neutre DSE à valider avant publication.";"Oui";"90";"Non";"Non";"Non";"Non";"Import GEO-NATIONALITES.csv sans lookup; Operation IMPORT-GEO-NATIONALITES-SANS-LOOKUP-20260910-203830";"Antarctique";"AQ";"ATA";"10";"https://www.iso.org/fr/iso-3166-country-codes.html";"";"";"09/10/2026 20:18:28";"09/10/2026 18:38:55";"";""
"10";"Nationalité - Antigua-et-Barbuda";"ID-GEO-NAT-000010";"ATG";"Nationalité rattachée au pays ou territoire Antigua-et-Barbuda. Libellé neutre DSE à valider avant publication.";"Oui";"100";"Non";"Non";"Non";"Non";"Import GEO-NATIONALITES.csv sans lookup; Operation IMPORT-GEO-NATIONALITES-SANS-LOOKUP-20260910-203830";"Antigua-et-Barbuda";"AG";"ATG";"28";"https://www.iso.org/fr/iso-3166-country-codes.html";"";"";"09/10/2026 20:18:29";"09/10/2026 18:38:56";"";""
"11";"Nationalité - Arabie saoudite";"ID-GEO-NAT-000011";"SAU";"Nationalité rattachée au pays ou territoire Arabie saoudite. Libellé neutre DSE à valider avant publication.";"Oui";"110";"Non";"Non";"Non";"Non";"Import GEO-NATIONALITES.csv sans lookup; Operation IMPORT-GEO-NATIONALITES-SANS-LOOKUP-20260910-203830";"Arabie saoudite";"SA";"SAU";"682";"https://www.iso.org/fr/iso-3166-country-codes.html";"";"";"09/10/2026 20:18:30";"09/10/2026 18:38:57";"";""
"12";"Nationalité - Argentine";"ID-GEO-NAT-000012";"ARG";"Nationalité rattachée au pays ou territoire Argentine. Libellé neutre DSE à valider avant publication.";"Oui";"120";"Non";"Non";"Non";"Non";"Import GEO-NATIONALITES.csv sans lookup; Operation IMPORT-GEO-NATIONALITES-SANS-LOOKUP-20260910-203830";"Argentine";"AR";"ARG";"32";"https://www.iso.org/fr/iso-3166-country-codes.html";"";"";"09/10/2026 20:18:31";"09/10/2026 18:38:57";"";""
"13";"Nationalité - Arménie";"ID-GEO-NAT-000013";"ARM";"Nationalité rattachée au pays ou territoire Arménie. Libellé neutre DSE à valider avant publication.";"Oui";"130";"Non";"Non";"Non";"Non";"Import GEO-NATIONALITES.csv sans lookup; Operation IMPORT-GEO-NATIONALITES-SANS-LOOKUP-20260910-203830";"Arménie";"AM";"ARM";"51";"https://www.iso.org/fr/iso-3166-country-codes.html";"";"";"09/10/2026 20:18:32";"09/10/2026 18:38:58";"";""
"14";"Nationalité - Aruba";"ID-GEO-NAT-000014";"ABW";"Nationalité rattachée au pays ou territoire Aruba. Libellé neutre DSE à valider avant publication.";"Oui";"140";"Non";"Non";"Non";"Non";"Import GEO-NATIONALITES.csv sans lookup; Operation IMPORT-GEO-NATIONALITES-SANS-LOOKUP-20260910-203830";"Aruba";"AW";"ABW";"533";"https://www.iso.org/fr/iso-3166-country-codes.html";"";"";"09/10/2026 20:18:33";"09/10/2026 18:38:59";"";""
"15";"Nationalité - Australie";"ID-GEO-NAT-000015";"AUS";"Nationalité rattachée au pays ou territoire Australie. Libellé neutre DSE à valider avant publication.";"Oui";"150";"Non";"Non";"Non";"Non";"Import GEO-NATIONALITES.csv sans lookup; Operation IMPORT-GEO-NATIONALITES-SANS-LOOKUP-20260910-203830";"Australie";"AU";"AUS";"36";"https://www.iso.org/fr/iso-3166-country-codes.html";"";"";"09/10/2026 20:18:35";"09/10/2026 18:39:00";"";""
"16";"Nationalité - Autriche";"ID-GEO-NAT-000016";"AUT";"Nationalité rattachée au pays ou territoire Autriche. Libellé neutre DSE à valider avant publication.";"Oui";"160";"Non";"Non";"Non";"Non";"Import GEO-NATIONALITES.csv sans lookup; Operation IMPORT-GEO-NATIONALITES-SANS-LOOKUP-20260910-203830";"Autriche";"AT";"AUT";"40";"https://www.iso.org/fr/iso-3166-country-codes.html";"";"";"09/10/2026 20:18:35";"09/10/2026 18:39:00";"";""
"17";"Nationalité - Azerbaïdjan";"ID-GEO-NAT-000017";"AZE";"Nationalité rattachée au pays ou territoire Azerbaïdjan. Libellé neutre DSE à valider avant publication.";"Oui";"170";"Non";"Non";"Non";"Non";"Import GEO-NATIONALITES.csv sans lookup; Operation IMPORT-GEO-NATIONALITES-SANS-LOOKUP-20260910-203830";"Azerbaïdjan";"AZ";"AZE";"31";"https://www.iso.org/fr/iso-3166-country-codes.html";"";"";"09/10/2026 20:18:37";"09/10/2026 18:39:01";"";""
"18";"Nationalité - Bahamas";"ID-GEO-NAT-000018";"BHS";"Nationalité rattachée au pays ou territoire Bahamas. Libellé neutre DSE à valider avant publication.";"Oui";"180";"Non";"Non";"Non";"Non";"Import GEO-NATIONALITES.csv sans lookup; Operation IMPORT-GEO-NATIONALITES-SANS-LOOKUP-20260910-203830";"Bahamas";"BS";"BHS";"44";"https://www.iso.org/fr/iso-3166-country-codes.html";"";"";"09/10/2026 20:18:38";"09/10/2026 18:39:02";"";""
"19";"Nationalité - Bahreïn";"ID-GEO-NAT-000019";"BHR";"Nationalité rattachée au pays ou territoire Bahreïn. Libellé neutre DSE à valider avant publication.";"Oui";"190";"Non";"Non";"Non";"Non";"Import GEO-NATIONALITES.csv sans lookup; Operation IMPORT-GEO-NATIONALITES-SANS-LOOKUP-20260910-203830";"Bahreïn";"BH";"BHR";"48";"https://www.iso.org/fr/iso-3166-country-codes.html";"";"";"09/10/2026 20:18:38";"09/10/2026 18:39:02";"";""
"20";"Nationalité - Bangladesh";"ID-GEO-NAT-000020";"BGD";"Nationalité rattachée au pays ou territoire Bangladesh. Libellé neutre DSE à valider avant publication.";"Oui";"200";"Non";"Non";"Non";"Non";"Import GEO-NATIONALITES.csv sans lookup; Operation IMPORT-GEO-NATIONALITES-SANS-LOOKUP-20260910-203830";"Bangladesh";"BD";"BGD";"50";"https://www.iso.org/fr/iso-3166-country-codes.html";"";"";"09/10/2026 20:18:39";"09/10/2026 18:39:03";"";""
"21";"Nationalité - Barbade";"ID-GEO-NAT-000021";"BRB";"Nationalité rattachée au pays ou territoire Barbade. Libellé neutre DSE à valider avant publication.";"Oui";"210";"Non";"Non";"Non";"Non";"Import GEO-NATIONALITES.csv sans lookup; Operation IMPORT-GEO-NATIONALITES-SANS-LOOKUP-20260910-203830";"Barbade";"BB";"BRB";"52";"https://www.iso.org/fr/iso-3166-country-codes.html";"";"";"09/10/2026 20:18:40";"09/10/2026 18:39:04";"";""
"22";"Nationalité - Belgique";"ID-GEO-NAT-000022";"BEL";"Nationalité rattachée au pays ou territoire Belgique. Libellé neutre DSE à valider avant publication.";"Oui";"220";"Non";"Non";"Non";"Non";"Import GEO-NATIONALITES.csv sans lookup; Operation IMPORT-GEO-NATIONALITES-SANS-LOOKUP-20260910-203830";"Belgique";"BE";"BEL";"56";"https://www.iso.org/fr/iso-3166-country-codes.html";"";"";"09/10/2026 20:18:41";"09/10/2026 18:39:05";"";""
"23";"Nationalité - Belize";"ID-GEO-NAT-000023";"BLZ";"Nationalité rattachée au pays ou territoire Belize. Libellé neutre DSE à valider avant publication.";"Oui";"230";"Non";"Non";"Non";"Non";"Import GEO-NATIONALITES.csv sans lookup; Operation IMPORT-GEO-NATIONALITES-SANS-LOOKUP-20260910-203830";"Belize";"BZ";"BLZ";"84";"https://www.iso.org/fr/iso-3166-country-codes.html";"";"";"09/10/2026 20:18:42";"09/10/2026 18:39:05";"";""
"24";"Nationalité - Bermudes";"ID-GEO-NAT-000024";"BMU";"Nationalité rattachée au pays ou territoire Bermudes. Libellé neutre DSE à valider avant publication.";"Oui";"240";"Non";"Non";"Non";"Non";"Import GEO-NATIONALITES.csv sans lookup; Operation IMPORT-GEO-NATIONALITES-SANS-LOOKUP-20260910-203830";"Bermudes";"BM";"BMU";"60";"https://www.iso.org/fr/iso-3166-country-codes.html";"";"";"09/10/2026 20:18:43";"09/10/2026 18:39:06";"";""
"25";"Nationalité - Bhoutan";"ID-GEO-NAT-000025";"BTN";"Nationalité rattachée au pays ou territoire Bhoutan. Libellé neutre DSE à valider avant publication.";"Oui";"250";"Non";"Non";"Non";"Non";"Import GEO-NATIONALITES.csv sans lookup; Operation IMPORT-GEO-NATIONALITES-SANS-LOOKUP-20260910-203830";"Bhoutan";"BT";"BTN";"64";"https://www.iso.org/fr/iso-3166-country-codes.html";"";"";"09/10/2026 20:18:44";"09/10/2026 18:39:07";"";""
"26";"Nationalité - Birmanie";"ID-GEO-NAT-000026";"MMR";"Nationalité rattachée au pays ou territoire Birmanie. Libellé neutre DSE à valider avant publication.";"Oui";"260";"Non";"Non";"Non";"Non";"Import GEO-NATIONALITES.csv sans lookup; Operation IMPORT-GEO-NATIONALITES-SANS-LOOKUP-20260910-203830";"Birmanie";"MM";"MMR";"104";"https://www.iso.org/fr/iso-3166-country-codes.html";"";"";"09/10/2026 20:35:47";"09/10/2026 18:39:07";"";""
"27";"Nationalité - Bolivie, état plurinational de";"ID-GEO-NAT-000027";"BOL";"Nationalité rattachée au pays ou territoire Bolivie, état plurinational de. Libellé neutre DSE à valider avant publication.";"Oui";"270";"Non";"Non";"Non";"Non";"Import GEO-NATIONALITES.csv sans lookup; Operation IMPORT-GEO-NATIONALITES-SANS-LOOKUP-20260910-203830";"Bolivie, état plurinational de";"BO";"BOL";"68";"https://www.iso.org/fr/iso-3166-country-codes.html";"";"";"09/10/2026 20:35:48";"09/10/2026 18:39:08";"";""
"28";"Nationalité - Bonaire, Saint-Eustache et Saba";"ID-GEO-NAT-000028";"BES";"Nationalité rattachée au pays ou territoire Bonaire, Saint-Eustache et Saba. Libellé neutre DSE à valider avant publication.";"Oui";"280";"Non";"Non";"Non";"Non";"Import GEO-NATIONALITES.csv sans lookup; Operation IMPORT-GEO-NATIONALITES-SANS-LOOKUP-20260910-203830";"Bonaire, Saint-Eustache et Saba";"BQ";"BES";"535";"https://www.iso.org/fr/iso-3166-country-codes.html";"";"";"09/10/2026 20:18:45";"09/10/2026 18:39:09";"";""
"29";"Nationalité - Bosnie-Herzégovine";"ID-GEO-NAT-000029";"BIH";"Nationalité rattachée au pays ou territoire Bosnie-Herzégovine. Libellé neutre DSE à valider avant publication.";"Oui";"290";"Non";"Non";"Non";"Non";"Import GEO-NATIONALITES.csv sans lookup; Operation IMPORT-GEO-NATIONALITES-SANS-LOOKUP-20260910-203830";"Bosnie-Herzégovine";"BA";"BIH";"70";"https://www.iso.org/fr/iso-3166-country-codes.html";"";"";"09/10/2026 20:18:46";"09/10/2026 18:39:10";"";""
"30";"Nationalité - Botswana";"ID-GEO-NAT-000030";"BWA";"Nationalité rattachée au pays ou territoire Botswana. Libellé neutre DSE à valider avant publication.";"Oui";"300";"Non";"Non";"Non";"Non";"Import GEO-NATIONALITES.csv sans lookup; Operation IMPORT-GEO-NATIONALITES-SANS-LOOKUP-20260910-203830";"Botswana";"BW";"BWA";"72";"https://www.iso.org/fr/iso-3166-country-codes.html";"";"";"09/10/2026 20:18:47";"09/10/2026 18:39:10";"";""
"31";"Nationalité - Brunéi Darussalam";"ID-GEO-NAT-000031";"BRN";"Nationalité rattachée au pays ou territoire Brunéi Darussalam. Libellé neutre DSE à valider avant publication.";"Oui";"310";"Non";"Non";"Non";"Non";"Import GEO-NATIONALITES.csv sans lookup; Operation IMPORT-GEO-NATIONALITES-SANS-LOOKUP-20260910-203830";"Brunéi Darussalam";"BN";"BRN";"96";"https://www.iso.org/fr/iso-3166-country-codes.html";"";"";"09/10/2026 20:18:48";"09/10/2026 18:39:11";"";""
"32";"Nationalité - Brésil";"ID-GEO-NAT-000032";"BRA";"Nationalité rattachée au pays ou territoire Brésil. Libellé neutre DSE à valider avant publication.";"Oui";"320";"Non";"Non";"Non";"Non";"Import GEO-NATIONALITES.csv sans lookup; Operation IMPORT-GEO-NATIONALITES-SANS-LOOKUP-20260910-203830";"Brésil";"BR";"BRA";"76";"https://www.iso.org/fr/iso-3166-country-codes.html";"";"";"09/10/2026 20:18:49";"09/10/2026 18:39:12";"";""
"33";"Nationalité - Bulgarie";"ID-GEO-NAT-000033";"BGR";"Nationalité rattachée au pays ou territoire Bulgarie. Libellé neutre DSE à valider avant publication.";"Oui";"330";"Non";"Non";"Non";"Non";"Import GEO-NATIONALITES.csv sans lookup; Operation IMPORT-GEO-NATIONALITES-SANS-LOOKUP-20260910-203830";"Bulgarie";"BG";"BGR";"100";"https://www.iso.org/fr/iso-3166-country-codes.html";"";"";"09/10/2026 20:18:50";"09/10/2026 18:39:13";"";""
"34";"Nationalité - Burkina Faso";"ID-GEO-NAT-000034";"BFA";"Nationalité rattachée au pays ou territoire Burkina Faso. Libellé neutre DSE à valider avant publication.";"Oui";"340";"Non";"Non";"Non";"Non";"Import GEO-NATIONALITES.csv sans lookup; Operation IMPORT-GEO-NATIONALITES-SANS-LOOKUP-20260910-203830";"Burkina Faso";"BF";"BFA";"854";"https://www.iso.org/fr/iso-3166-country-codes.html";"";"";"09/10/2026 20:18:51";"09/10/2026 18:39:13";"";""
"35";"Nationalité - Burundi";"ID-GEO-NAT-000035";"BDI";"Nationalité rattachée au pays ou territoire Burundi. Libellé neutre DSE à valider avant publication.";"Oui";"350";"Non";"Non";"Non";"Non";"Import GEO-NATIONALITES.csv sans lookup; Operation IMPORT-GEO-NATIONALITES-SANS-LOOKUP-20260910-203830";"Burundi";"BI";"BDI";"108";"https://www.iso.org/fr/iso-3166-country-codes.html";"";"";"09/10/2026 20:18:52";"09/10/2026 18:39:15";"";""
"36";"Nationalité - Bélarus";"ID-GEO-NAT-000036";"BLR";"Nationalité rattachée au pays ou territoire Bélarus. Libellé neutre DSE à valider avant publication.";"Oui";"360";"Non";"Non";"Non";"Non";"Import GEO-NATIONALITES.csv sans lookup; Operation IMPORT-GEO-NATIONALITES-SANS-LOOKUP-20260910-203830";"Bélarus";"BY";"BLR";"112";"https://www.iso.org/fr/iso-3166-country-codes.html";"";"";"09/10/2026 20:18:53";"09/10/2026 18:39:15";"";""
"37";"Nationalité - Bénin";"ID-GEO-NAT-000037";"BEN";"Nationalité rattachée au pays ou territoire Bénin. Libellé neutre DSE à valider avant publication.";"Oui";"370";"Non";"Non";"Non";"Non";"Import GEO-NATIONALITES.csv sans lookup; Operation IMPORT-GEO-NATIONALITES-SANS-LOOKUP-20260910-203830";"Bénin";"BJ";"BEN";"204";"https://www.iso.org/fr/iso-3166-country-codes.html";"";"";"09/10/2026 20:18:54";"09/10/2026 18:39:15";"";""
"38";"Nationalité - Cambodge";"ID-GEO-NAT-000038";"KHM";"Nationalité rattachée au pays ou territoire Cambodge. Libellé neutre DSE à valider avant publication.";"Oui";"380";"Non";"Non";"Non";"Non";"Import GEO-NATIONALITES.csv sans lookup; Operation IMPORT-GEO-NATIONALITES-SANS-LOOKUP-20260910-203830";"Cambodge";"KH";"KHM";"116";"https://www.iso.org/fr/iso-3166-country-codes.html";"";"";"09/10/2026 20:18:55";"09/10/2026 18:39:16";"";""
"39";"Nationalité - Cameroun";"ID-GEO-NAT-000039";"CMR";"Nationalité rattachée au pays ou territoire Cameroun. Libellé neutre DSE à valider avant publication.";"Oui";"390";"Non";"Non";"Non";"Non";"Import GEO-NATIONALITES.csv sans lookup; Operation IMPORT-GEO-NATIONALITES-SANS-LOOKUP-20260910-203830";"Cameroun";"CM";"CMR";"120";"https://www.iso.org/fr/iso-3166-country-codes.html";"";"";"09/10/2026 20:18:56";"09/10/2026 18:39:17";"";""
"40";"Nationalité - Canada";"ID-GEO-NAT-000040";"CAN";"Nationalité rattachée au pays ou territoire Canada. Libellé neutre DSE à valider avant publication.";"Oui";"400";"Non";"Non";"Non";"Non";"Import GEO-NATIONALITES.csv sans lookup; Operation IMPORT-GEO-NATIONALITES-SANS-LOOKUP-20260910-203830";"Canada";"CA";"CAN";"124";"https://www.iso.org/fr/iso-3166-country-codes.html";"";"";"09/10/2026 20:18:57";"09/10/2026 18:39:18";"";""
"41";"Nationalité - Cap-Vert";"ID-GEO-NAT-000041";"CPV";"Nationalité rattachée au pays ou territoire Cap-Vert. Libellé neutre DSE à valider avant publication.";"Oui";"410";"Non";"Non";"Non";"Non";"Import GEO-NATIONALITES.csv sans lookup; Operation IMPORT-GEO-NATIONALITES-SANS-LOOKUP-20260910-203830";"Cap-Vert";"CV";"CPV";"132";"https://www.iso.org/fr/iso-3166-country-codes.html";"";"";"09/10/2026 20:18:58";"09/10/2026 18:39:18";"";""
"42";"Nationalité - Chili";"ID-GEO-NAT-000042";"CHL";"Nationalité rattachée au pays ou territoire Chili. Libellé neutre DSE à valider avant publication.";"Oui";"420";"Non";"Non";"Non";"Non";"Import GEO-NATIONALITES.csv sans lookup; Operation IMPORT-GEO-NATIONALITES-SANS-LOOKUP-20260910-203830";"Chili";"CL";"CHL";"152";"https://www.iso.org/fr/iso-3166-country-codes.html";"";"";"09/10/2026 20:18:59";"09/10/2026 18:39:19";"";""
"43";"Nationalité - Chine";"ID-GEO-NAT-000043";"CHN";"Nationalité rattachée au pays ou territoire Chine. Libellé neutre DSE à valider avant publication.";"Oui";"430";"Non";"Non";"Non";"Non";"Import GEO-NATIONALITES.csv sans lookup; Operation IMPORT-GEO-NATIONALITES-SANS-LOOKUP-20260910-203830";"Chine";"CN";"CHN";"156";"https://www.iso.org/fr/iso-3166-country-codes.html";"";"";"09/10/2026 20:19:00";"09/10/2026 18:39:20";"";""
"44";"Nationalité - Christmas, Île";"ID-GEO-NAT-000044";"CXR";"Nationalité rattachée au pays ou territoire Christmas, Île. Libellé neutre DSE à valider avant publication.";"Oui";"440";"Non";"Non";"Non";"Non";"Import GEO-NATIONALITES.csv sans lookup; Operation IMPORT-GEO-NATIONALITES-SANS-LOOKUP-20260910-203830";"Christmas, Île";"CX";"CXR";"162";"https://www.iso.org/fr/iso-3166-country-codes.html";"";"";"09/10/2026 20:35:49";"09/10/2026 18:39:21";"";""
"45";"Nationalité - Chypre";"ID-GEO-NAT-000045";"CYP";"Nationalité rattachée au pays ou territoire Chypre. Libellé neutre DSE à valider avant publication.";"Oui";"450";"Non";"Non";"Non";"Non";"Import GEO-NATIONALITES.csv sans lookup; Operation IMPORT-GEO-NATIONALITES-SANS-LOOKUP-20260910-203830";"Chypre";"CY";"CYP";"196";"https://www.iso.org/fr/iso-3166-country-codes.html";"";"";"09/10/2026 20:19:01";"09/10/2026 18:39:21";"";""
"46";"Nationalité - Cocos (Keeling), Îles";"ID-GEO-NAT-000046";"CCK";"Nationalité rattachée au pays ou territoire Cocos (Keeling), Îles. Libellé neutre DSE à valider avant publication.";"Oui";"460";"Non";"Non";"Non";"Non";"Import GEO-NATIONALITES.csv sans lookup; Operation IMPORT-GEO-NATIONALITES-SANS-LOOKUP-20260910-203830";"Cocos (Keeling), Îles";"CC";"CCK";"166";"https://www.iso.org/fr/iso-3166-country-codes.html";"";"";"09/10/2026 20:35:50";"09/10/2026 18:39:22";"";""
"47";"Nationalité - Colombie";"ID-GEO-NAT-000047";"COL";"Nationalité rattachée au pays ou territoire Colombie. Libellé neutre DSE à valider avant publication.";"Oui";"470";"Non";"Non";"Non";"Non";"Import GEO-NATIONALITES.csv sans lookup; Operation IMPORT-GEO-NATIONALITES-SANS-LOOKUP-20260910-203830";"Colombie";"CO";"COL";"170";"https://www.iso.org/fr/iso-3166-country-codes.html";"";"";"09/10/2026 20:19:02";"09/10/2026 18:39:23";"";""
"48";"Nationalité - Comores";"ID-GEO-NAT-000048";"COM";"Nationalité rattachée au pays ou territoire Comores. Libellé neutre DSE à valider avant publication.";"Oui";"480";"Non";"Non";"Non";"Non";"Import GEO-NATIONALITES.csv sans lookup; Operation IMPORT-GEO-NATIONALITES-SANS-LOOKUP-20260910-203830";"Comores";"KM";"COM";"174";"https://www.iso.org/fr/iso-3166-country-codes.html";"";"";"09/10/2026 20:19:03";"09/10/2026 18:39:24";"";""
"49";"Nationalité - Corée, République de";"ID-GEO-NAT-000049";"KOR";"Nationalité rattachée au pays ou territoire Corée, République de. Libellé neutre DSE à valider avant publication.";"Oui";"490";"Non";"Non";"Non";"Non";"Import GEO-NATIONALITES.csv sans lookup; Operation IMPORT-GEO-NATIONALITES-SANS-LOOKUP-20260910-203830";"Corée, République de";"KR";"KOR";"410";"https://www.iso.org/fr/iso-3166-country-codes.html";"";"";"09/10/2026 20:35:51";"09/10/2026 18:39:24";"";""
"50";"Nationalité - Corée, République populaire démocratique de";"ID-GEO-NAT-000050";"PRK";"Nationalité rattachée au pays ou territoire Corée, République populaire démocratique de. Libellé neutre DSE à valider avant publication.";"Oui";"500";"Non";"Non";"Non";"Non";"Import GEO-NATIONALITES.csv sans lookup; Operation IMPORT-GEO-NATIONALITES-SANS-LOOKUP-20260910-203830";"Corée, République populaire démocratique de";"KP";"PRK";"408";"https://www.iso.org/fr/iso-3166-country-codes.html";"";"";"09/10/2026 20:35:52";"09/10/2026 18:39:25";"";""
"51";"Nationalité - Costa Rica";"ID-GEO-NAT-000051";"CRI";"Nationalité rattachée au pays ou territoire Costa Rica. Libellé neutre DSE à valider avant publication.";"Oui";"510";"Non";"Non";"Non";"Non";"Import GEO-NATIONALITES.csv sans lookup; Operation IMPORT-GEO-NATIONALITES-SANS-LOOKUP-20260910-203830";"Costa Rica";"CR";"CRI";"188";"https://www.iso.org/fr/iso-3166-country-codes.html";"";"";"09/10/2026 20:19:04";"09/10/2026 18:39:27";"";""
"52";"Nationalité - Croatie";"ID-GEO-NAT-000052";"HRV";"Nationalité rattachée au pays ou territoire Croatie. Libellé neutre DSE à valider avant publication.";"Oui";"520";"Non";"Non";"Non";"Non";"Import GEO-NATIONALITES.csv sans lookup; Operation IMPORT-GEO-NATIONALITES-SANS-LOOKUP-20260910-203830";"Croatie";"HR";"HRV";"191";"https://www.iso.org/fr/iso-3166-country-codes.html";"";"";"09/10/2026 20:19:05";"09/10/2026 18:39:28";"";""
"53";"Nationalité - Cuba";"ID-GEO-NAT-000053";"CUB";"Nationalité rattachée au pays ou territoire Cuba. Libellé neutre DSE à valider avant publication.";"Oui";"530";"Non";"Non";"Non";"Non";"Import GEO-NATIONALITES.csv sans lookup; Operation IMPORT-GEO-NATIONALITES-SANS-LOOKUP-20260910-203830";"Cuba";"CU";"CUB";"192";"https://www.iso.org/fr/iso-3166-country-codes.html";"";"";"09/10/2026 20:19:06";"09/10/2026 18:39:29";"";""
"54";"Nationalité - Curaçao";"ID-GEO-NAT-000054";"CUW";"Nationalité rattachée au pays ou territoire Curaçao. Libellé neutre DSE à valider avant publication.";"Oui";"540";"Non";"Non";"Non";"Non";"Import GEO-NATIONALITES.csv sans lookup; Operation IMPORT-GEO-NATIONALITES-SANS-LOOKUP-20260910-203830";"Curaçao";"CW";"CUW";"531";"https://www.iso.org/fr/iso-3166-country-codes.html";"";"";"09/10/2026 20:19:07";"09/10/2026 18:39:29";"";""
"55";"Nationalité - Côte d'Ivoire";"ID-GEO-NAT-000055";"CIV";"Nationalité rattachée au pays ou territoire Côte d'Ivoire. Libellé neutre DSE à valider avant publication.";"Oui";"550";"Non";"Non";"Non";"Non";"Import GEO-NATIONALITES.csv sans lookup; Operation IMPORT-GEO-NATIONALITES-SANS-LOOKUP-20260910-203830";"Côte d'Ivoire";"CI";"CIV";"384";"https://www.iso.org/fr/iso-3166-country-codes.html";"";"";"09/10/2026 20:19:08";"09/10/2026 18:39:30";"";""
"56";"Nationalité - Danemark";"ID-GEO-NAT-000056";"DNK";"Nationalité rattachée au pays ou territoire Danemark. Libellé neutre DSE à valider avant publication.";"Oui";"560";"Non";"Non";"Non";"Non";"Import GEO-NATIONALITES.csv sans lookup; Operation IMPORT-GEO-NATIONALITES-SANS-LOOKUP-20260910-203830";"Danemark";"DK";"DNK";"208";"https://www.iso.org/fr/iso-3166-country-codes.html";"";"";"09/10/2026 20:19:09";"09/10/2026 18:39:31";"";""
"57";"Nationalité - Djibouti";"ID-GEO-NAT-000057";"DJI";"Nationalité rattachée au pays ou territoire Djibouti. Libellé neutre DSE à valider avant publication.";"Oui";"570";"Non";"Non";"Non";"Non";"Import GEO-NATIONALITES.csv sans lookup; Operation IMPORT-GEO-NATIONALITES-SANS-LOOKUP-20260910-203830";"Djibouti";"DJ";"DJI";"262";"https://www.iso.org/fr/iso-3166-country-codes.html";"";"";"09/10/2026 20:19:10";"09/10/2026 18:39:32";"";""
"58";"Nationalité - Dominique";"ID-GEO-NAT-000058";"DMA";"Nationalité rattachée au pays ou territoire Dominique. Libellé neutre DSE à valider avant publication.";"Oui";"580";"Non";"Non";"Non";"Non";"Import GEO-NATIONALITES.csv sans lookup; Operation IMPORT-GEO-NATIONALITES-SANS-LOOKUP-20260910-203830";"Dominique";"DM";"DMA";"212";"https://www.iso.org/fr/iso-3166-country-codes.html";"";"";"09/10/2026 20:19:11";"09/10/2026 18:39:32";"";""
"59";"Nationalité - Espagne";"ID-GEO-NAT-000059";"ESP";"Nationalité rattachée au pays ou territoire Espagne. Libellé neutre DSE à valider avant publication.";"Oui";"590";"Non";"Non";"Non";"Non";"Import GEO-NATIONALITES.csv sans lookup; Operation IMPORT-GEO-NATIONALITES-SANS-LOOKUP-20260910-203830";"Espagne";"ES";"ESP";"724";"https://www.iso.org/fr/iso-3166-country-codes.html";"";"";"09/10/2026 20:19:12";"09/10/2026 18:39:33";"";""
"60";"Nationalité - Estonie";"ID-GEO-NAT-000060";"EST";"Nationalité rattachée au pays ou territoire Estonie. Libellé neutre DSE à valider avant publication.";"Oui";"600";"Non";"Non";"Non";"Non";"Import GEO-NATIONALITES.csv sans lookup; Operation IMPORT-GEO-NATIONALITES-SANS-LOOKUP-20260910-203830";"Estonie";"EE";"EST";"233";"https://www.iso.org/fr/iso-3166-country-codes.html";"";"";"09/10/2026 20:19:13";"09/10/2026 18:39:34";"";""
"61";"Nationalité - Eswatini";"ID-GEO-NAT-000061";"SWZ";"Nationalité rattachée au pays ou territoire Eswatini. Libellé neutre DSE à valider avant publication.";"Oui";"610";"Non";"Non";"Non";"Non";"Import GEO-NATIONALITES.csv sans lookup; Operation IMPORT-GEO-NATIONALITES-SANS-LOOKUP-20260910-203830";"Eswatini";"SZ";"SWZ";"748";"https://www.iso.org/fr/iso-3166-country-codes.html";"";"";"09/10/2026 20:35:53";"09/10/2026 18:39:35";"";""
"62";"Nationalité - Fidji";"ID-GEO-NAT-000062";"FJI";"Nationalité rattachée au pays ou territoire Fidji. Libellé neutre DSE à valider avant publication.";"Oui";"620";"Non";"Non";"Non";"Non";"Import GEO-NATIONALITES.csv sans lookup; Operation IMPORT-GEO-NATIONALITES-SANS-LOOKUP-20260910-203830";"Fidji";"FJ";"FJI";"242";"https://www.iso.org/fr/iso-3166-country-codes.html";"";"";"09/10/2026 20:19:14";"09/10/2026 18:39:35";"";""
"63";"Nationalité - Finlande";"ID-GEO-NAT-000063";"FIN";"Nationalité rattachée au pays ou territoire Finlande. Libellé neutre DSE à valider avant publication.";"Oui";"630";"Non";"Non";"Non";"Non";"Import GEO-NATIONALITES.csv sans lookup; Operation IMPORT-GEO-NATIONALITES-SANS-LOOKUP-20260910-203830";"Finlande";"FI";"FIN";"246";"https://www.iso.org/fr/iso-3166-country-codes.html";"";"";"09/10/2026 20:19:15";"09/10/2026 18:39:36";"";""
"64";"Nationalité - France";"ID-GEO-NAT-000064";"FRA";"Nationalité rattachée au pays ou territoire France. Libellé neutre DSE à valider avant publication.";"Oui";"640";"Non";"Non";"Non";"Non";"Import GEO-NATIONALITES.csv sans lookup; Operation IMPORT-GEO-NATIONALITES-SANS-LOOKUP-20260910-203830";"France";"FR";"FRA";"250";"https://www.iso.org/fr/iso-3166-country-codes.html";"";"";"09/10/2026 20:19:15";"09/10/2026 18:39:37";"";""
"65";"Nationalité - Gabon";"ID-GEO-NAT-000065";"GAB";"Nationalité rattachée au pays ou territoire Gabon. Libellé neutre DSE à valider avant publication.";"Oui";"650";"Non";"Non";"Non";"Non";"Import GEO-NATIONALITES.csv sans lookup; Operation IMPORT-GEO-NATIONALITES-SANS-LOOKUP-20260910-203830";"Gabon";"GA";"GAB";"266";"https://www.iso.org/fr/iso-3166-country-codes.html";"";"";"09/10/2026 20:19:17";"09/10/2026 18:39:38";"";""
"66";"Nationalité - Gambie";"ID-GEO-NAT-000066";"GMB";"Nationalité rattachée au pays ou territoire Gambie. Libellé neutre DSE à valider avant publication.";"Oui";"660";"Non";"Non";"Non";"Non";"Import GEO-NATIONALITES.csv sans lookup; Operation IMPORT-GEO-NATIONALITES-SANS-LOOKUP-20260910-203830";"Gambie";"GM";"GMB";"270";"https://www.iso.org/fr/iso-3166-country-codes.html";"";"";"09/10/2026 20:19:17";"09/10/2026 18:39:38";"";""
"67";"Nationalité - Ghana";"ID-GEO-NAT-000067";"GHA";"Nationalité rattachée au pays ou territoire Ghana. Libellé neutre DSE à valider avant publication.";"Oui";"670";"Non";"Non";"Non";"Non";"Import GEO-NATIONALITES.csv sans lookup; Operation IMPORT-GEO-NATIONALITES-SANS-LOOKUP-20260910-203830";"Ghana";"GH";"GHA";"288";"https://www.iso.org/fr/iso-3166-country-codes.html";"";"";"09/10/2026 20:19:18";"09/10/2026 18:39:39";"";""
"68";"Nationalité - Gibraltar";"ID-GEO-NAT-000068";"GIB";"Nationalité rattachée au pays ou territoire Gibraltar. Libellé neutre DSE à valider avant publication.";"Oui";"680";"Non";"Non";"Non";"Non";"Import GEO-NATIONALITES.csv sans lookup; Operation IMPORT-GEO-NATIONALITES-SANS-LOOKUP-20260910-203830";"Gibraltar";"GI";"GIB";"292";"https://www.iso.org/fr/iso-3166-country-codes.html";"";"";"09/10/2026 20:19:19";"09/10/2026 18:39:40";"";""
"69";"Nationalité - Grenade";"ID-GEO-NAT-000069";"GRD";"Nationalité rattachée au pays ou territoire Grenade. Libellé neutre DSE à valider avant publication.";"Oui";"690";"Non";"Non";"Non";"Non";"Import GEO-NATIONALITES.csv sans lookup; Operation IMPORT-GEO-NATIONALITES-SANS-LOOKUP-20260910-203830";"Grenade";"GD";"GRD";"308";"https://www.iso.org/fr/iso-3166-country-codes.html";"";"";"09/10/2026 20:19:21";"09/10/2026 18:39:41";"";""
"70";"Nationalité - Groënland";"ID-GEO-NAT-000070";"GRL";"Nationalité rattachée au pays ou territoire Groënland. Libellé neutre DSE à valider avant publication.";"Oui";"700";"Non";"Non";"Non";"Non";"Import GEO-NATIONALITES.csv sans lookup; Operation IMPORT-GEO-NATIONALITES-SANS-LOOKUP-20260910-203830";"Groënland";"GL";"GRL";"304";"https://www.iso.org/fr/iso-3166-country-codes.html";"";"";"09/10/2026 20:19:22";"09/10/2026 18:39:41";"";""
"71";"Nationalité - Grèce";"ID-GEO-NAT-000071";"GRC";"Nationalité rattachée au pays ou territoire Grèce. Libellé neutre DSE à valider avant publication.";"Oui";"710";"Non";"Non";"Non";"Non";"Import GEO-NATIONALITES.csv sans lookup; Operation IMPORT-GEO-NATIONALITES-SANS-LOOKUP-20260910-203830";"Grèce";"GR";"GRC";"300";"https://www.iso.org/fr/iso-3166-country-codes.html";"";"";"09/10/2026 20:19:23";"09/10/2026 18:39:42";"";""
"72";"Nationalité - Guadeloupe";"ID-GEO-NAT-000072";"GLP";"Nationalité rattachée au pays ou territoire Guadeloupe. Libellé neutre DSE à valider avant publication.";"Oui";"720";"Non";"Non";"Non";"Non";"Import GEO-NATIONALITES.csv sans lookup; Operation IMPORT-GEO-NATIONALITES-SANS-LOOKUP-20260910-203830";"Guadeloupe";"GP";"GLP";"312";"https://www.iso.org/fr/iso-3166-country-codes.html";"";"";"09/10/2026 20:19:24";"09/10/2026 18:39:43";"";""
"73";"Nationalité - Guam";"ID-GEO-NAT-000073";"GUM";"Nationalité rattachée au pays ou territoire Guam. Libellé neutre DSE à valider avant publication.";"Oui";"730";"Non";"Non";"Non";"Non";"Import GEO-NATIONALITES.csv sans lookup; Operation IMPORT-GEO-NATIONALITES-SANS-LOOKUP-20260910-203830";"Guam";"GU";"GUM";"316";"https://www.iso.org/fr/iso-3166-country-codes.html";"";"";"09/10/2026 20:19:25";"09/10/2026 18:39:43";"";""
"74";"Nationalité - Guatemala";"ID-GEO-NAT-000074";"GTM";"Nationalité rattachée au pays ou territoire Guatemala. Libellé neutre DSE à valider avant publication.";"Oui";"740";"Non";"Non";"Non";"Non";"Import GEO-NATIONALITES.csv sans lookup; Operation IMPORT-GEO-NATIONALITES-SANS-LOOKUP-20260910-203830";"Guatemala";"GT";"GTM";"320";"https://www.iso.org/fr/iso-3166-country-codes.html";"";"";"09/10/2026 20:19:25";"09/10/2026 18:39:44";"";""
"75";"Nationalité - Guernesey";"ID-GEO-NAT-000075";"GGY";"Nationalité rattachée au pays ou territoire Guernesey. Libellé neutre DSE à valider avant publication.";"Oui";"750";"Non";"Non";"Non";"Non";"Import GEO-NATIONALITES.csv sans lookup; Operation IMPORT-GEO-NATIONALITES-SANS-LOOKUP-20260910-203830";"Guernesey";"GG";"GGY";"831";"https://www.iso.org/fr/iso-3166-country-codes.html";"";"";"09/10/2026 20:19:26";"09/10/2026 18:39:45";"";""
"76";"Nationalité - Guinée";"ID-GEO-NAT-000076";"GIN";"Nationalité rattachée au pays ou territoire Guinée. Libellé neutre DSE à valider avant publication.";"Oui";"760";"Non";"Non";"Non";"Non";"Import GEO-NATIONALITES.csv sans lookup; Operation IMPORT-GEO-NATIONALITES-SANS-LOOKUP-20260910-203830";"Guinée";"GN";"GIN";"324";"https://www.iso.org/fr/iso-3166-country-codes.html";"";"";"09/10/2026 20:19:27";"09/10/2026 18:39:46";"";""
"77";"Nationalité - Guinée Équatoriale";"ID-GEO-NAT-000077";"GNQ";"Nationalité rattachée au pays ou territoire Guinée Équatoriale. Libellé neutre DSE à valider avant publication.";"Oui";"770";"Non";"Non";"Non";"Non";"Import GEO-NATIONALITES.csv sans lookup; Operation IMPORT-GEO-NATIONALITES-SANS-LOOKUP-20260910-203830";"Guinée Équatoriale";"GQ";"GNQ";"226";"https://www.iso.org/fr/iso-3166-country-codes.html";"";"";"09/10/2026 20:35:54";"09/10/2026 18:39:46";"";""
"78";"Nationalité - Guinée-Bissau";"ID-GEO-NAT-000078";"GNB";"Nationalité rattachée au pays ou territoire Guinée-Bissau. Libellé neutre DSE à valider avant publication.";"Oui";"780";"Non";"Non";"Non";"Non";"Import GEO-NATIONALITES.csv sans lookup; Operation IMPORT-GEO-NATIONALITES-SANS-LOOKUP-20260910-203830";"Guinée-Bissau";"GW";"GNB";"624";"https://www.iso.org/fr/iso-3166-country-codes.html";"";"";"09/10/2026 20:19:29";"09/10/2026 18:39:47";"";""
"79";"Nationalité - Guyana";"ID-GEO-NAT-000079";"GUY";"Nationalité rattachée au pays ou territoire Guyana. Libellé neutre DSE à valider avant publication.";"Oui";"790";"Non";"Non";"Non";"Non";"Import GEO-NATIONALITES.csv sans lookup; Operation IMPORT-GEO-NATIONALITES-SANS-LOOKUP-20260910-203830";"Guyana";"GY";"GUY";"328";"https://www.iso.org/fr/iso-3166-country-codes.html";"";"";"09/10/2026 20:35:55";"09/10/2026 18:39:48";"";""
"80";"Nationalité - Guyane française";"ID-GEO-NAT-000080";"GUF";"Nationalité rattachée au pays ou territoire Guyane française. Libellé neutre DSE à valider avant publication.";"Oui";"800";"Non";"Non";"Non";"Non";"Import GEO-NATIONALITES.csv sans lookup; Operation IMPORT-GEO-NATIONALITES-SANS-LOOKUP-20260910-203830";"Guyane française";"GF";"GUF";"254";"https://www.iso.org/fr/iso-3166-country-codes.html";"";"";"09/10/2026 20:35:56";"09/10/2026 18:39:48";"";""
"81";"Nationalité - Géorgie";"ID-GEO-NAT-000081";"GEO";"Nationalité rattachée au pays ou territoire Géorgie. Libellé neutre DSE à valider avant publication.";"Oui";"810";"Non";"Non";"Non";"Non";"Import GEO-NATIONALITES.csv sans lookup; Operation IMPORT-GEO-NATIONALITES-SANS-LOOKUP-20260910-203830";"Géorgie";"GE";"GEO";"268";"https://www.iso.org/fr/iso-3166-country-codes.html";"";"";"09/10/2026 20:19:29";"09/10/2026 18:39:49";"";""
"82";"Nationalité - Géorgie du Sud et les îles Sandwich du Sud";"ID-GEO-NAT-000082";"SGS";"Nationalité rattachée au pays ou territoire Géorgie du Sud et les îles Sandwich du Sud. Libellé neutre DSE à valider avant publication.";"Oui";"820";"Non";"Non";"Non";"Non";"Import GEO-NATIONALITES.csv sans lookup; Operation IMPORT-GEO-NATIONALITES-SANS-LOOKUP-20260910-203830";"Géorgie du Sud et les îles Sandwich du Sud";"GS";"SGS";"239";"https://www.iso.org/fr/iso-3166-country-codes.html";"";"";"09/10/2026 20:35:58";"09/10/2026 18:39:50";"";""
"83";"Nationalité - Haïti";"ID-GEO-NAT-000083";"HTI";"Nationalité rattachée au pays ou territoire Haïti. Libellé neutre DSE à valider avant publication.";"Oui";"830";"Non";"Non";"Non";"Non";"Import GEO-NATIONALITES.csv sans lookup; Operation IMPORT-GEO-NATIONALITES-SANS-LOOKUP-20260910-203830";"Haïti";"HT";"HTI";"332";"https://www.iso.org/fr/iso-3166-country-codes.html";"";"";"09/10/2026 20:19:30";"09/10/2026 18:39:51";"";""
"84";"Nationalité - Honduras";"ID-GEO-NAT-000084";"HND";"Nationalité rattachée au pays ou territoire Honduras. Libellé neutre DSE à valider avant publication.";"Oui";"840";"Non";"Non";"Non";"Non";"Import GEO-NATIONALITES.csv sans lookup; Operation IMPORT-GEO-NATIONALITES-SANS-LOOKUP-20260910-203830";"Honduras";"HN";"HND";"340";"https://www.iso.org/fr/iso-3166-country-codes.html";"";"";"09/10/2026 20:19:31";"09/10/2026 18:39:51";"";""
"85";"Nationalité - Hong Kong";"ID-GEO-NAT-000085";"HKG";"Nationalité rattachée au pays ou territoire Hong Kong. Libellé neutre DSE à valider avant publication.";"Oui";"850";"Non";"Non";"Non";"Non";"Import GEO-NATIONALITES.csv sans lookup; Operation IMPORT-GEO-NATIONALITES-SANS-LOOKUP-20260910-203830";"Hong Kong";"HK";"HKG";"344";"https://www.iso.org/fr/iso-3166-country-codes.html";"";"";"09/10/2026 20:19:32";"09/10/2026 18:39:52";"";""
"86";"Nationalité - Hongrie";"ID-GEO-NAT-000086";"HUN";"Nationalité rattachée au pays ou territoire Hongrie. Libellé neutre DSE à valider avant publication.";"Oui";"860";"Non";"Non";"Non";"Non";"Import GEO-NATIONALITES.csv sans lookup; Operation IMPORT-GEO-NATIONALITES-SANS-LOOKUP-20260910-203830";"Hongrie";"HU";"HUN";"348";"https://www.iso.org/fr/iso-3166-country-codes.html";"";"";"09/10/2026 20:19:33";"09/10/2026 18:39:53";"";""
"87";"Nationalité - Inde";"ID-GEO-NAT-000087";"IND";"Nationalité rattachée au pays ou territoire Inde. Libellé neutre DSE à valider avant publication.";"Oui";"870";"Non";"Non";"Non";"Non";"Import GEO-NATIONALITES.csv sans lookup; Operation IMPORT-GEO-NATIONALITES-SANS-LOOKUP-20260910-203830";"Inde";"IN";"IND";"356";"https://www.iso.org/fr/iso-3166-country-codes.html";"";"";"09/10/2026 20:19:34";"09/10/2026 18:39:54";"";""
"88";"Nationalité - Indonésie";"ID-GEO-NAT-000088";"IDN";"Nationalité rattachée au pays ou territoire Indonésie. Libellé neutre DSE à valider avant publication.";"Oui";"880";"Non";"Non";"Non";"Non";"Import GEO-NATIONALITES.csv sans lookup; Operation IMPORT-GEO-NATIONALITES-SANS-LOOKUP-20260910-203830";"Indonésie";"ID";"IDN";"360";"https://www.iso.org/fr/iso-3166-country-codes.html";"";"";"09/10/2026 20:19:35";"09/10/2026 18:39:54";"";""
"89";"Nationalité - Irak";"ID-GEO-NAT-000089";"IRQ";"Nationalité rattachée au pays ou territoire Irak. Libellé neutre DSE à valider avant publication.";"Oui";"890";"Non";"Non";"Non";"Non";"Import GEO-NATIONALITES.csv sans lookup; Operation IMPORT-GEO-NATIONALITES-SANS-LOOKUP-20260910-203830";"Irak";"IQ";"IRQ";"368";"https://www.iso.org/fr/iso-3166-country-codes.html";"";"";"09/10/2026 20:19:36";"09/10/2026 18:39:55";"";""
"90";"Nationalité - Iran, République islamique d'";"ID-GEO-NAT-000090";"IRN";"Nationalité rattachée au pays ou territoire Iran, République islamique d'. Libellé neutre DSE à valider avant publication.";"Oui";"900";"Non";"Non";"Non";"Non";"Import GEO-NATIONALITES.csv sans lookup; Operation IMPORT-GEO-NATIONALITES-SANS-LOOKUP-20260910-203830";"Iran, République islamique d'";"IR";"IRN";"364";"https://www.iso.org/fr/iso-3166-country-codes.html";"";"";"09/10/2026 20:35:59";"09/10/2026 18:39:56";"";""
"91";"Nationalité - Irlande";"ID-GEO-NAT-000091";"IRL";"Nationalité rattachée au pays ou territoire Irlande. Libellé neutre DSE à valider avant publication.";"Oui";"910";"Non";"Non";"Non";"Non";"Import GEO-NATIONALITES.csv sans lookup; Operation IMPORT-GEO-NATIONALITES-SANS-LOOKUP-20260910-203830";"Irlande";"IE";"IRL";"372";"https://www.iso.org/fr/iso-3166-country-codes.html";"";"";"09/10/2026 20:19:37";"09/10/2026 18:39:56";"";""
"92";"Nationalité - Islande";"ID-GEO-NAT-000092";"ISL";"Nationalité rattachée au pays ou territoire Islande. Libellé neutre DSE à valider avant publication.";"Oui";"920";"Non";"Non";"Non";"Non";"Import GEO-NATIONALITES.csv sans lookup; Operation IMPORT-GEO-NATIONALITES-SANS-LOOKUP-20260910-203830";"Islande";"IS";"ISL";"352";"https://www.iso.org/fr/iso-3166-country-codes.html";"";"";"09/10/2026 20:19:38";"09/10/2026 18:39:57";"";""
"93";"Nationalité - Israël";"ID-GEO-NAT-000093";"ISR";"Nationalité rattachée au pays ou territoire Israël. Libellé neutre DSE à valider avant publication.";"Oui";"930";"Non";"Non";"Non";"Non";"Import GEO-NATIONALITES.csv sans lookup; Operation IMPORT-GEO-NATIONALITES-SANS-LOOKUP-20260910-203830";"Israël";"IL";"ISR";"376";"https://www.iso.org/fr/iso-3166-country-codes.html";"";"";"09/10/2026 20:19:39";"09/10/2026 18:39:58";"";""
"94";"Nationalité - Italie";"ID-GEO-NAT-000094";"ITA";"Nationalité rattachée au pays ou territoire Italie. Libellé neutre DSE à valider avant publication.";"Oui";"940";"Non";"Non";"Non";"Non";"Import GEO-NATIONALITES.csv sans lookup; Operation IMPORT-GEO-NATIONALITES-SANS-LOOKUP-20260910-203830";"Italie";"IT";"ITA";"380";"https://www.iso.org/fr/iso-3166-country-codes.html";"";"";"09/10/2026 20:19:40";"09/10/2026 18:39:59";"";""
"95";"Nationalité - Jamaïque";"ID-GEO-NAT-000095";"JAM";"Nationalité rattachée au pays ou territoire Jamaïque. Libellé neutre DSE à valider avant publication.";"Oui";"950";"Non";"Non";"Non";"Non";"Import GEO-NATIONALITES.csv sans lookup; Operation IMPORT-GEO-NATIONALITES-SANS-LOOKUP-20260910-203830";"Jamaïque";"JM";"JAM";"388";"https://www.iso.org/fr/iso-3166-country-codes.html";"";"";"09/10/2026 20:19:42";"09/10/2026 18:39:59";"";""
"96";"Nationalité - Japon";"ID-GEO-NAT-000096";"JPN";"Nationalité rattachée au pays ou territoire Japon. Libellé neutre DSE à valider avant publication.";"Oui";"960";"Non";"Non";"Non";"Non";"Import GEO-NATIONALITES.csv sans lookup; Operation IMPORT-GEO-NATIONALITES-SANS-LOOKUP-20260910-203830";"Japon";"JP";"JPN";"392";"https://www.iso.org/fr/iso-3166-country-codes.html";"";"";"09/10/2026 20:19:43";"09/10/2026 18:40:00";"";""
"97";"Nationalité - Jersey";"ID-GEO-NAT-000097";"JEY";"Nationalité rattachée au pays ou territoire Jersey. Libellé neutre DSE à valider avant publication.";"Oui";"970";"Non";"Non";"Non";"Non";"Import GEO-NATIONALITES.csv sans lookup; Operation IMPORT-GEO-NATIONALITES-SANS-LOOKUP-20260910-203830";"Jersey";"JE";"JEY";"832";"https://www.iso.org/fr/iso-3166-country-codes.html";"";"";"09/10/2026 20:19:43";"09/10/2026 18:40:01";"";""
"98";"Nationalité - Jordanie";"ID-GEO-NAT-000098";"JOR";"Nationalité rattachée au pays ou territoire Jordanie. Libellé neutre DSE à valider avant publication.";"Oui";"980";"Non";"Non";"Non";"Non";"Import GEO-NATIONALITES.csv sans lookup; Operation IMPORT-GEO-NATIONALITES-SANS-LOOKUP-20260910-203830";"Jordanie";"JO";"JOR";"400";"https://www.iso.org/fr/iso-3166-country-codes.html";"";"";"09/10/2026 20:19:44";"09/10/2026 18:40:02";"";""
"99";"Nationalité - Kazakhstan";"ID-GEO-NAT-000099";"KAZ";"Nationalité rattachée au pays ou territoire Kazakhstan. Libellé neutre DSE à valider avant publication.";"Oui";"990";"Non";"Non";"Non";"Non";"Import GEO-NATIONALITES.csv sans lookup; Operation IMPORT-GEO-NATIONALITES-SANS-LOOKUP-20260910-203830";"Kazakhstan";"KZ";"KAZ";"398";"https://www.iso.org/fr/iso-3166-country-codes.html";"";"";"09/10/2026 20:19:45";"09/10/2026 18:40:02";"";""
"100";"Nationalité - Kenya";"ID-GEO-NAT-000100";"KEN";"Nationalité rattachée au pays ou territoire Kenya. Libellé neutre DSE à valider avant publication.";"Oui";"1000";"Non";"Non";"Non";"Non";"Import GEO-NATIONALITES.csv sans lookup; Operation IMPORT-GEO-NATIONALITES-SANS-LOOKUP-20260910-203830";"Kenya";"KE";"KEN";"404";"https://www.iso.org/fr/iso-3166-country-codes.html";"";"";"09/10/2026 20:19:46";"09/10/2026 18:40:03";"";""
"101";"Nationalité - Kirghizistan";"ID-GEO-NAT-000101";"KGZ";"Nationalité rattachée au pays ou territoire Kirghizistan. Libellé neutre DSE à valider avant publication.";"Oui";"1010";"Non";"Non";"Non";"Non";"Import GEO-NATIONALITES.csv sans lookup; Operation IMPORT-GEO-NATIONALITES-SANS-LOOKUP-20260910-203830";"Kirghizistan";"KG";"KGZ";"417";"https://www.iso.org/fr/iso-3166-country-codes.html";"";"";"09/10/2026 20:19:47";"09/10/2026 18:40:05";"";""
"102";"Nationalité - Kiribati";"ID-GEO-NAT-000102";"KIR";"Nationalité rattachée au pays ou territoire Kiribati. Libellé neutre DSE à valider avant publication.";"Oui";"1020";"Non";"Non";"Non";"Non";"Import GEO-NATIONALITES.csv sans lookup; Operation IMPORT-GEO-NATIONALITES-SANS-LOOKUP-20260910-203830";"Kiribati";"KI";"KIR";"296";"https://www.iso.org/fr/iso-3166-country-codes.html";"";"";"09/10/2026 20:19:48";"09/10/2026 18:40:06";"";""
"103";"Nationalité - Koweït";"ID-GEO-NAT-000103";"KWT";"Nationalité rattachée au pays ou territoire Koweït. Libellé neutre DSE à valider avant publication.";"Oui";"1030";"Non";"Non";"Non";"Non";"Import GEO-NATIONALITES.csv sans lookup; Operation IMPORT-GEO-NATIONALITES-SANS-LOOKUP-20260910-203830";"Koweït";"KW";"KWT";"414";"https://www.iso.org/fr/iso-3166-country-codes.html";"";"";"09/10/2026 20:19:49";"09/10/2026 18:40:07";"";""
"104";"Nationalité - Lao, République démocratique populaire";"ID-GEO-NAT-000104";"LAO";"Nationalité rattachée au pays ou territoire Lao, République démocratique populaire. Libellé neutre DSE à valider avant publication.";"Oui";"1040";"Non";"Non";"Non";"Non";"Import GEO-NATIONALITES.csv sans lookup; Operation IMPORT-GEO-NATIONALITES-SANS-LOOKUP-20260910-203830";"Lao, République démocratique populaire";"LA";"LAO";"418";"https://www.iso.org/fr/iso-3166-country-codes.html";"";"";"09/10/2026 20:36:00";"09/10/2026 18:40:07";"";""
"105";"Nationalité - Lesotho";"ID-GEO-NAT-000105";"LSO";"Nationalité rattachée au pays ou territoire Lesotho. Libellé neutre DSE à valider avant publication.";"Oui";"1050";"Non";"Non";"Non";"Non";"Import GEO-NATIONALITES.csv sans lookup; Operation IMPORT-GEO-NATIONALITES-SANS-LOOKUP-20260910-203830";"Lesotho";"LS";"LSO";"426";"https://www.iso.org/fr/iso-3166-country-codes.html";"";"";"09/10/2026 20:19:50";"09/10/2026 18:40:08";"";""
"106";"Nationalité - Lettonie";"ID-GEO-NAT-000106";"LVA";"Nationalité rattachée au pays ou territoire Lettonie. Libellé neutre DSE à valider avant publication.";"Oui";"1060";"Non";"Non";"Non";"Non";"Import GEO-NATIONALITES.csv sans lookup; Operation IMPORT-GEO-NATIONALITES-SANS-LOOKUP-20260910-203830";"Lettonie";"LV";"LVA";"428";"https://www.iso.org/fr/iso-3166-country-codes.html";"";"";"09/10/2026 20:19:51";"09/10/2026 18:40:09";"";""
"107";"Nationalité - Liban";"ID-GEO-NAT-000107";"LBN";"Nationalité rattachée au pays ou territoire Liban. Libellé neutre DSE à valider avant publication.";"Oui";"1070";"Non";"Non";"Non";"Non";"Import GEO-NATIONALITES.csv sans lookup; Operation IMPORT-GEO-NATIONALITES-SANS-LOOKUP-20260910-203830";"Liban";"LB";"LBN";"422";"https://www.iso.org/fr/iso-3166-country-codes.html";"";"";"09/10/2026 20:19:52";"09/10/2026 18:40:09";"";""
"108";"Nationalité - Libye";"ID-GEO-NAT-000108";"LBY";"Nationalité rattachée au pays ou territoire Libye. Libellé neutre DSE à valider avant publication.";"Oui";"1080";"Non";"Non";"Non";"Non";"Import GEO-NATIONALITES.csv sans lookup; Operation IMPORT-GEO-NATIONALITES-SANS-LOOKUP-20260910-203830";"Libye";"LY";"LBY";"434";"https://www.iso.org/fr/iso-3166-country-codes.html";"";"";"09/10/2026 20:19:53";"09/10/2026 18:40:10";"";""
"109";"Nationalité - Libéria";"ID-GEO-NAT-000109";"LBR";"Nationalité rattachée au pays ou territoire Libéria. Libellé neutre DSE à valider avant publication.";"Oui";"1090";"Non";"Non";"Non";"Non";"Import GEO-NATIONALITES.csv sans lookup; Operation IMPORT-GEO-NATIONALITES-SANS-LOOKUP-20260910-203830";"Libéria";"LR";"LBR";"430";"https://www.iso.org/fr/iso-3166-country-codes.html";"";"";"09/10/2026 20:19:54";"09/10/2026 18:40:11";"";""
"110";"Nationalité - Liechtenstein";"ID-GEO-NAT-000110";"LIE";"Nationalité rattachée au pays ou territoire Liechtenstein. Libellé neutre DSE à valider avant publication.";"Oui";"1100";"Non";"Non";"Non";"Non";"Import GEO-NATIONALITES.csv sans lookup; Operation IMPORT-GEO-NATIONALITES-SANS-LOOKUP-20260910-203830";"Liechtenstein";"LI";"LIE";"438";"https://www.iso.org/fr/iso-3166-country-codes.html";"";"";"09/10/2026 20:19:55";"09/10/2026 18:40:12";"";""
"111";"Nationalité - Lituanie";"ID-GEO-NAT-000111";"LTU";"Nationalité rattachée au pays ou territoire Lituanie. Libellé neutre DSE à valider avant publication.";"Oui";"1110";"Non";"Non";"Non";"Non";"Import GEO-NATIONALITES.csv sans lookup; Operation IMPORT-GEO-NATIONALITES-SANS-LOOKUP-20260910-203830";"Lituanie";"LT";"LTU";"440";"https://www.iso.org/fr/iso-3166-country-codes.html";"";"";"09/10/2026 20:19:56";"09/10/2026 18:40:12";"";""
"112";"Nationalité - Luxembourg";"ID-GEO-NAT-000112";"LUX";"Nationalité rattachée au pays ou territoire Luxembourg. Libellé neutre DSE à valider avant publication.";"Oui";"1120";"Non";"Non";"Non";"Non";"Import GEO-NATIONALITES.csv sans lookup; Operation IMPORT-GEO-NATIONALITES-SANS-LOOKUP-20260910-203830";"Luxembourg";"LU";"LUX";"442";"https://www.iso.org/fr/iso-3166-country-codes.html";"";"";"09/10/2026 20:19:57";"09/10/2026 18:40:13";"";""
"113";"Nationalité - Macau";"ID-GEO-NAT-000113";"MAC";"Nationalité rattachée au pays ou territoire Macau. Libellé neutre DSE à valider avant publication.";"Oui";"1130";"Non";"Non";"Non";"Non";"Import GEO-NATIONALITES.csv sans lookup; Operation IMPORT-GEO-NATIONALITES-SANS-LOOKUP-20260910-203830";"Macau";"MO";"MAC";"446";"https://www.iso.org/fr/iso-3166-country-codes.html";"";"";"09/10/2026 20:36:01";"09/10/2026 18:40:14";"";""
"114";"Nationalité - Macédoine du Nord";"ID-GEO-NAT-000114";"MKD";"Nationalité rattachée au pays ou territoire Macédoine du Nord. Libellé neutre DSE à valider avant publication.";"Oui";"1140";"Non";"Non";"Non";"Non";"Import GEO-NATIONALITES.csv sans lookup; Operation IMPORT-GEO-NATIONALITES-SANS-LOOKUP-20260910-203830";"Macédoine du Nord";"MK";"MKD";"807";"https://www.iso.org/fr/iso-3166-country-codes.html";"";"";"09/10/2026 20:36:02";"09/10/2026 18:40:14";"";""
"115";"Nationalité - Madagascar";"ID-GEO-NAT-000115";"MDG";"Nationalité rattachée au pays ou territoire Madagascar. Libellé neutre DSE à valider avant publication.";"Oui";"1150";"Non";"Non";"Non";"Non";"Import GEO-NATIONALITES.csv sans lookup; Operation IMPORT-GEO-NATIONALITES-SANS-LOOKUP-20260910-203830";"Madagascar";"MG";"MDG";"450";"https://www.iso.org/fr/iso-3166-country-codes.html";"";"";"09/10/2026 20:19:58";"09/10/2026 18:40:15";"";""
"116";"Nationalité - Malaisie";"ID-GEO-NAT-000116";"MYS";"Nationalité rattachée au pays ou territoire Malaisie. Libellé neutre DSE à valider avant publication.";"Oui";"1160";"Non";"Non";"Non";"Non";"Import GEO-NATIONALITES.csv sans lookup; Operation IMPORT-GEO-NATIONALITES-SANS-LOOKUP-20260910-203830";"Malaisie";"MY";"MYS";"458";"https://www.iso.org/fr/iso-3166-country-codes.html";"";"";"09/10/2026 20:19:59";"09/10/2026 18:40:16";"";""
"117";"Nationalité - Malawi";"ID-GEO-NAT-000117";"MWI";"Nationalité rattachée au pays ou territoire Malawi. Libellé neutre DSE à valider avant publication.";"Oui";"1170";"Non";"Non";"Non";"Non";"Import GEO-NATIONALITES.csv sans lookup; Operation IMPORT-GEO-NATIONALITES-SANS-LOOKUP-20260910-203830";"Malawi";"MW";"MWI";"454";"https://www.iso.org/fr/iso-3166-country-codes.html";"";"";"09/10/2026 20:20:00";"09/10/2026 18:40:17";"";""
"118";"Nationalité - Maldives";"ID-GEO-NAT-000118";"MDV";"Nationalité rattachée au pays ou territoire Maldives. Libellé neutre DSE à valider avant publication.";"Oui";"1180";"Non";"Non";"Non";"Non";"Import GEO-NATIONALITES.csv sans lookup; Operation IMPORT-GEO-NATIONALITES-SANS-LOOKUP-20260910-203830";"Maldives";"MV";"MDV";"462";"https://www.iso.org/fr/iso-3166-country-codes.html";"";"";"09/10/2026 20:20:01";"09/10/2026 18:40:18";"";""
"119";"Nationalité - Mali";"ID-GEO-NAT-000119";"MLI";"Nationalité rattachée au pays ou territoire Mali. Libellé neutre DSE à valider avant publication.";"Oui";"1190";"Non";"Non";"Non";"Non";"Import GEO-NATIONALITES.csv sans lookup; Operation IMPORT-GEO-NATIONALITES-SANS-LOOKUP-20260910-203830";"Mali";"ML";"MLI";"466";"https://www.iso.org/fr/iso-3166-country-codes.html";"";"";"09/10/2026 20:20:02";"09/10/2026 18:40:18";"";""
"120";"Nationalité - Malouines, Îles (Falkland)";"ID-GEO-NAT-000120";"FLK";"Nationalité rattachée au pays ou territoire Malouines, Îles (Falkland). Libellé neutre DSE à valider avant publication.";"Oui";"1200";"Non";"Non";"Non";"Non";"Import GEO-NATIONALITES.csv sans lookup; Operation IMPORT-GEO-NATIONALITES-SANS-LOOKUP-20260910-203830";"Malouines, Îles (Falkland)";"FK";"FLK";"238";"https://www.iso.org/fr/iso-3166-country-codes.html";"";"";"09/10/2026 20:36:02";"09/10/2026 18:40:19";"";""
"121";"Nationalité - Malte";"ID-GEO-NAT-000121";"MLT";"Nationalité rattachée au pays ou territoire Malte. Libellé neutre DSE à valider avant publication.";"Oui";"1210";"Non";"Non";"Non";"Non";"Import GEO-NATIONALITES.csv sans lookup; Operation IMPORT-GEO-NATIONALITES-SANS-LOOKUP-20260910-203830";"Malte";"MT";"MLT";"470";"https://www.iso.org/fr/iso-3166-country-codes.html";"";"";"09/10/2026 20:20:03";"09/10/2026 18:40:20";"";""
"122";"Nationalité - Maroc";"ID-GEO-NAT-000122";"MAR";"Nationalité rattachée au pays ou territoire Maroc. Libellé neutre DSE à valider avant publication.";"Oui";"1220";"Non";"Non";"Non";"Non";"Import GEO-NATIONALITES.csv sans lookup; Operation IMPORT-GEO-NATIONALITES-SANS-LOOKUP-20260910-203830";"Maroc";"MA";"MAR";"504";"https://www.iso.org/fr/iso-3166-country-codes.html";"";"";"09/10/2026 20:20:04";"09/10/2026 18:40:21";"";""
"123";"Nationalité - Martinique";"ID-GEO-NAT-000123";"MTQ";"Nationalité rattachée au pays ou territoire Martinique. Libellé neutre DSE à valider avant publication.";"Oui";"1230";"Non";"Non";"Non";"Non";"Import GEO-NATIONALITES.csv sans lookup; Operation IMPORT-GEO-NATIONALITES-SANS-LOOKUP-20260910-203830";"Martinique";"MQ";"MTQ";"474";"https://www.iso.org/fr/iso-3166-country-codes.html";"";"";"09/10/2026 20:20:05";"09/10/2026 18:40:21";"";""
"124";"Nationalité - Maurice";"ID-GEO-NAT-000124";"MUS";"Nationalité rattachée au pays ou territoire Maurice. Libellé neutre DSE à valider avant publication.";"Oui";"1240";"Non";"Non";"Non";"Non";"Import GEO-NATIONALITES.csv sans lookup; Operation IMPORT-GEO-NATIONALITES-SANS-LOOKUP-20260910-203830";"Maurice";"MU";"MUS";"480";"https://www.iso.org/fr/iso-3166-country-codes.html";"";"";"09/10/2026 20:36:03";"09/10/2026 18:40:22";"";""
"125";"Nationalité - Mauritanie";"ID-GEO-NAT-000125";"MRT";"Nationalité rattachée au pays ou territoire Mauritanie. Libellé neutre DSE à valider avant publication.";"Oui";"1250";"Non";"Non";"Non";"Non";"Import GEO-NATIONALITES.csv sans lookup; Operation IMPORT-GEO-NATIONALITES-SANS-LOOKUP-20260910-203830";"Mauritanie";"MR";"MRT";"478";"https://www.iso.org/fr/iso-3166-country-codes.html";"";"";"09/10/2026 20:20:06";"09/10/2026 18:40:23";"";""
"126";"Nationalité - Mayotte";"ID-GEO-NAT-000126";"MYT";"Nationalité rattachée au pays ou territoire Mayotte. Libellé neutre DSE à valider avant publication.";"Oui";"1260";"Non";"Non";"Non";"Non";"Import GEO-NATIONALITES.csv sans lookup; Operation IMPORT-GEO-NATIONALITES-SANS-LOOKUP-20260910-203830";"Mayotte";"YT";"MYT";"175";"https://www.iso.org/fr/iso-3166-country-codes.html";"";"";"09/10/2026 20:20:07";"09/10/2026 18:40:24";"";""
"127";"Nationalité - Mexique";"ID-GEO-NAT-000127";"MEX";"Nationalité rattachée au pays ou territoire Mexique. Libellé neutre DSE à valider avant publication.";"Oui";"1270";"Non";"Non";"Non";"Non";"Import GEO-NATIONALITES.csv sans lookup; Operation IMPORT-GEO-NATIONALITES-SANS-LOOKUP-20260910-203830";"Mexique";"MX";"MEX";"484";"https://www.iso.org/fr/iso-3166-country-codes.html";"";"";"09/10/2026 20:20:08";"09/10/2026 18:40:24";"";""
"128";"Nationalité - Micronésie, États fédérés de";"ID-GEO-NAT-000128";"FSM";"Nationalité rattachée au pays ou territoire Micronésie, États fédérés de. Libellé neutre DSE à valider avant publication.";"Oui";"1280";"Non";"Non";"Non";"Non";"Import GEO-NATIONALITES.csv sans lookup; Operation IMPORT-GEO-NATIONALITES-SANS-LOOKUP-20260910-203830";"Micronésie, États fédérés de";"FM";"FSM";"583";"https://www.iso.org/fr/iso-3166-country-codes.html";"";"";"09/10/2026 20:36:04";"09/10/2026 18:40:25";"";""
"129";"Nationalité - Moldova, République de";"ID-GEO-NAT-000129";"MDA";"Nationalité rattachée au pays ou territoire Moldova, République de. Libellé neutre DSE à valider avant publication.";"Oui";"1290";"Non";"Non";"Non";"Non";"Import GEO-NATIONALITES.csv sans lookup; Operation IMPORT-GEO-NATIONALITES-SANS-LOOKUP-20260910-203830";"Moldova, République de";"MD";"MDA";"498";"https://www.iso.org/fr/iso-3166-country-codes.html";"";"";"09/10/2026 20:36:05";"09/10/2026 18:40:26";"";""
"130";"Nationalité - Monaco";"ID-GEO-NAT-000130";"MCO";"Nationalité rattachée au pays ou territoire Monaco. Libellé neutre DSE à valider avant publication.";"Oui";"1300";"Non";"Non";"Non";"Non";"Import GEO-NATIONALITES.csv sans lookup; Operation IMPORT-GEO-NATIONALITES-SANS-LOOKUP-20260910-203830";"Monaco";"MC";"MCO";"492";"https://www.iso.org/fr/iso-3166-country-codes.html";"";"";"09/10/2026 20:20:09";"09/10/2026 18:40:26";"";""
"131";"Nationalité - Mongolie";"ID-GEO-NAT-000131";"MNG";"Nationalité rattachée au pays ou territoire Mongolie. Libellé neutre DSE à valider avant publication.";"Oui";"1310";"Non";"Non";"Non";"Non";"Import GEO-NATIONALITES.csv sans lookup; Operation IMPORT-GEO-NATIONALITES-SANS-LOOKUP-20260910-203830";"Mongolie";"MN";"MNG";"496";"https://www.iso.org/fr/iso-3166-country-codes.html";"";"";"09/10/2026 20:20:10";"09/10/2026 18:40:27";"";""
"132";"Nationalité - Montserrat";"ID-GEO-NAT-000132";"MSR";"Nationalité rattachée au pays ou territoire Montserrat. Libellé neutre DSE à valider avant publication.";"Oui";"1320";"Non";"Non";"Non";"Non";"Import GEO-NATIONALITES.csv sans lookup; Operation IMPORT-GEO-NATIONALITES-SANS-LOOKUP-20260910-203830";"Montserrat";"MS";"MSR";"500";"https://www.iso.org/fr/iso-3166-country-codes.html";"";"";"09/10/2026 20:20:12";"09/10/2026 18:40:28";"";""
"133";"Nationalité - Monténégro";"ID-GEO-NAT-000133";"MNE";"Nationalité rattachée au pays ou territoire Monténégro. Libellé neutre DSE à valider avant publication.";"Oui";"1330";"Non";"Non";"Non";"Non";"Import GEO-NATIONALITES.csv sans lookup; Operation IMPORT-GEO-NATIONALITES-SANS-LOOKUP-20260910-203830";"Monténégro";"ME";"MNE";"499";"https://www.iso.org/fr/iso-3166-country-codes.html";"";"";"09/10/2026 20:20:13";"09/10/2026 18:40:29";"";""
"134";"Nationalité - Mozambique";"ID-GEO-NAT-000134";"MOZ";"Nationalité rattachée au pays ou territoire Mozambique. Libellé neutre DSE à valider avant publication.";"Oui";"1340";"Non";"Non";"Non";"Non";"Import GEO-NATIONALITES.csv sans lookup; Operation IMPORT-GEO-NATIONALITES-SANS-LOOKUP-20260910-203830";"Mozambique";"MZ";"MOZ";"508";"https://www.iso.org/fr/iso-3166-country-codes.html";"";"";"09/10/2026 20:20:14";"09/10/2026 18:40:29";"";""
"135";"Nationalité - Namibie";"ID-GEO-NAT-000135";"NAM";"Nationalité rattachée au pays ou territoire Namibie. Libellé neutre DSE à valider avant publication.";"Oui";"1350";"Non";"Non";"Non";"Non";"Import GEO-NATIONALITES.csv sans lookup; Operation IMPORT-GEO-NATIONALITES-SANS-LOOKUP-20260910-203830";"Namibie";"NA";"NAM";"516";"https://www.iso.org/fr/iso-3166-country-codes.html";"";"";"09/10/2026 20:20:15";"09/10/2026 18:40:31";"";""
"136";"Nationalité - Nauru";"ID-GEO-NAT-000136";"NRU";"Nationalité rattachée au pays ou territoire Nauru. Libellé neutre DSE à valider avant publication.";"Oui";"1360";"Non";"Non";"Non";"Non";"Import GEO-NATIONALITES.csv sans lookup; Operation IMPORT-GEO-NATIONALITES-SANS-LOOKUP-20260910-203830";"Nauru";"NR";"NRU";"520";"https://www.iso.org/fr/iso-3166-country-codes.html";"";"";"09/10/2026 20:20:16";"09/10/2026 18:40:31";"";""
"137";"Nationalité - Nicaragua";"ID-GEO-NAT-000137";"NIC";"Nationalité rattachée au pays ou territoire Nicaragua. Libellé neutre DSE à valider avant publication.";"Oui";"1370";"Non";"Non";"Non";"Non";"Import GEO-NATIONALITES.csv sans lookup; Operation IMPORT-GEO-NATIONALITES-SANS-LOOKUP-20260910-203830";"Nicaragua";"NI";"NIC";"558";"https://www.iso.org/fr/iso-3166-country-codes.html";"";"";"09/10/2026 20:20:17";"09/10/2026 18:40:31";"";""
"138";"Nationalité - Niger";"ID-GEO-NAT-000138";"NER";"Nationalité rattachée au pays ou territoire Niger. Libellé neutre DSE à valider avant publication.";"Oui";"1380";"Non";"Non";"Non";"Non";"Import GEO-NATIONALITES.csv sans lookup; Operation IMPORT-GEO-NATIONALITES-SANS-LOOKUP-20260910-203830";"Niger";"NE";"NER";"562";"https://www.iso.org/fr/iso-3166-country-codes.html";"";"";"09/10/2026 20:20:18";"09/10/2026 18:40:32";"";""
"139";"Nationalité - Nigeria";"ID-GEO-NAT-000139";"NGA";"Nationalité rattachée au pays ou territoire Nigeria. Libellé neutre DSE à valider avant publication.";"Oui";"1390";"Non";"Non";"Non";"Non";"Import GEO-NATIONALITES.csv sans lookup; Operation IMPORT-GEO-NATIONALITES-SANS-LOOKUP-20260910-203830";"Nigeria";"NG";"NGA";"566";"https://www.iso.org/fr/iso-3166-country-codes.html";"";"";"09/10/2026 20:20:19";"09/10/2026 18:40:33";"";""
"140";"Nationalité - Nioue";"ID-GEO-NAT-000140";"NIU";"Nationalité rattachée au pays ou territoire Nioue. Libellé neutre DSE à valider avant publication.";"Oui";"1400";"Non";"Non";"Non";"Non";"Import GEO-NATIONALITES.csv sans lookup; Operation IMPORT-GEO-NATIONALITES-SANS-LOOKUP-20260910-203830";"Nioue";"NU";"NIU";"570";"https://www.iso.org/fr/iso-3166-country-codes.html";"";"";"09/10/2026 20:36:06";"09/10/2026 18:40:33";"";""
"141";"Nationalité - Norvège";"ID-GEO-NAT-000141";"NOR";"Nationalité rattachée au pays ou territoire Norvège. Libellé neutre DSE à valider avant publication.";"Oui";"1410";"Non";"Non";"Non";"Non";"Import GEO-NATIONALITES.csv sans lookup; Operation IMPORT-GEO-NATIONALITES-SANS-LOOKUP-20260910-203830";"Norvège";"NO";"NOR";"578";"https://www.iso.org/fr/iso-3166-country-codes.html";"";"";"09/10/2026 20:20:21";"09/10/2026 18:40:34";"";""
"142";"Nationalité - Nouvelle-Calédonie";"ID-GEO-NAT-000142";"NCL";"Nationalité rattachée au pays ou territoire Nouvelle-Calédonie. Libellé neutre DSE à valider avant publication.";"Oui";"1420";"Non";"Non";"Non";"Non";"Import GEO-NATIONALITES.csv sans lookup; Operation IMPORT-GEO-NATIONALITES-SANS-LOOKUP-20260910-203830";"Nouvelle-Calédonie";"NC";"NCL";"540";"https://www.iso.org/fr/iso-3166-country-codes.html";"";"";"09/10/2026 20:20:22";"09/10/2026 18:40:35";"";""
"143";"Nationalité - Nouvelle-Zélande";"ID-GEO-NAT-000143";"NZL";"Nationalité rattachée au pays ou territoire Nouvelle-Zélande. Libellé neutre DSE à valider avant publication.";"Oui";"1430";"Non";"Non";"Non";"Non";"Import GEO-NATIONALITES.csv sans lookup; Operation IMPORT-GEO-NATIONALITES-SANS-LOOKUP-20260910-203830";"Nouvelle-Zélande";"NZ";"NZL";"554";"https://www.iso.org/fr/iso-3166-country-codes.html";"";"";"09/10/2026 20:20:22";"09/10/2026 18:40:36";"";""
"144";"Nationalité - Népal";"ID-GEO-NAT-000144";"NPL";"Nationalité rattachée au pays ou territoire Népal. Libellé neutre DSE à valider avant publication.";"Oui";"1440";"Non";"Non";"Non";"Non";"Import GEO-NATIONALITES.csv sans lookup; Operation IMPORT-GEO-NATIONALITES-SANS-LOOKUP-20260910-203830";"Népal";"NP";"NPL";"524";"https://www.iso.org/fr/iso-3166-country-codes.html";"";"";"09/10/2026 20:20:23";"09/10/2026 18:40:36";"";""
"145";"Nationalité - Oman";"ID-GEO-NAT-000145";"OMN";"Nationalité rattachée au pays ou territoire Oman. Libellé neutre DSE à valider avant publication.";"Oui";"1450";"Non";"Non";"Non";"Non";"Import GEO-NATIONALITES.csv sans lookup; Operation IMPORT-GEO-NATIONALITES-SANS-LOOKUP-20260910-203830";"Oman";"OM";"OMN";"512";"https://www.iso.org/fr/iso-3166-country-codes.html";"";"";"09/10/2026 20:20:24";"09/10/2026 18:40:37";"";""
"146";"Nationalité - Ouganda";"ID-GEO-NAT-000146";"UGA";"Nationalité rattachée au pays ou territoire Ouganda. Libellé neutre DSE à valider avant publication.";"Oui";"1460";"Non";"Non";"Non";"Non";"Import GEO-NATIONALITES.csv sans lookup; Operation IMPORT-GEO-NATIONALITES-SANS-LOOKUP-20260910-203830";"Ouganda";"UG";"UGA";"800";"https://www.iso.org/fr/iso-3166-country-codes.html";"";"";"09/10/2026 20:36:08";"09/10/2026 18:40:38";"";""
"147";"Nationalité - Ouzbékistan";"ID-GEO-NAT-000147";"UZB";"Nationalité rattachée au pays ou territoire Ouzbékistan. Libellé neutre DSE à valider avant publication.";"Oui";"1470";"Non";"Non";"Non";"Non";"Import GEO-NATIONALITES.csv sans lookup; Operation IMPORT-GEO-NATIONALITES-SANS-LOOKUP-20260910-203830";"Ouzbékistan";"UZ";"UZB";"860";"https://www.iso.org/fr/iso-3166-country-codes.html";"";"";"09/10/2026 20:20:25";"09/10/2026 18:40:38";"";""
"148";"Nationalité - Pakistan";"ID-GEO-NAT-000148";"PAK";"Nationalité rattachée au pays ou territoire Pakistan. Libellé neutre DSE à valider avant publication.";"Oui";"1480";"Non";"Non";"Non";"Non";"Import GEO-NATIONALITES.csv sans lookup; Operation IMPORT-GEO-NATIONALITES-SANS-LOOKUP-20260910-203830";"Pakistan";"PK";"PAK";"586";"https://www.iso.org/fr/iso-3166-country-codes.html";"";"";"09/10/2026 20:20:26";"09/10/2026 18:40:39";"";""
"149";"Nationalité - Palaos";"ID-GEO-NAT-000149";"PLW";"Nationalité rattachée au pays ou territoire Palaos. Libellé neutre DSE à valider avant publication.";"Oui";"1490";"Non";"Non";"Non";"Non";"Import GEO-NATIONALITES.csv sans lookup; Operation IMPORT-GEO-NATIONALITES-SANS-LOOKUP-20260910-203830";"Palaos";"PW";"PLW";"585";"https://www.iso.org/fr/iso-3166-country-codes.html";"";"";"09/10/2026 20:20:27";"09/10/2026 18:40:40";"";""
"150";"Nationalité - Palestine, État de";"ID-GEO-NAT-000150";"PSE";"Nationalité rattachée au pays ou territoire Palestine, État de. Libellé neutre DSE à valider avant publication.";"Oui";"1500";"Non";"Non";"Non";"Non";"Import GEO-NATIONALITES.csv sans lookup; Operation IMPORT-GEO-NATIONALITES-SANS-LOOKUP-20260910-203830";"Palestine, État de";"PS";"PSE";"275";"https://www.iso.org/fr/iso-3166-country-codes.html";"";"";"09/10/2026 20:36:09";"09/10/2026 18:40:41";"";""
"151";"Nationalité - Panama";"ID-GEO-NAT-000151";"PAN";"Nationalité rattachée au pays ou territoire Panama. Libellé neutre DSE à valider avant publication.";"Oui";"1510";"Non";"Non";"Non";"Non";"Import GEO-NATIONALITES.csv sans lookup; Operation IMPORT-GEO-NATIONALITES-SANS-LOOKUP-20260910-203830";"Panama";"PA";"PAN";"591";"https://www.iso.org/fr/iso-3166-country-codes.html";"";"";"09/10/2026 20:20:28";"09/10/2026 18:40:43";"";""
"152";"Nationalité - Papouasie-Nouvelle-Guinée";"ID-GEO-NAT-000152";"PNG";"Nationalité rattachée au pays ou territoire Papouasie-Nouvelle-Guinée. Libellé neutre DSE à valider avant publication.";"Oui";"1520";"Non";"Non";"Non";"Non";"Import GEO-NATIONALITES.csv sans lookup; Operation IMPORT-GEO-NATIONALITES-SANS-LOOKUP-20260910-203830";"Papouasie-Nouvelle-Guinée";"PG";"PNG";"598";"https://www.iso.org/fr/iso-3166-country-codes.html";"";"";"09/10/2026 20:20:29";"09/10/2026 18:40:43";"";""
"153";"Nationalité - Paraguay";"ID-GEO-NAT-000153";"PRY";"Nationalité rattachée au pays ou territoire Paraguay. Libellé neutre DSE à valider avant publication.";"Oui";"1530";"Non";"Non";"Non";"Non";"Import GEO-NATIONALITES.csv sans lookup; Operation IMPORT-GEO-NATIONALITES-SANS-LOOKUP-20260910-203830";"Paraguay";"PY";"PRY";"600";"https://www.iso.org/fr/iso-3166-country-codes.html";"";"";"09/10/2026 20:20:30";"09/10/2026 18:40:44";"";""
"154";"Nationalité - Pays-Bas";"ID-GEO-NAT-000154";"NLD";"Nationalité rattachée au pays ou territoire Pays-Bas. Libellé neutre DSE à valider avant publication.";"Oui";"1540";"Non";"Non";"Non";"Non";"Import GEO-NATIONALITES.csv sans lookup; Operation IMPORT-GEO-NATIONALITES-SANS-LOOKUP-20260910-203830";"Pays-Bas";"NL";"NLD";"528";"https://www.iso.org/fr/iso-3166-country-codes.html";"";"";"09/10/2026 20:20:31";"09/10/2026 18:40:45";"";""
"155";"Nationalité - Philippines";"ID-GEO-NAT-000155";"PHL";"Nationalité rattachée au pays ou territoire Philippines. Libellé neutre DSE à valider avant publication.";"Oui";"1550";"Non";"Non";"Non";"Non";"Import GEO-NATIONALITES.csv sans lookup; Operation IMPORT-GEO-NATIONALITES-SANS-LOOKUP-20260910-203830";"Philippines";"PH";"PHL";"608";"https://www.iso.org/fr/iso-3166-country-codes.html";"";"";"09/10/2026 20:20:32";"09/10/2026 18:40:46";"";""
"156";"Nationalité - Pologne";"ID-GEO-NAT-000156";"POL";"Nationalité rattachée au pays ou territoire Pologne. Libellé neutre DSE à valider avant publication.";"Oui";"1560";"Non";"Non";"Non";"Non";"Import GEO-NATIONALITES.csv sans lookup; Operation IMPORT-GEO-NATIONALITES-SANS-LOOKUP-20260910-203830";"Pologne";"PL";"POL";"616";"https://www.iso.org/fr/iso-3166-country-codes.html";"";"";"09/10/2026 20:20:33";"09/10/2026 18:40:46";"";""
"157";"Nationalité - Polynésie française";"ID-GEO-NAT-000157";"PYF";"Nationalité rattachée au pays ou territoire Polynésie française. Libellé neutre DSE à valider avant publication.";"Oui";"1570";"Non";"Non";"Non";"Non";"Import GEO-NATIONALITES.csv sans lookup; Operation IMPORT-GEO-NATIONALITES-SANS-LOOKUP-20260910-203830";"Polynésie française";"PF";"PYF";"258";"https://www.iso.org/fr/iso-3166-country-codes.html";"";"";"09/10/2026 20:20:34";"09/10/2026 18:40:48";"";""
"158";"Nationalité - Porto Rico";"ID-GEO-NAT-000158";"PRI";"Nationalité rattachée au pays ou territoire Porto Rico. Libellé neutre DSE à valider avant publication.";"Oui";"1580";"Non";"Non";"Non";"Non";"Import GEO-NATIONALITES.csv sans lookup; Operation IMPORT-GEO-NATIONALITES-SANS-LOOKUP-20260910-203830";"Porto Rico";"PR";"PRI";"630";"https://www.iso.org/fr/iso-3166-country-codes.html";"";"";"09/10/2026 20:20:35";"09/10/2026 18:40:48";"";""
"159";"Nationalité - Portugal";"ID-GEO-NAT-000159";"PRT";"Nationalité rattachée au pays ou territoire Portugal. Libellé neutre DSE à valider avant publication.";"Oui";"1590";"Non";"Non";"Non";"Non";"Import GEO-NATIONALITES.csv sans lookup; Operation IMPORT-GEO-NATIONALITES-SANS-LOOKUP-20260910-203830";"Portugal";"PT";"PRT";"620";"https://www.iso.org/fr/iso-3166-country-codes.html";"";"";"09/10/2026 20:20:36";"09/10/2026 18:40:48";"";""
"160";"Nationalité - Pérou";"ID-GEO-NAT-000160";"PER";"Nationalité rattachée au pays ou territoire Pérou. Libellé neutre DSE à valider avant publication.";"Oui";"1600";"Non";"Non";"Non";"Non";"Import GEO-NATIONALITES.csv sans lookup; Operation IMPORT-GEO-NATIONALITES-SANS-LOOKUP-20260910-203830";"Pérou";"PE";"PER";"604";"https://www.iso.org/fr/iso-3166-country-codes.html";"";"";"09/10/2026 20:20:37";"09/10/2026 18:40:49";"";""
"161";"Nationalité - Qatar";"ID-GEO-NAT-000161";"QAT";"Nationalité rattachée au pays ou territoire Qatar. Libellé neutre DSE à valider avant publication.";"Oui";"1610";"Non";"Non";"Non";"Non";"Import GEO-NATIONALITES.csv sans lookup; Operation IMPORT-GEO-NATIONALITES-SANS-LOOKUP-20260910-203830";"Qatar";"QA";"QAT";"634";"https://www.iso.org/fr/iso-3166-country-codes.html";"";"";"09/10/2026 20:20:38";"09/10/2026 18:40:50";"";""
"162";"Nationalité - Roumanie";"ID-GEO-NAT-000162";"ROU";"Nationalité rattachée au pays ou territoire Roumanie. Libellé neutre DSE à valider avant publication.";"Oui";"1620";"Non";"Non";"Non";"Non";"Import GEO-NATIONALITES.csv sans lookup; Operation IMPORT-GEO-NATIONALITES-SANS-LOOKUP-20260910-203830";"Roumanie";"RO";"ROU";"642";"https://www.iso.org/fr/iso-3166-country-codes.html";"";"";"09/10/2026 20:20:39";"09/10/2026 18:40:51";"";""
"163";"Nationalité - Royaume-Uni";"ID-GEO-NAT-000163";"GBR";"Nationalité rattachée au pays ou territoire Royaume-Uni. Libellé neutre DSE à valider avant publication.";"Oui";"1630";"Non";"Non";"Non";"Non";"Import GEO-NATIONALITES.csv sans lookup; Operation IMPORT-GEO-NATIONALITES-SANS-LOOKUP-20260910-203830";"Royaume-Uni";"GB";"GBR";"826";"https://www.iso.org/fr/iso-3166-country-codes.html";"";"";"09/10/2026 20:20:40";"09/10/2026 18:40:51";"";""
"164";"Nationalité - Russie, Fédération de";"ID-GEO-NAT-000164";"RUS";"Nationalité rattachée au pays ou territoire Russie, Fédération de. Libellé neutre DSE à valider avant publication.";"Oui";"1640";"Non";"Non";"Non";"Non";"Import GEO-NATIONALITES.csv sans lookup; Operation IMPORT-GEO-NATIONALITES-SANS-LOOKUP-20260910-203830";"Russie, Fédération de";"RU";"RUS";"643";"https://www.iso.org/fr/iso-3166-country-codes.html";"";"";"09/10/2026 20:36:10";"09/10/2026 18:40:53";"";""
"165";"Nationalité - Rwanda";"ID-GEO-NAT-000165";"RWA";"Nationalité rattachée au pays ou territoire Rwanda. Libellé neutre DSE à valider avant publication.";"Oui";"1650";"Non";"Non";"Non";"Non";"Import GEO-NATIONALITES.csv sans lookup; Operation IMPORT-GEO-NATIONALITES-SANS-LOOKUP-20260910-203830";"Rwanda";"RW";"RWA";"646";"https://www.iso.org/fr/iso-3166-country-codes.html";"";"";"09/10/2026 20:20:41";"09/10/2026 18:40:53";"";""
"166";"Nationalité - République centrafricaine";"ID-GEO-NAT-000166";"CAF";"Nationalité rattachée au pays ou territoire République centrafricaine. Libellé neutre DSE à valider avant publication.";"Oui";"1660";"Non";"Non";"Non";"Non";"Import GEO-NATIONALITES.csv sans lookup; Operation IMPORT-GEO-NATIONALITES-SANS-LOOKUP-20260910-203830";"République centrafricaine";"CF";"CAF";"140";"https://www.iso.org/fr/iso-3166-country-codes.html";"";"";"09/10/2026 20:20:42";"09/10/2026 18:40:53";"";""
"167";"Nationalité - République dominicaine";"ID-GEO-NAT-000167";"DOM";"Nationalité rattachée au pays ou territoire République dominicaine. Libellé neutre DSE à valider avant publication.";"Oui";"1670";"Non";"Non";"Non";"Non";"Import GEO-NATIONALITES.csv sans lookup; Operation IMPORT-GEO-NATIONALITES-SANS-LOOKUP-20260910-203830";"République dominicaine";"DO";"DOM";"214";"https://www.iso.org/fr/iso-3166-country-codes.html";"";"";"09/10/2026 20:20:43";"09/10/2026 18:40:54";"";""
"168";"Nationalité - République du Congo";"ID-GEO-NAT-000168";"COG";"Nationalité rattachée au pays ou territoire République du Congo. Libellé neutre DSE à valider avant publication.";"Oui";"1680";"Non";"Non";"Non";"Non";"Import GEO-NATIONALITES.csv sans lookup; Operation IMPORT-GEO-NATIONALITES-SANS-LOOKUP-20260910-203830";"République du Congo";"CG";"COG";"178";"https://www.iso.org/fr/iso-3166-country-codes.html";"";"";"09/10/2026 20:36:11";"09/10/2026 18:40:55";"";""
"169";"Nationalité - République démocratique du Congo";"ID-GEO-NAT-000169";"COD";"Nationalité rattachée au pays ou territoire République démocratique du Congo. Libellé neutre DSE à valider avant publication.";"Oui";"1690";"Non";"Non";"Non";"Non";"Import GEO-NATIONALITES.csv sans lookup; Operation IMPORT-GEO-NATIONALITES-SANS-LOOKUP-20260910-203830";"République démocratique du Congo";"CD";"COD";"180";"https://www.iso.org/fr/iso-3166-country-codes.html";"";"";"09/10/2026 20:20:44";"09/10/2026 18:40:55";"";""
"170";"Nationalité - Réunion, Île de la";"ID-GEO-NAT-000170";"REU";"Nationalité rattachée au pays ou territoire Réunion, Île de la. Libellé neutre DSE à valider avant publication.";"Oui";"1700";"Non";"Non";"Non";"Non";"Import GEO-NATIONALITES.csv sans lookup; Operation IMPORT-GEO-NATIONALITES-SANS-LOOKUP-20260910-203830";"Réunion, Île de la";"RE";"REU";"638";"https://www.iso.org/fr/iso-3166-country-codes.html";"";"";"09/10/2026 20:36:11";"09/10/2026 18:40:56";"";""
"171";"Nationalité - Sahara occidental";"ID-GEO-NAT-000171";"ESH";"Nationalité rattachée au pays ou territoire Sahara occidental. Libellé neutre DSE à valider avant publication.";"Oui";"1710";"Non";"Non";"Non";"Non";"Import GEO-NATIONALITES.csv sans lookup; Operation IMPORT-GEO-NATIONALITES-SANS-LOOKUP-20260910-203830";"Sahara occidental";"EH";"ESH";"732";"https://www.iso.org/fr/iso-3166-country-codes.html";"";"";"09/10/2026 20:20:45";"09/10/2026 18:40:57";"";""
"172";"Nationalité - Saint-Barthélemy";"ID-GEO-NAT-000172";"BLM";"Nationalité rattachée au pays ou territoire Saint-Barthélemy. Libellé neutre DSE à valider avant publication.";"Oui";"1720";"Non";"Non";"Non";"Non";"Import GEO-NATIONALITES.csv sans lookup; Operation IMPORT-GEO-NATIONALITES-SANS-LOOKUP-20260910-203830";"Saint-Barthélemy";"BL";"BLM";"652";"https://www.iso.org/fr/iso-3166-country-codes.html";"";"";"09/10/2026 20:20:46";"09/10/2026 18:40:58";"";""
"173";"Nationalité - Saint-Christophe-et-Niévès";"ID-GEO-NAT-000173";"KNA";"Nationalité rattachée au pays ou territoire Saint-Christophe-et-Niévès. Libellé neutre DSE à valider avant publication.";"Oui";"1730";"Non";"Non";"Non";"Non";"Import GEO-NATIONALITES.csv sans lookup; Operation IMPORT-GEO-NATIONALITES-SANS-LOOKUP-20260910-203830";"Saint-Christophe-et-Niévès";"KN";"KNA";"659";"https://www.iso.org/fr/iso-3166-country-codes.html";"";"";"09/10/2026 20:20:47";"09/10/2026 18:40:58";"";""
"174";"Nationalité - Saint-Marin";"ID-GEO-NAT-000174";"SMR";"Nationalité rattachée au pays ou territoire Saint-Marin. Libellé neutre DSE à valider avant publication.";"Oui";"1740";"Non";"Non";"Non";"Non";"Import GEO-NATIONALITES.csv sans lookup; Operation IMPORT-GEO-NATIONALITES-SANS-LOOKUP-20260910-203830";"Saint-Marin";"SM";"SMR";"674";"https://www.iso.org/fr/iso-3166-country-codes.html";"";"";"09/10/2026 20:20:49";"09/10/2026 18:40:59";"";""
"175";"Nationalité - Saint-Martin (partie française)";"ID-GEO-NAT-000175";"MAF";"Nationalité rattachée au pays ou territoire Saint-Martin (partie française). Libellé neutre DSE à valider avant publication.";"Oui";"1750";"Non";"Non";"Non";"Non";"Import GEO-NATIONALITES.csv sans lookup; Operation IMPORT-GEO-NATIONALITES-SANS-LOOKUP-20260910-203830";"Saint-Martin (partie française)";"MF";"MAF";"663";"https://www.iso.org/fr/iso-3166-country-codes.html";"";"";"09/10/2026 20:20:50";"09/10/2026 18:41:00";"";""
"176";"Nationalité - Saint-Martin (partie néerlandaise)";"ID-GEO-NAT-000176";"SXM";"Nationalité rattachée au pays ou territoire Saint-Martin (partie néerlandaise). Libellé neutre DSE à valider avant publication.";"Oui";"1760";"Non";"Non";"Non";"Non";"Import GEO-NATIONALITES.csv sans lookup; Operation IMPORT-GEO-NATIONALITES-SANS-LOOKUP-20260910-203830";"Saint-Martin (partie néerlandaise)";"SX";"SXM";"534";"https://www.iso.org/fr/iso-3166-country-codes.html";"";"";"09/10/2026 20:20:51";"09/10/2026 18:41:01";"";""
"177";"Nationalité - Saint-Pierre-et-Miquelon";"ID-GEO-NAT-000177";"SPM";"Nationalité rattachée au pays ou territoire Saint-Pierre-et-Miquelon. Libellé neutre DSE à valider avant publication.";"Oui";"1770";"Non";"Non";"Non";"Non";"Import GEO-NATIONALITES.csv sans lookup; Operation IMPORT-GEO-NATIONALITES-SANS-LOOKUP-20260910-203830";"Saint-Pierre-et-Miquelon";"PM";"SPM";"666";"https://www.iso.org/fr/iso-3166-country-codes.html";"";"";"09/10/2026 20:20:51";"09/10/2026 18:41:01";"";""
"178";"Nationalité - Saint-Siège (état de la cité du Vatican)";"ID-GEO-NAT-000178";"VAT";"Nationalité rattachée au pays ou territoire Saint-Siège (état de la cité du Vatican). Libellé neutre DSE à valider avant publication.";"Oui";"1780";"Non";"Non";"Non";"Non";"Import GEO-NATIONALITES.csv sans lookup; Operation IMPORT-GEO-NATIONALITES-SANS-LOOKUP-20260910-203830";"Saint-Siège (état de la cité du Vatican)";"VA";"VAT";"336";"https://www.iso.org/fr/iso-3166-country-codes.html";"";"";"09/10/2026 20:36:13";"09/10/2026 18:41:02";"";""
"179";"Nationalité - Saint-Vincent-et-les-Grenadines";"ID-GEO-NAT-000179";"VCT";"Nationalité rattachée au pays ou territoire Saint-Vincent-et-les-Grenadines. Libellé neutre DSE à valider avant publication.";"Oui";"1790";"Non";"Non";"Non";"Non";"Import GEO-NATIONALITES.csv sans lookup; Operation IMPORT-GEO-NATIONALITES-SANS-LOOKUP-20260910-203830";"Saint-Vincent-et-les-Grenadines";"VC";"VCT";"670";"https://www.iso.org/fr/iso-3166-country-codes.html";"";"";"09/10/2026 20:20:52";"09/10/2026 18:41:03";"";""
"180";"Nationalité - Sainte-Hélène, Ascension et Tristan da Cunha";"ID-GEO-NAT-000180";"SHN";"Nationalité rattachée au pays ou territoire Sainte-Hélène, Ascension et Tristan da Cunha. Libellé neutre DSE à valider avant publication.";"Oui";"1800";"Non";"Non";"Non";"Non";"Import GEO-NATIONALITES.csv sans lookup; Operation IMPORT-GEO-NATIONALITES-SANS-LOOKUP-20260910-203830";"Sainte-Hélène, Ascension et Tristan da Cunha";"SH";"SHN";"654";"https://www.iso.org/fr/iso-3166-country-codes.html";"";"";"09/10/2026 20:36:14";"09/10/2026 18:41:03";"";""
"181";"Nationalité - Sainte-Lucie";"ID-GEO-NAT-000181";"LCA";"Nationalité rattachée au pays ou territoire Sainte-Lucie. Libellé neutre DSE à valider avant publication.";"Oui";"1810";"Non";"Non";"Non";"Non";"Import GEO-NATIONALITES.csv sans lookup; Operation IMPORT-GEO-NATIONALITES-SANS-LOOKUP-20260910-203830";"Sainte-Lucie";"LC";"LCA";"662";"https://www.iso.org/fr/iso-3166-country-codes.html";"";"";"09/10/2026 20:36:15";"09/10/2026 18:41:04";"";""
"182";"Nationalité - Salomon, Îles";"ID-GEO-NAT-000182";"SLB";"Nationalité rattachée au pays ou territoire Salomon, Îles. Libellé neutre DSE à valider avant publication.";"Oui";"1820";"Non";"Non";"Non";"Non";"Import GEO-NATIONALITES.csv sans lookup; Operation IMPORT-GEO-NATIONALITES-SANS-LOOKUP-20260910-203830";"Salomon, Îles";"SB";"SLB";"90";"https://www.iso.org/fr/iso-3166-country-codes.html";"";"";"09/10/2026 20:36:15";"09/10/2026 18:41:06";"";""
"183";"Nationalité - Salvador";"ID-GEO-NAT-000183";"SLV";"Nationalité rattachée au pays ou territoire Salvador. Libellé neutre DSE à valider avant publication.";"Oui";"1830";"Non";"Non";"Non";"Non";"Import GEO-NATIONALITES.csv sans lookup; Operation IMPORT-GEO-NATIONALITES-SANS-LOOKUP-20260910-203830";"Salvador";"SV";"SLV";"222";"https://www.iso.org/fr/iso-3166-country-codes.html";"";"";"09/10/2026 20:20:53";"09/10/2026 18:41:06";"";""
"184";"Nationalité - Samoa";"ID-GEO-NAT-000184";"WSM";"Nationalité rattachée au pays ou territoire Samoa. Libellé neutre DSE à valider avant publication.";"Oui";"1840";"Non";"Non";"Non";"Non";"Import GEO-NATIONALITES.csv sans lookup; Operation IMPORT-GEO-NATIONALITES-SANS-LOOKUP-20260910-203830";"Samoa";"WS";"WSM";"882";"https://www.iso.org/fr/iso-3166-country-codes.html";"";"";"09/10/2026 20:20:54";"09/10/2026 18:41:06";"";""
"185";"Nationalité - Samoa américaines";"ID-GEO-NAT-000185";"ASM";"Nationalité rattachée au pays ou territoire Samoa américaines. Libellé neutre DSE à valider avant publication.";"Oui";"1850";"Non";"Non";"Non";"Non";"Import GEO-NATIONALITES.csv sans lookup; Operation IMPORT-GEO-NATIONALITES-SANS-LOOKUP-20260910-203830";"Samoa américaines";"AS";"ASM";"16";"https://www.iso.org/fr/iso-3166-country-codes.html";"";"";"09/10/2026 20:20:55";"09/10/2026 18:41:07";"";""
"186";"Nationalité - Sao Tomé-et-Principe";"ID-GEO-NAT-000186";"STP";"Nationalité rattachée au pays ou territoire Sao Tomé-et-Principe. Libellé neutre DSE à valider avant publication.";"Oui";"1860";"Non";"Non";"Non";"Non";"Import GEO-NATIONALITES.csv sans lookup; Operation IMPORT-GEO-NATIONALITES-SANS-LOOKUP-20260910-203830";"Sao Tomé-et-Principe";"ST";"STP";"678";"https://www.iso.org/fr/iso-3166-country-codes.html";"";"";"09/10/2026 20:20:56";"09/10/2026 18:41:08";"";""
"187";"Nationalité - Serbie";"ID-GEO-NAT-000187";"SRB";"Nationalité rattachée au pays ou territoire Serbie. Libellé neutre DSE à valider avant publication.";"Oui";"1870";"Non";"Non";"Non";"Non";"Import GEO-NATIONALITES.csv sans lookup; Operation IMPORT-GEO-NATIONALITES-SANS-LOOKUP-20260910-203830";"Serbie";"RS";"SRB";"688";"https://www.iso.org/fr/iso-3166-country-codes.html";"";"";"09/10/2026 20:20:57";"09/10/2026 18:41:09";"";""
"188";"Nationalité - Seychelles";"ID-GEO-NAT-000188";"SYC";"Nationalité rattachée au pays ou territoire Seychelles. Libellé neutre DSE à valider avant publication.";"Oui";"1880";"Non";"Non";"Non";"Non";"Import GEO-NATIONALITES.csv sans lookup; Operation IMPORT-GEO-NATIONALITES-SANS-LOOKUP-20260910-203830";"Seychelles";"SC";"SYC";"690";"https://www.iso.org/fr/iso-3166-country-codes.html";"";"";"09/10/2026 20:20:59";"09/10/2026 18:41:09";"";""
"189";"Nationalité - Sierra Leone";"ID-GEO-NAT-000189";"SLE";"Nationalité rattachée au pays ou territoire Sierra Leone. Libellé neutre DSE à valider avant publication.";"Oui";"1890";"Non";"Non";"Non";"Non";"Import GEO-NATIONALITES.csv sans lookup; Operation IMPORT-GEO-NATIONALITES-SANS-LOOKUP-20260910-203830";"Sierra Leone";"SL";"SLE";"694";"https://www.iso.org/fr/iso-3166-country-codes.html";"";"";"09/10/2026 20:21:00";"09/10/2026 18:41:10";"";""
"190";"Nationalité - Singapour";"ID-GEO-NAT-000190";"SGP";"Nationalité rattachée au pays ou territoire Singapour. Libellé neutre DSE à valider avant publication.";"Oui";"1900";"Non";"Non";"Non";"Non";"Import GEO-NATIONALITES.csv sans lookup; Operation IMPORT-GEO-NATIONALITES-SANS-LOOKUP-20260910-203830";"Singapour";"SG";"SGP";"702";"https://www.iso.org/fr/iso-3166-country-codes.html";"";"";"09/10/2026 20:21:00";"09/10/2026 18:41:11";"";""
"191";"Nationalité - Slovaquie";"ID-GEO-NAT-000191";"SVK";"Nationalité rattachée au pays ou territoire Slovaquie. Libellé neutre DSE à valider avant publication.";"Oui";"1910";"Non";"Non";"Non";"Non";"Import GEO-NATIONALITES.csv sans lookup; Operation IMPORT-GEO-NATIONALITES-SANS-LOOKUP-20260910-203830";"Slovaquie";"SK";"SVK";"703";"https://www.iso.org/fr/iso-3166-country-codes.html";"";"";"09/10/2026 20:21:01";"09/10/2026 18:41:11";"";""
"192";"Nationalité - Slovénie";"ID-GEO-NAT-000192";"SVN";"Nationalité rattachée au pays ou territoire Slovénie. Libellé neutre DSE à valider avant publication.";"Oui";"1920";"Non";"Non";"Non";"Non";"Import GEO-NATIONALITES.csv sans lookup; Operation IMPORT-GEO-NATIONALITES-SANS-LOOKUP-20260910-203830";"Slovénie";"SI";"SVN";"705";"https://www.iso.org/fr/iso-3166-country-codes.html";"";"";"09/10/2026 20:21:02";"09/10/2026 18:41:12";"";""
"193";"Nationalité - Somalie";"ID-GEO-NAT-000193";"SOM";"Nationalité rattachée au pays ou territoire Somalie. Libellé neutre DSE à valider avant publication.";"Oui";"1930";"Non";"Non";"Non";"Non";"Import GEO-NATIONALITES.csv sans lookup; Operation IMPORT-GEO-NATIONALITES-SANS-LOOKUP-20260910-203830";"Somalie";"SO";"SOM";"706";"https://www.iso.org/fr/iso-3166-country-codes.html";"";"";"09/10/2026 20:21:03";"09/10/2026 18:41:13";"";""
"194";"Nationalité - Soudan";"ID-GEO-NAT-000194";"SDN";"Nationalité rattachée au pays ou territoire Soudan. Libellé neutre DSE à valider avant publication.";"Oui";"1940";"Non";"Non";"Non";"Non";"Import GEO-NATIONALITES.csv sans lookup; Operation IMPORT-GEO-NATIONALITES-SANS-LOOKUP-20260910-203830";"Soudan";"SD";"SDN";"729";"https://www.iso.org/fr/iso-3166-country-codes.html";"";"";"09/10/2026 20:21:04";"09/10/2026 18:41:14";"";""
"195";"Nationalité - Soudan du Sud";"ID-GEO-NAT-000195";"SSD";"Nationalité rattachée au pays ou territoire Soudan du Sud. Libellé neutre DSE à valider avant publication.";"Oui";"1950";"Non";"Non";"Non";"Non";"Import GEO-NATIONALITES.csv sans lookup; Operation IMPORT-GEO-NATIONALITES-SANS-LOOKUP-20260910-203830";"Soudan du Sud";"SS";"SSD";"728";"https://www.iso.org/fr/iso-3166-country-codes.html";"";"";"09/10/2026 20:21:06";"09/10/2026 18:41:14";"";""
"196";"Nationalité - Sri Lanka";"ID-GEO-NAT-000196";"LKA";"Nationalité rattachée au pays ou territoire Sri Lanka. Libellé neutre DSE à valider avant publication.";"Oui";"1960";"Non";"Non";"Non";"Non";"Import GEO-NATIONALITES.csv sans lookup; Operation IMPORT-GEO-NATIONALITES-SANS-LOOKUP-20260910-203830";"Sri Lanka";"LK";"LKA";"144";"https://www.iso.org/fr/iso-3166-country-codes.html";"";"";"09/10/2026 20:21:07";"09/10/2026 18:41:15";"";""
"197";"Nationalité - Suisse";"ID-GEO-NAT-000197";"CHE";"Nationalité rattachée au pays ou territoire Suisse. Libellé neutre DSE à valider avant publication.";"Oui";"1970";"Non";"Non";"Non";"Non";"Import GEO-NATIONALITES.csv sans lookup; Operation IMPORT-GEO-NATIONALITES-SANS-LOOKUP-20260910-203830";"Suisse";"CH";"CHE";"756";"https://www.iso.org/fr/iso-3166-country-codes.html";"";"";"09/10/2026 20:21:07";"09/10/2026 18:41:16";"";""
"198";"Nationalité - Surinam";"ID-GEO-NAT-000198";"SUR";"Nationalité rattachée au pays ou territoire Surinam. Libellé neutre DSE à valider avant publication.";"Oui";"1980";"Non";"Non";"Non";"Non";"Import GEO-NATIONALITES.csv sans lookup; Operation IMPORT-GEO-NATIONALITES-SANS-LOOKUP-20260910-203830";"Surinam";"SR";"SUR";"740";"https://www.iso.org/fr/iso-3166-country-codes.html";"";"";"09/10/2026 20:21:08";"09/10/2026 18:41:16";"";""
"199";"Nationalité - Suède";"ID-GEO-NAT-000199";"SWE";"Nationalité rattachée au pays ou territoire Suède. Libellé neutre DSE à valider avant publication.";"Oui";"1990";"Non";"Non";"Non";"Non";"Import GEO-NATIONALITES.csv sans lookup; Operation IMPORT-GEO-NATIONALITES-SANS-LOOKUP-20260910-203830";"Suède";"SE";"SWE";"752";"https://www.iso.org/fr/iso-3166-country-codes.html";"";"";"09/10/2026 20:21:09";"09/10/2026 18:41:17";"";""
"200";"Nationalité - Svalbard et île Jan Mayen";"ID-GEO-NAT-000200";"SJM";"Nationalité rattachée au pays ou territoire Svalbard et île Jan Mayen. Libellé neutre DSE à valider avant publication.";"Oui";"2000";"Non";"Non";"Non";"Non";"Import GEO-NATIONALITES.csv sans lookup; Operation IMPORT-GEO-NATIONALITES-SANS-LOOKUP-20260910-203830";"Svalbard et île Jan Mayen";"SJ";"SJM";"744";"https://www.iso.org/fr/iso-3166-country-codes.html";"";"";"09/10/2026 20:36:16";"09/10/2026 18:41:18";"";""
"201";"Nationalité - Syrienne, République arabe";"ID-GEO-NAT-000201";"SYR";"Nationalité rattachée au pays ou territoire Syrienne, République arabe. Libellé neutre DSE à valider avant publication.";"Oui";"2010";"Non";"Non";"Non";"Non";"Import GEO-NATIONALITES.csv sans lookup; Operation IMPORT-GEO-NATIONALITES-SANS-LOOKUP-20260910-203830";"Syrienne, République arabe";"SY";"SYR";"760";"https://www.iso.org/fr/iso-3166-country-codes.html";"";"";"09/10/2026 20:36:17";"09/10/2026 18:41:20";"";""
"202";"Nationalité - Sénégal";"ID-GEO-NAT-000202";"SEN";"Nationalité rattachée au pays ou territoire Sénégal. Libellé neutre DSE à valider avant publication.";"Oui";"2020";"Non";"Non";"Non";"Non";"Import GEO-NATIONALITES.csv sans lookup; Operation IMPORT-GEO-NATIONALITES-SANS-LOOKUP-20260910-203830";"Sénégal";"SN";"SEN";"686";"https://www.iso.org/fr/iso-3166-country-codes.html";"";"";"09/10/2026 20:21:10";"09/10/2026 18:41:21";"";""
"203";"Nationalité - Tadjikistan";"ID-GEO-NAT-000203";"TJK";"Nationalité rattachée au pays ou territoire Tadjikistan. Libellé neutre DSE à valider avant publication.";"Oui";"2030";"Non";"Non";"Non";"Non";"Import GEO-NATIONALITES.csv sans lookup; Operation IMPORT-GEO-NATIONALITES-SANS-LOOKUP-20260910-203830";"Tadjikistan";"TJ";"TJK";"762";"https://www.iso.org/fr/iso-3166-country-codes.html";"";"";"09/10/2026 20:21:11";"09/10/2026 18:41:21";"";""
"204";"Nationalité - Tanzanie, République unie de";"ID-GEO-NAT-000204";"TZA";"Nationalité rattachée au pays ou territoire Tanzanie, République unie de. Libellé neutre DSE à valider avant publication.";"Oui";"2040";"Non";"Non";"Non";"Non";"Import GEO-NATIONALITES.csv sans lookup; Operation IMPORT-GEO-NATIONALITES-SANS-LOOKUP-20260910-203830";"Tanzanie, République unie de";"TZ";"TZA";"834";"https://www.iso.org/fr/iso-3166-country-codes.html";"";"";"09/10/2026 20:36:18";"09/10/2026 18:41:22";"";""
"205";"Nationalité - Taïwan, province de Chine";"ID-GEO-NAT-000205";"TWN";"Nationalité rattachée au pays ou territoire Taïwan, province de Chine. Libellé neutre DSE à valider avant publication.";"Oui";"2050";"Non";"Non";"Non";"Non";"Import GEO-NATIONALITES.csv sans lookup; Operation IMPORT-GEO-NATIONALITES-SANS-LOOKUP-20260910-203830";"Taïwan, province de Chine";"TW";"TWN";"158";"https://www.iso.org/fr/iso-3166-country-codes.html";"";"";"09/10/2026 20:36:19";"09/10/2026 18:41:23";"";""
"206";"Nationalité - Tchad";"ID-GEO-NAT-000206";"TCD";"Nationalité rattachée au pays ou territoire Tchad. Libellé neutre DSE à valider avant publication.";"Oui";"2060";"Non";"Non";"Non";"Non";"Import GEO-NATIONALITES.csv sans lookup; Operation IMPORT-GEO-NATIONALITES-SANS-LOOKUP-20260910-203830";"Tchad";"TD";"TCD";"148";"https://www.iso.org/fr/iso-3166-country-codes.html";"";"";"09/10/2026 20:21:12";"09/10/2026 18:41:24";"";""
"207";"Nationalité - Tchéquie";"ID-GEO-NAT-000207";"CZE";"Nationalité rattachée au pays ou territoire Tchéquie. Libellé neutre DSE à valider avant publication.";"Oui";"2070";"Non";"Non";"Non";"Non";"Import GEO-NATIONALITES.csv sans lookup; Operation IMPORT-GEO-NATIONALITES-SANS-LOOKUP-20260910-203830";"Tchéquie";"CZ";"CZE";"203";"https://www.iso.org/fr/iso-3166-country-codes.html";"";"";"09/10/2026 20:21:13";"09/10/2026 18:41:24";"";""
"208";"Nationalité - Terres australes françaises";"ID-GEO-NAT-000208";"ATF";"Nationalité rattachée au pays ou territoire Terres australes françaises. Libellé neutre DSE à valider avant publication.";"Oui";"2080";"Non";"Non";"Non";"Non";"Import GEO-NATIONALITES.csv sans lookup; Operation IMPORT-GEO-NATIONALITES-SANS-LOOKUP-20260910-203830";"Terres australes françaises";"TF";"ATF";"260";"https://www.iso.org/fr/iso-3166-country-codes.html";"";"";"09/10/2026 20:21:14";"09/10/2026 18:41:25";"";""
"209";"Nationalité - Territoire britannique de l'océan Indien";"ID-GEO-NAT-000209";"IOT";"Nationalité rattachée au pays ou territoire Territoire britannique de l'océan Indien. Libellé neutre DSE à valider avant publication.";"Oui";"2090";"Non";"Non";"Non";"Non";"Import GEO-NATIONALITES.csv sans lookup; Operation IMPORT-GEO-NATIONALITES-SANS-LOOKUP-20260910-203830";"Territoire britannique de l'océan Indien";"IO";"IOT";"86";"https://www.iso.org/fr/iso-3166-country-codes.html";"";"";"09/10/2026 20:21:15";"09/10/2026 18:41:27";"";""
"210";"Nationalité - Thaïlande";"ID-GEO-NAT-000210";"THA";"Nationalité rattachée au pays ou territoire Thaïlande. Libellé neutre DSE à valider avant publication.";"Oui";"2100";"Non";"Non";"Non";"Non";"Import GEO-NATIONALITES.csv sans lookup; Operation IMPORT-GEO-NATIONALITES-SANS-LOOKUP-20260910-203830";"Thaïlande";"TH";"THA";"764";"https://www.iso.org/fr/iso-3166-country-codes.html";"";"";"09/10/2026 20:21:16";"09/10/2026 18:41:27";"";""
"211";"Nationalité - Timor oriental";"ID-GEO-NAT-000211";"TLS";"Nationalité rattachée au pays ou territoire Timor oriental. Libellé neutre DSE à valider avant publication.";"Oui";"2110";"Non";"Non";"Non";"Non";"Import GEO-NATIONALITES.csv sans lookup; Operation IMPORT-GEO-NATIONALITES-SANS-LOOKUP-20260910-203830";"Timor oriental";"TL";"TLS";"626";"https://www.iso.org/fr/iso-3166-country-codes.html";"";"";"09/10/2026 20:21:17";"09/10/2026 18:41:27";"";""
"212";"Nationalité - Togo";"ID-GEO-NAT-000212";"TGO";"Nationalité rattachée au pays ou territoire Togo. Libellé neutre DSE à valider avant publication.";"Oui";"2120";"Non";"Non";"Non";"Non";"Import GEO-NATIONALITES.csv sans lookup; Operation IMPORT-GEO-NATIONALITES-SANS-LOOKUP-20260910-203830";"Togo";"TG";"TGO";"768";"https://www.iso.org/fr/iso-3166-country-codes.html";"";"";"09/10/2026 20:21:18";"09/10/2026 18:41:28";"";""
"213";"Nationalité - Tokelau";"ID-GEO-NAT-000213";"TKL";"Nationalité rattachée au pays ou territoire Tokelau. Libellé neutre DSE à valider avant publication.";"Oui";"2130";"Non";"Non";"Non";"Non";"Import GEO-NATIONALITES.csv sans lookup; Operation IMPORT-GEO-NATIONALITES-SANS-LOOKUP-20260910-203830";"Tokelau";"TK";"TKL";"772";"https://www.iso.org/fr/iso-3166-country-codes.html";"";"";"09/10/2026 20:21:19";"09/10/2026 18:41:29";"";""
"214";"Nationalité - Tonga";"ID-GEO-NAT-000214";"TON";"Nationalité rattachée au pays ou territoire Tonga. Libellé neutre DSE à valider avant publication.";"Oui";"2140";"Non";"Non";"Non";"Non";"Import GEO-NATIONALITES.csv sans lookup; Operation IMPORT-GEO-NATIONALITES-SANS-LOOKUP-20260910-203830";"Tonga";"TO";"TON";"776";"https://www.iso.org/fr/iso-3166-country-codes.html";"";"";"09/10/2026 20:21:20";"09/10/2026 18:41:30";"";""
"215";"Nationalité - Trinité-et-Tobago";"ID-GEO-NAT-000215";"TTO";"Nationalité rattachée au pays ou territoire Trinité-et-Tobago. Libellé neutre DSE à valider avant publication.";"Oui";"2150";"Non";"Non";"Non";"Non";"Import GEO-NATIONALITES.csv sans lookup; Operation IMPORT-GEO-NATIONALITES-SANS-LOOKUP-20260910-203830";"Trinité-et-Tobago";"TT";"TTO";"780";"https://www.iso.org/fr/iso-3166-country-codes.html";"";"";"09/10/2026 20:36:20";"09/10/2026 18:41:31";"";""
"216";"Nationalité - Tunisie";"ID-GEO-NAT-000216";"TUN";"Nationalité rattachée au pays ou territoire Tunisie. Libellé neutre DSE à valider avant publication.";"Oui";"2160";"Non";"Non";"Non";"Non";"Import GEO-NATIONALITES.csv sans lookup; Operation IMPORT-GEO-NATIONALITES-SANS-LOOKUP-20260910-203830";"Tunisie";"TN";"TUN";"788";"https://www.iso.org/fr/iso-3166-country-codes.html";"";"";"09/10/2026 20:21:22";"09/10/2026 18:41:31";"";""
"217";"Nationalité - Turkménistan";"ID-GEO-NAT-000217";"TKM";"Nationalité rattachée au pays ou territoire Turkménistan. Libellé neutre DSE à valider avant publication.";"Oui";"2170";"Non";"Non";"Non";"Non";"Import GEO-NATIONALITES.csv sans lookup; Operation IMPORT-GEO-NATIONALITES-SANS-LOOKUP-20260910-203830";"Turkménistan";"TM";"TKM";"795";"https://www.iso.org/fr/iso-3166-country-codes.html";"";"";"09/10/2026 20:21:22";"09/10/2026 18:41:33";"";""
"218";"Nationalité - Turquie";"ID-GEO-NAT-000218";"TUR";"Nationalité rattachée au pays ou territoire Turquie. Libellé neutre DSE à valider avant publication.";"Oui";"2180";"Non";"Non";"Non";"Non";"Import GEO-NATIONALITES.csv sans lookup; Operation IMPORT-GEO-NATIONALITES-SANS-LOOKUP-20260910-203830";"Turquie";"TR";"TUR";"792";"https://www.iso.org/fr/iso-3166-country-codes.html";"";"";"09/10/2026 20:21:23";"09/10/2026 18:41:33";"";""
"219";"Nationalité - Tuvalu";"ID-GEO-NAT-000219";"TUV";"Nationalité rattachée au pays ou territoire Tuvalu. Libellé neutre DSE à valider avant publication.";"Oui";"2190";"Non";"Non";"Non";"Non";"Import GEO-NATIONALITES.csv sans lookup; Operation IMPORT-GEO-NATIONALITES-SANS-LOOKUP-20260910-203830";"Tuvalu";"TV";"TUV";"798";"https://www.iso.org/fr/iso-3166-country-codes.html";"";"";"09/10/2026 20:21:24";"09/10/2026 18:41:34";"";""
"220";"Nationalité - Ukraine";"ID-GEO-NAT-000220";"UKR";"Nationalité rattachée au pays ou territoire Ukraine. Libellé neutre DSE à valider avant publication.";"Oui";"2200";"Non";"Non";"Non";"Non";"Import GEO-NATIONALITES.csv sans lookup; Operation IMPORT-GEO-NATIONALITES-SANS-LOOKUP-20260910-203830";"Ukraine";"UA";"UKR";"804";"https://www.iso.org/fr/iso-3166-country-codes.html";"";"";"09/10/2026 20:21:25";"09/10/2026 18:41:34";"";""
"221";"Nationalité - Uruguay";"ID-GEO-NAT-000221";"URY";"Nationalité rattachée au pays ou territoire Uruguay. Libellé neutre DSE à valider avant publication.";"Oui";"2210";"Non";"Non";"Non";"Non";"Import GEO-NATIONALITES.csv sans lookup; Operation IMPORT-GEO-NATIONALITES-SANS-LOOKUP-20260910-203830";"Uruguay";"UY";"URY";"858";"https://www.iso.org/fr/iso-3166-country-codes.html";"";"";"09/10/2026 20:21:26";"09/10/2026 18:41:35";"";""
"222";"Nationalité - Vanuatu";"ID-GEO-NAT-000222";"VUT";"Nationalité rattachée au pays ou territoire Vanuatu. Libellé neutre DSE à valider avant publication.";"Oui";"2220";"Non";"Non";"Non";"Non";"Import GEO-NATIONALITES.csv sans lookup; Operation IMPORT-GEO-NATIONALITES-SANS-LOOKUP-20260910-203830";"Vanuatu";"VU";"VUT";"548";"https://www.iso.org/fr/iso-3166-country-codes.html";"";"";"09/10/2026 20:21:27";"09/10/2026 18:41:36";"";""
"223";"Nationalité - Viêt Nam";"ID-GEO-NAT-000223";"VNM";"Nationalité rattachée au pays ou territoire Viêt Nam. Libellé neutre DSE à valider avant publication.";"Oui";"2230";"Non";"Non";"Non";"Non";"Import GEO-NATIONALITES.csv sans lookup; Operation IMPORT-GEO-NATIONALITES-SANS-LOOKUP-20260910-203830";"Viêt Nam";"VN";"VNM";"704";"https://www.iso.org/fr/iso-3166-country-codes.html";"";"";"09/10/2026 20:21:28";"09/10/2026 18:41:36";"";""
"224";"Nationalité - Vénézuela, république bolivarienne du";"ID-GEO-NAT-000224";"VEN";"Nationalité rattachée au pays ou territoire Vénézuela, république bolivarienne du. Libellé neutre DSE à valider avant publication.";"Oui";"2240";"Non";"Non";"Non";"Non";"Import GEO-NATIONALITES.csv sans lookup; Operation IMPORT-GEO-NATIONALITES-SANS-LOOKUP-20260910-203830";"Vénézuela, république bolivarienne du";"VE";"VEN";"862";"https://www.iso.org/fr/iso-3166-country-codes.html";"";"";"09/10/2026 20:36:21";"09/10/2026 18:41:37";"";""
"225";"Nationalité - Wallis et Futuna";"ID-GEO-NAT-000225";"WLF";"Nationalité rattachée au pays ou territoire Wallis et Futuna. Libellé neutre DSE à valider avant publication.";"Oui";"2250";"Non";"Non";"Non";"Non";"Import GEO-NATIONALITES.csv sans lookup; Operation IMPORT-GEO-NATIONALITES-SANS-LOOKUP-20260910-203830";"Wallis et Futuna";"WF";"WLF";"876";"https://www.iso.org/fr/iso-3166-country-codes.html";"";"";"09/10/2026 20:36:22";"09/10/2026 18:41:39";"";""
"226";"Nationalité - Yémen";"ID-GEO-NAT-000226";"YEM";"Nationalité rattachée au pays ou territoire Yémen. Libellé neutre DSE à valider avant publication.";"Oui";"2260";"Non";"Non";"Non";"Non";"Import GEO-NATIONALITES.csv sans lookup; Operation IMPORT-GEO-NATIONALITES-SANS-LOOKUP-20260910-203830";"Yémen";"YE";"YEM";"887";"https://www.iso.org/fr/iso-3166-country-codes.html";"";"";"09/10/2026 20:21:29";"09/10/2026 18:41:39";"";""
"227";"Nationalité - Zambie";"ID-GEO-NAT-000227";"ZMB";"Nationalité rattachée au pays ou territoire Zambie. Libellé neutre DSE à valider avant publication.";"Oui";"2270";"Non";"Non";"Non";"Non";"Import GEO-NATIONALITES.csv sans lookup; Operation IMPORT-GEO-NATIONALITES-SANS-LOOKUP-20260910-203830";"Zambie";"ZM";"ZMB";"894";"https://www.iso.org/fr/iso-3166-country-codes.html";"";"";"09/10/2026 20:21:30";"09/10/2026 18:41:39";"";""
"228";"Nationalité - Zimbabwe";"ID-GEO-NAT-000228";"ZWE";"Nationalité rattachée au pays ou territoire Zimbabwe. Libellé neutre DSE à valider avant publication.";"Oui";"2280";"Non";"Non";"Non";"Non";"Import GEO-NATIONALITES.csv sans lookup; Operation IMPORT-GEO-NATIONALITES-SANS-LOOKUP-20260910-203830";"Zimbabwe";"ZW";"ZWE";"716";"https://www.iso.org/fr/iso-3166-country-codes.html";"";"";"09/10/2026 20:21:31";"09/10/2026 18:41:40";"";""
"229";"Nationalité - Åland, Îles";"ID-GEO-NAT-000229";"ALA";"Nationalité rattachée au pays ou territoire Åland, Îles. Libellé neutre DSE à valider avant publication.";"Oui";"2290";"Non";"Non";"Non";"Non";"Import GEO-NATIONALITES.csv sans lookup; Operation IMPORT-GEO-NATIONALITES-SANS-LOOKUP-20260910-203830";"Åland, Îles";"AX";"ALA";"248";"https://www.iso.org/fr/iso-3166-country-codes.html";"";"";"09/10/2026 20:36:23";"09/10/2026 18:41:41";"";""
"230";"Nationalité - Égypte";"ID-GEO-NAT-000230";"EGY";"Nationalité rattachée au pays ou territoire Égypte. Libellé neutre DSE à valider avant publication.";"Oui";"2300";"Non";"Non";"Non";"Non";"Import GEO-NATIONALITES.csv sans lookup; Operation IMPORT-GEO-NATIONALITES-SANS-LOOKUP-20260910-203830";"Égypte";"EG";"EGY";"818";"https://www.iso.org/fr/iso-3166-country-codes.html";"";"";"09/10/2026 20:21:33";"09/10/2026 18:41:42";"";""
"231";"Nationalité - Émirats arabes unis";"ID-GEO-NAT-000231";"ARE";"Nationalité rattachée au pays ou territoire Émirats arabes unis. Libellé neutre DSE à valider avant publication.";"Oui";"2310";"Non";"Non";"Non";"Non";"Import GEO-NATIONALITES.csv sans lookup; Operation IMPORT-GEO-NATIONALITES-SANS-LOOKUP-20260910-203830";"Émirats arabes unis";"AE";"ARE";"784";"https://www.iso.org/fr/iso-3166-country-codes.html";"";"";"09/10/2026 20:21:34";"09/10/2026 18:41:42";"";""
"232";"Nationalité - Équateur";"ID-GEO-NAT-000232";"ECU";"Nationalité rattachée au pays ou territoire Équateur. Libellé neutre DSE à valider avant publication.";"Oui";"2320";"Non";"Non";"Non";"Non";"Import GEO-NATIONALITES.csv sans lookup; Operation IMPORT-GEO-NATIONALITES-SANS-LOOKUP-20260910-203830";"Équateur";"EC";"ECU";"218";"https://www.iso.org/fr/iso-3166-country-codes.html";"";"";"09/10/2026 20:21:35";"09/10/2026 18:41:43";"";""
"233";"Nationalité - Érythrée";"ID-GEO-NAT-000233";"ERI";"Nationalité rattachée au pays ou territoire Érythrée. Libellé neutre DSE à valider avant publication.";"Oui";"2330";"Non";"Non";"Non";"Non";"Import GEO-NATIONALITES.csv sans lookup; Operation IMPORT-GEO-NATIONALITES-SANS-LOOKUP-20260910-203830";"Érythrée";"ER";"ERI";"232";"https://www.iso.org/fr/iso-3166-country-codes.html";"";"";"09/10/2026 20:21:36";"09/10/2026 18:41:44";"";""
"234";"Nationalité - États-Unis";"ID-GEO-NAT-000234";"USA";"Nationalité rattachée au pays ou territoire États-Unis. Libellé neutre DSE à valider avant publication.";"Oui";"2340";"Non";"Non";"Non";"Non";"Import GEO-NATIONALITES.csv sans lookup; Operation IMPORT-GEO-NATIONALITES-SANS-LOOKUP-20260910-203830";"États-Unis";"US";"USA";"840";"https://www.iso.org/fr/iso-3166-country-codes.html";"";"";"09/10/2026 20:21:37";"09/10/2026 18:41:45";"";""
"235";"Nationalité - Éthiopie";"ID-GEO-NAT-000235";"ETH";"Nationalité rattachée au pays ou territoire Éthiopie. Libellé neutre DSE à valider avant publication.";"Oui";"2350";"Non";"Non";"Non";"Non";"Import GEO-NATIONALITES.csv sans lookup; Operation IMPORT-GEO-NATIONALITES-SANS-LOOKUP-20260910-203830";"Éthiopie";"ET";"ETH";"231";"https://www.iso.org/fr/iso-3166-country-codes.html";"";"";"09/10/2026 20:21:38";"09/10/2026 18:41:45";"";""
"236";"Nationalité - Île Bouvet";"ID-GEO-NAT-000236";"BVT";"Nationalité rattachée au pays ou territoire Île Bouvet. Libellé neutre DSE à valider avant publication.";"Oui";"2360";"Non";"Non";"Non";"Non";"Import GEO-NATIONALITES.csv sans lookup; Operation IMPORT-GEO-NATIONALITES-SANS-LOOKUP-20260910-203830";"Île Bouvet";"BV";"BVT";"74";"https://www.iso.org/fr/iso-3166-country-codes.html";"";"";"09/10/2026 20:21:39";"09/10/2026 18:41:46";"";""
"237";"Nationalité - Île de Man";"ID-GEO-NAT-000237";"IMN";"Nationalité rattachée au pays ou territoire Île de Man. Libellé neutre DSE à valider avant publication.";"Oui";"2370";"Non";"Non";"Non";"Non";"Import GEO-NATIONALITES.csv sans lookup; Operation IMPORT-GEO-NATIONALITES-SANS-LOOKUP-20260910-203830";"Île de Man";"IM";"IMN";"833";"https://www.iso.org/fr/iso-3166-country-codes.html";"";"";"09/10/2026 20:21:40";"09/10/2026 18:41:47";"";""
"238";"Nationalité - Île Norfolk";"ID-GEO-NAT-000238";"NFK";"Nationalité rattachée au pays ou territoire Île Norfolk. Libellé neutre DSE à valider avant publication.";"Oui";"2380";"Non";"Non";"Non";"Non";"Import GEO-NATIONALITES.csv sans lookup; Operation IMPORT-GEO-NATIONALITES-SANS-LOOKUP-20260910-203830";"Île Norfolk";"NF";"NFK";"574";"https://www.iso.org/fr/iso-3166-country-codes.html";"";"";"09/10/2026 20:36:24";"09/10/2026 18:41:48";"";""
"239";"Nationalité - Îles Caïmans";"ID-GEO-NAT-000239";"CYM";"Nationalité rattachée au pays ou territoire Îles Caïmans. Libellé neutre DSE à valider avant publication.";"Oui";"2390";"Non";"Non";"Non";"Non";"Import GEO-NATIONALITES.csv sans lookup; Operation IMPORT-GEO-NATIONALITES-SANS-LOOKUP-20260910-203830";"Îles Caïmans";"KY";"CYM";"136";"https://www.iso.org/fr/iso-3166-country-codes.html";"";"";"09/10/2026 20:21:41";"09/10/2026 18:41:48";"";""
"240";"Nationalité - Îles Cook";"ID-GEO-NAT-000240";"COK";"Nationalité rattachée au pays ou territoire Îles Cook. Libellé neutre DSE à valider avant publication.";"Oui";"2400";"Non";"Non";"Non";"Non";"Import GEO-NATIONALITES.csv sans lookup; Operation IMPORT-GEO-NATIONALITES-SANS-LOOKUP-20260910-203830";"Îles Cook";"CK";"COK";"184";"https://www.iso.org/fr/iso-3166-country-codes.html";"";"";"09/10/2026 20:21:42";"09/10/2026 18:41:49";"";""
"241";"Nationalité - Îles Féroé";"ID-GEO-NAT-000241";"FRO";"Nationalité rattachée au pays ou territoire Îles Féroé. Libellé neutre DSE à valider avant publication.";"Oui";"2410";"Non";"Non";"Non";"Non";"Import GEO-NATIONALITES.csv sans lookup; Operation IMPORT-GEO-NATIONALITES-SANS-LOOKUP-20260910-203830";"Îles Féroé";"FO";"FRO";"234";"https://www.iso.org/fr/iso-3166-country-codes.html";"";"";"09/10/2026 20:21:43";"09/10/2026 18:41:50";"";""
"242";"Nationalité - Îles Heard-et-MacDonald";"ID-GEO-NAT-000242";"HMD";"Nationalité rattachée au pays ou territoire Îles Heard-et-MacDonald. Libellé neutre DSE à valider avant publication.";"Oui";"2420";"Non";"Non";"Non";"Non";"Import GEO-NATIONALITES.csv sans lookup; Operation IMPORT-GEO-NATIONALITES-SANS-LOOKUP-20260910-203830";"Îles Heard-et-MacDonald";"HM";"HMD";"334";"https://www.iso.org/fr/iso-3166-country-codes.html";"";"";"09/10/2026 20:21:44";"09/10/2026 18:41:50";"";""
"243";"Nationalité - Îles Mariannes du Nord";"ID-GEO-NAT-000243";"MNP";"Nationalité rattachée au pays ou territoire Îles Mariannes du Nord. Libellé neutre DSE à valider avant publication.";"Oui";"2430";"Non";"Non";"Non";"Non";"Import GEO-NATIONALITES.csv sans lookup; Operation IMPORT-GEO-NATIONALITES-SANS-LOOKUP-20260910-203830";"Îles Mariannes du Nord";"MP";"MNP";"580";"https://www.iso.org/fr/iso-3166-country-codes.html";"";"";"09/10/2026 20:21:45";"09/10/2026 18:41:51";"";""
"244";"Nationalité - Îles Marshall";"ID-GEO-NAT-000244";"MHL";"Nationalité rattachée au pays ou territoire Îles Marshall. Libellé neutre DSE à valider avant publication.";"Oui";"2440";"Non";"Non";"Non";"Non";"Import GEO-NATIONALITES.csv sans lookup; Operation IMPORT-GEO-NATIONALITES-SANS-LOOKUP-20260910-203830";"Îles Marshall";"MH";"MHL";"584";"https://www.iso.org/fr/iso-3166-country-codes.html";"";"";"09/10/2026 20:21:46";"09/10/2026 18:41:52";"";""
"245";"Nationalité - Îles mineures éloignées des États-Unis";"ID-GEO-NAT-000245";"UMI";"Nationalité rattachée au pays ou territoire Îles mineures éloignées des États-Unis. Libellé neutre DSE à valider avant publication.";"Oui";"2450";"Non";"Non";"Non";"Non";"Import GEO-NATIONALITES.csv sans lookup; Operation IMPORT-GEO-NATIONALITES-SANS-LOOKUP-20260910-203830";"Îles mineures éloignées des États-Unis";"UM";"UMI";"581";"https://www.iso.org/fr/iso-3166-country-codes.html";"";"";"09/10/2026 20:21:47";"09/10/2026 18:41:53";"";""
"246";"Nationalité - Îles Pitcairn";"ID-GEO-NAT-000246";"PCN";"Nationalité rattachée au pays ou territoire Îles Pitcairn. Libellé neutre DSE à valider avant publication.";"Oui";"2460";"Non";"Non";"Non";"Non";"Import GEO-NATIONALITES.csv sans lookup; Operation IMPORT-GEO-NATIONALITES-SANS-LOOKUP-20260910-203830";"Îles Pitcairn";"PN";"PCN";"612";"https://www.iso.org/fr/iso-3166-country-codes.html";"";"";"09/10/2026 20:21:48";"09/10/2026 18:41:53";"";""
"247";"Nationalité - Îles Turques-et-Caïques";"ID-GEO-NAT-000247";"TCA";"Nationalité rattachée au pays ou territoire Îles Turques-et-Caïques. Libellé neutre DSE à valider avant publication.";"Oui";"2470";"Non";"Non";"Non";"Non";"Import GEO-NATIONALITES.csv sans lookup; Operation IMPORT-GEO-NATIONALITES-SANS-LOOKUP-20260910-203830";"Îles Turques-et-Caïques";"TC";"TCA";"796";"https://www.iso.org/fr/iso-3166-country-codes.html";"";"";"09/10/2026 20:21:49";"09/10/2026 18:41:54";"";""
"248";"Nationalité - Îles Vierges britanniques";"ID-GEO-NAT-000248";"VGB";"Nationalité rattachée au pays ou territoire Îles Vierges britanniques. Libellé neutre DSE à valider avant publication.";"Oui";"2480";"Non";"Non";"Non";"Non";"Import GEO-NATIONALITES.csv sans lookup; Operation IMPORT-GEO-NATIONALITES-SANS-LOOKUP-20260910-203830";"Îles Vierges britanniques";"VG";"VGB";"92";"https://www.iso.org/fr/iso-3166-country-codes.html";"";"";"09/10/2026 20:21:50";"09/10/2026 18:41:55";"";""
"249";"Nationalité - Îles Vierges, États-Unis";"ID-GEO-NAT-000249";"VIR";"Nationalité rattachée au pays ou territoire Îles Vierges, États-Unis. Libellé neutre DSE à valider avant publication.";"Oui";"2490";"Non";"Non";"Non";"Non";"Import GEO-NATIONALITES.csv sans lookup; Operation IMPORT-GEO-NATIONALITES-SANS-LOOKUP-20260910-203830";"Îles Vierges, États-Unis";"VI";"VIR";"850";"https://www.iso.org/fr/iso-3166-country-codes.html";"";"";"09/10/2026 20:36:25";"09/10/2026 18:41:55";"";""