"id";"Title";"IDOBJ";"NOMOBJ";"DESCRIPTIONOBJ";"VERROUILLE";"CONTROLEPASCARA";"IDPaysOrigine";"CodePays";"NomOfficielPays";"NomPaysSource";"CodeISO2";"CodeISO3";"CodeNumerique";"CodeISO31662";"ContinentPays";"SousRegion";"RegionIntermediaire";"CodeRegionONU";"CodeSousRegionONU";"CodeTelephone";"Nationalite";"Devise";"CodeDeviseISO";"LanguePrincipale";"Drapeau";"ActifPAY";"OrdreAffichagePAY";"StatutGeo";"SourceDonneePAY";"DateImportPAY";"NotesPAY";"SourceListId";"SourceItemId";"SourceUniqueId";"SourceCreated";"SourceModified";"SourceAuthor";"SourceEditor";"MigrationBatch";"OBJREF";"Modified";"Created";"Author";"Editor"
"1";"Application DemainSite";"OBJ-APP-DSE-000001";"Application DemainSite";"Application centrale de gestion et d’exploitation de l’écosystème DemainSite. Objet pilote destiné à valider la classification, les responsabilités, les relations, le cycle de vie, les contrôles et la journalisation du socle OBJ.";"Non";"Non";"";"";"";"";"";"";"";"";"";"";"";"";"";"";"";"";"";"";"";"";"";"";"";"";"";"";"";"";"";"";"";"";"";"";"09/04/2026 17:28:40";"09/04/2026 17:28:40";"UserId:11";"UserId:11"
"2";"REF - Référentiels";"OBJ-000001";"REF - Référentiels";"Référentiel principal DSE.";"Non";"Non";"";"";"";"";"";"";"";"";"";"";"";"";"";"";"";"";"";"";"";"";"";"";"";"";"";"";"";"";"";"";"";"";"";"";"09/05/2026 05:01:51";"09/05/2026 05:01:51";"UserId:11";"UserId:11"
"3";"OBJ - Objets";"OBJ-000002";"OBJ - Objets";"Registre central des objets DSE.";"Non";"Non";"";"";"";"";"";"";"";"";"";"";"";"";"";"";"";"";"";"";"";"";"";"";"";"";"";"";"";"";"";"";"";"";"";"";"09/05/2026 05:01:51";"09/05/2026 05:01:51";"UserId:11";"UserId:11"
"4";"JRN - Journal Global";"OBJ-000003";"JRN - Journal Global";"Journal central des actions et événements DSE.";"Non";"Non";"";"";"";"";"";"";"";"";"";"";"";"";"";"";"";"";"";"";"";"";"";"";"";"";"";"";"";"";"";"";"";"";"";"";"09/05/2026 05:01:52";"09/05/2026 05:01:52";"UserId:11";"UserId:11"
"5";"CLI - Comptes";"OBJ-000004";"CLI - Comptes";"Gestion des comptes et utilisateurs.";"Non";"Non";"";"";"";"";"";"";"";"";"";"";"";"";"";"";"";"";"";"";"";"";"";"";"";"";"";"";"";"";"";"";"";"";"";"";"09/05/2026 05:01:52";"09/05/2026 05:01:52";"UserId:11";"UserId:11"
"6";"PROJ - Projets";"OBJ-000005";"PROJ - Projets";"Gestion centralisée des projets DSE.";"Non";"Non";"";"";"";"";"";"";"";"";"";"";"";"";"";"";"";"";"";"";"";"";"";"";"";"";"";"";"";"";"";"";"";"";"";"";"09/05/2026 05:01:52";"09/05/2026 05:01:52";"UserId:11";"UserId:11"
"7";"Afghanistan";"OBJ-GEO-PAY-AF";"Afghanistan";"Pays migré depuis ZZ - PAY - Pays | ID PAY-000001 | ISO2 AF | ISO3 AFG";"Non";"Oui";"PAY-000001";"AF";"Afghanistan";"Afghanistan";"AF";"AFG";"ND";"ISO 3166-2:AF";"";"ND";"ND";"ND";"ND";"ND";"ND";"ND";"ND";"ND";"AF";"Oui";"1";"Reconnu ONU / Observateur";"DemainSite V1.0.0 - base 195 pays reconnus";"";"";"17b4e602-a45b-43e3-b8dc-32e722361589";"1";"{C807D888-1BEC-4B16-9BA8-E76D78F645C2}";"17/08/2026 03:51";"17/08/2026 03:51";"Pascal ZIMMER";"Pascal ZIMMER";"MIG-PAY-OBJ-20260905";"";"09/05/2026 05:31:33";"09/05/2026 05:24:28";"UserId:11";"UserId:11"
"8";"Afrique du Sud";"OBJ-GEO-PAY-ZA";"Afrique du Sud";"Pays migré depuis ZZ - PAY - Pays | ID PAY-000002 | ISO2 ZA | ISO3 ZAF";"Non";"Oui";"PAY-000002";"ZA";"Afrique du Sud";"Afrique du Sud";"ZA";"ZAF";"ND";"ISO 3166-2:ZA";"";"ND";"ND";"ND";"ND";"ND";"ND";"ND";"ND";"ND";"ZA";"Oui";"2";"Reconnu ONU / Observateur";"DemainSite V1.0.0 - base 195 pays reconnus";"";"";"17b4e602-a45b-43e3-b8dc-32e722361589";"2";"{2DEB622A-8253-4210-B8A9-945EAB32E4E5}";"17/08/2026 03:51";"17/08/2026 03:51";"Pascal ZIMMER";"Pascal ZIMMER";"MIG-PAY-OBJ-20260905";"";"09/05/2026 05:31:33";"09/05/2026 05:24:28";"UserId:11";"UserId:11"
"9";"Albanie";"OBJ-GEO-PAY-AL";"Albanie";"Pays migré depuis ZZ - PAY - Pays | ID PAY-000003 | ISO2 AL | ISO3 ALB";"Non";"Oui";"PAY-000003";"AL";"Albanie";"Albanie";"AL";"ALB";"ND";"ISO 3166-2:AL";"";"ND";"ND";"ND";"ND";"ND";"ND";"ND";"ND";"ND";"AL";"Oui";"3";"Reconnu ONU / Observateur";"DemainSite V1.0.0 - base 195 pays reconnus";"";"";"17b4e602-a45b-43e3-b8dc-32e722361589";"3";"{20DB58AB-571C-4BC1-8388-9A800796E529}";"17/08/2026 03:51";"17/08/2026 03:51";"Pascal ZIMMER";"Pascal ZIMMER";"MIG-PAY-OBJ-20260905";"";"09/05/2026 05:31:33";"09/05/2026 05:24:28";"UserId:11";"UserId:11"
"10";"Algérie";"OBJ-GEO-PAY-DZ";"Algérie";"Pays migré depuis ZZ - PAY - Pays | ID PAY-000004 | ISO2 DZ | ISO3 DZA";"Non";"Oui";"PAY-000004";"DZ";"Algérie";"Algérie";"DZ";"DZA";"ND";"ISO 3166-2:DZ";"";"ND";"ND";"ND";"ND";"ND";"ND";"ND";"ND";"ND";"DZ";"Oui";"4";"Reconnu ONU / Observateur";"DemainSite V1.0.0 - base 195 pays reconnus";"";"";"17b4e602-a45b-43e3-b8dc-32e722361589";"4";"{826F8527-1BC8-4DA2-9F01-3610BEFEF4CF}";"17/08/2026 03:51";"17/08/2026 03:51";"Pascal ZIMMER";"Pascal ZIMMER";"MIG-PAY-OBJ-20260905";"";"09/05/2026 05:31:34";"09/05/2026 05:24:28";"UserId:11";"UserId:11"
"11";"Allemagne";"OBJ-GEO-PAY-DE";"Allemagne";"Pays migré depuis ZZ - PAY - Pays | ID PAY-000005 | ISO2 DE | ISO3 DEU";"Non";"Oui";"PAY-000005";"DE";"Allemagne";"Allemagne";"DE";"DEU";"ND";"ISO 3166-2:DE";"";"ND";"ND";"ND";"ND";"ND";"ND";"ND";"ND";"ND";"DE";"Oui";"5";"Reconnu ONU / Observateur";"DemainSite V1.0.0 - base 195 pays reconnus";"";"";"17b4e602-a45b-43e3-b8dc-32e722361589";"5";"{C5C4778A-88E9-405A-9B25-7F92E4E10869}";"17/08/2026 03:51";"17/08/2026 03:51";"Pascal ZIMMER";"Pascal ZIMMER";"MIG-PAY-OBJ-20260905";"";"09/05/2026 05:31:34";"09/05/2026 05:24:28";"UserId:11";"UserId:11"
"12";"Andorre";"OBJ-GEO-PAY-AD";"Andorre";"Pays migré depuis ZZ - PAY - Pays | ID PAY-000006 | ISO2 AD | ISO3 AND";"Non";"Oui";"PAY-000006";"AD";"Andorre";"Andorre";"AD";"AND";"ND";"ISO 3166-2:AD";"";"ND";"ND";"ND";"ND";"ND";"ND";"ND";"ND";"ND";"AD";"Oui";"6";"Reconnu ONU / Observateur";"DemainSite V1.0.0 - base 195 pays reconnus";"";"";"17b4e602-a45b-43e3-b8dc-32e722361589";"6";"{1058A451-BB67-411C-B447-825823159894}";"17/08/2026 03:51";"17/08/2026 03:51";"Pascal ZIMMER";"Pascal ZIMMER";"MIG-PAY-OBJ-20260905";"";"09/05/2026 05:31:34";"09/05/2026 05:24:28";"UserId:11";"UserId:11"
"13";"Angola";"OBJ-GEO-PAY-AO";"Angola";"Pays migré depuis ZZ - PAY - Pays | ID PAY-000007 | ISO2 AO | ISO3 AGO";"Non";"Oui";"PAY-000007";"AO";"Angola";"Angola";"AO";"AGO";"ND";"ISO 3166-2:AO";"";"ND";"ND";"ND";"ND";"ND";"ND";"ND";"ND";"ND";"AO";"Oui";"7";"Reconnu ONU / Observateur";"DemainSite V1.0.0 - base 195 pays reconnus";"";"";"17b4e602-a45b-43e3-b8dc-32e722361589";"7";"{707190E8-A489-4EAA-89D9-033B04BF7DEA}";"17/08/2026 03:51";"17/08/2026 03:51";"Pascal ZIMMER";"Pascal ZIMMER";"MIG-PAY-OBJ-20260905";"";"09/05/2026 05:31:34";"09/05/2026 05:24:28";"UserId:11";"UserId:11"
"14";"Antigua-et-Barbuda";"OBJ-GEO-PAY-AG";"Antigua-et-Barbuda";"Pays migré depuis ZZ - PAY - Pays | ID PAY-000008 | ISO2 AG | ISO3 ATG";"Non";"Oui";"PAY-000008";"AG";"Antigua-et-Barbuda";"Antigua-et-Barbuda";"AG";"ATG";"ND";"ISO 3166-2:AG";"";"ND";"ND";"ND";"ND";"ND";"ND";"ND";"ND";"ND";"AG";"Oui";"8";"Reconnu ONU / Observateur";"DemainSite V1.0.0 - base 195 pays reconnus";"";"";"17b4e602-a45b-43e3-b8dc-32e722361589";"8";"{71AAF411-4368-46C9-A5BA-3D823E75FC09}";"17/08/2026 03:51";"17/08/2026 03:51";"Pascal ZIMMER";"Pascal ZIMMER";"MIG-PAY-OBJ-20260905";"";"09/05/2026 05:31:34";"09/05/2026 05:24:28";"UserId:11";"UserId:11"
"15";"Arabie saoudite";"OBJ-GEO-PAY-SA";"Arabie saoudite";"Pays migré depuis ZZ - PAY - Pays | ID PAY-000009 | ISO2 SA | ISO3 SAU";"Non";"Oui";"PAY-000009";"SA";"Arabie saoudite";"Arabie saoudite";"SA";"SAU";"ND";"ISO 3166-2:SA";"";"ND";"ND";"ND";"ND";"ND";"ND";"ND";"ND";"ND";"SA";"Oui";"9";"Reconnu ONU / Observateur";"DemainSite V1.0.0 - base 195 pays reconnus";"";"";"17b4e602-a45b-43e3-b8dc-32e722361589";"9";"{AFE92BB4-94F9-43FE-9775-6DE4B149A378}";"17/08/2026 03:51";"17/08/2026 03:51";"Pascal ZIMMER";"Pascal ZIMMER";"MIG-PAY-OBJ-20260905";"";"09/05/2026 05:31:34";"09/05/2026 05:24:29";"UserId:11";"UserId:11"
"16";"Argentine";"OBJ-GEO-PAY-AR";"Argentine";"Pays migré depuis ZZ - PAY - Pays | ID PAY-000010 | ISO2 AR | ISO3 ARG";"Non";"Oui";"PAY-000010";"AR";"Argentine";"Argentine";"AR";"ARG";"ND";"ISO 3166-2:AR";"";"ND";"ND";"ND";"ND";"ND";"ND";"ND";"ND";"ND";"AR";"Oui";"10";"Reconnu ONU / Observateur";"DemainSite V1.0.0 - base 195 pays reconnus";"";"";"17b4e602-a45b-43e3-b8dc-32e722361589";"10";"{6BF32139-FA09-4384-B50B-D697122DB856}";"17/08/2026 03:51";"17/08/2026 03:51";"Pascal ZIMMER";"Pascal ZIMMER";"MIG-PAY-OBJ-20260905";"";"09/05/2026 05:31:34";"09/05/2026 05:24:29";"UserId:11";"UserId:11"
"17";"Arménie";"OBJ-GEO-PAY-AM";"Arménie";"Pays migré depuis ZZ - PAY - Pays | ID PAY-000011 | ISO2 AM | ISO3 ARM";"Non";"Oui";"PAY-000011";"AM";"Arménie";"Arménie";"AM";"ARM";"ND";"ISO 3166-2:AM";"";"ND";"ND";"ND";"ND";"ND";"ND";"ND";"ND";"ND";"AM";"Oui";"11";"Reconnu ONU / Observateur";"DemainSite V1.0.0 - base 195 pays reconnus";"";"";"17b4e602-a45b-43e3-b8dc-32e722361589";"11";"{EB37A324-271A-4DA1-BA8B-6ACCB4E7A625}";"17/08/2026 03:51";"17/08/2026 03:51";"Pascal ZIMMER";"Pascal ZIMMER";"MIG-PAY-OBJ-20260905";"";"09/05/2026 05:31:35";"09/05/2026 05:24:29";"UserId:11";"UserId:11"
"18";"Australie";"OBJ-GEO-PAY-AU";"Australie";"Pays migré depuis ZZ - PAY - Pays | ID PAY-000012 | ISO2 AU | ISO3 AUS";"Non";"Oui";"PAY-000012";"AU";"Australie";"Australie";"AU";"AUS";"ND";"ISO 3166-2:AU";"";"ND";"ND";"ND";"ND";"ND";"ND";"ND";"ND";"ND";"AU";"Oui";"12";"Reconnu ONU / Observateur";"DemainSite V1.0.0 - base 195 pays reconnus";"";"";"17b4e602-a45b-43e3-b8dc-32e722361589";"12";"{64106953-C332-4AD3-B1D3-5201FDEF1832}";"17/08/2026 03:51";"17/08/2026 03:51";"Pascal ZIMMER";"Pascal ZIMMER";"MIG-PAY-OBJ-20260905";"";"09/05/2026 05:31:35";"09/05/2026 05:24:29";"UserId:11";"UserId:11"
"19";"Autriche";"OBJ-GEO-PAY-AT";"Autriche";"Pays migré depuis ZZ - PAY - Pays | ID PAY-000013 | ISO2 AT | ISO3 AUT";"Non";"Oui";"PAY-000013";"AT";"Autriche";"Autriche";"AT";"AUT";"ND";"ISO 3166-2:AT";"";"ND";"ND";"ND";"ND";"ND";"ND";"ND";"ND";"ND";"AT";"Oui";"13";"Reconnu ONU / Observateur";"DemainSite V1.0.0 - base 195 pays reconnus";"";"";"17b4e602-a45b-43e3-b8dc-32e722361589";"13";"{7EA6BFA7-3F4B-421E-9686-1292A29DCB80}";"17/08/2026 03:51";"17/08/2026 03:51";"Pascal ZIMMER";"Pascal ZIMMER";"MIG-PAY-OBJ-20260905";"";"09/05/2026 05:31:35";"09/05/2026 05:24:29";"UserId:11";"UserId:11"
"20";"Azerbaïdjan";"OBJ-GEO-PAY-AZ";"Azerbaïdjan";"Pays migré depuis ZZ - PAY - Pays | ID PAY-000014 | ISO2 AZ | ISO3 AZE";"Non";"Oui";"PAY-000014";"AZ";"Azerbaïdjan";"Azerbaïdjan";"AZ";"AZE";"ND";"ISO 3166-2:AZ";"";"ND";"ND";"ND";"ND";"ND";"ND";"ND";"ND";"ND";"AZ";"Oui";"14";"Reconnu ONU / Observateur";"DemainSite V1.0.0 - base 195 pays reconnus";"";"";"17b4e602-a45b-43e3-b8dc-32e722361589";"14";"{B308FA76-3F31-4C05-809E-97311405BEB1}";"17/08/2026 03:51";"17/08/2026 03:51";"Pascal ZIMMER";"Pascal ZIMMER";"MIG-PAY-OBJ-20260905";"";"09/05/2026 05:31:35";"09/05/2026 05:24:29";"UserId:11";"UserId:11"
"21";"Bahamas";"OBJ-GEO-PAY-BS";"Bahamas";"Pays migré depuis ZZ - PAY - Pays | ID PAY-000015 | ISO2 BS | ISO3 BHS";"Non";"Oui";"PAY-000015";"BS";"Bahamas";"Bahamas";"BS";"BHS";"ND";"ISO 3166-2:BS";"";"ND";"ND";"ND";"ND";"ND";"ND";"ND";"ND";"ND";"BS";"Oui";"15";"Reconnu ONU / Observateur";"DemainSite V1.0.0 - base 195 pays reconnus";"";"";"17b4e602-a45b-43e3-b8dc-32e722361589";"15";"{1B40D0E6-6A47-4518-BFDE-71A614AAF345}";"17/08/2026 03:51";"17/08/2026 03:51";"Pascal ZIMMER";"Pascal ZIMMER";"MIG-PAY-OBJ-20260905";"";"09/05/2026 05:31:35";"09/05/2026 05:24:29";"UserId:11";"UserId:11"
"22";"Bahreïn";"OBJ-GEO-PAY-BH";"Bahreïn";"Pays migré depuis ZZ - PAY - Pays | ID PAY-000016 | ISO2 BH | ISO3 BHR";"Non";"Oui";"PAY-000016";"BH";"Bahreïn";"Bahreïn";"BH";"BHR";"ND";"ISO 3166-2:BH";"";"ND";"ND";"ND";"ND";"ND";"ND";"ND";"ND";"ND";"BH";"Oui";"16";"Reconnu ONU / Observateur";"DemainSite V1.0.0 - base 195 pays reconnus";"";"";"17b4e602-a45b-43e3-b8dc-32e722361589";"16";"{AB721E4E-84EE-4CFF-B252-8AB310FCCB41}";"17/08/2026 03:51";"17/08/2026 03:51";"Pascal ZIMMER";"Pascal ZIMMER";"MIG-PAY-OBJ-20260905";"";"09/05/2026 05:31:35";"09/05/2026 05:24:29";"UserId:11";"UserId:11"
"23";"Bangladesh";"OBJ-GEO-PAY-BD";"Bangladesh";"Pays migré depuis ZZ - PAY - Pays | ID PAY-000017 | ISO2 BD | ISO3 BGD";"Non";"Oui";"PAY-000017";"BD";"Bangladesh";"Bangladesh";"BD";"BGD";"ND";"ISO 3166-2:BD";"";"ND";"ND";"ND";"ND";"ND";"ND";"ND";"ND";"ND";"BD";"Oui";"17";"Reconnu ONU / Observateur";"DemainSite V1.0.0 - base 195 pays reconnus";"";"";"17b4e602-a45b-43e3-b8dc-32e722361589";"17";"{9A4DF608-FB8D-40F0-887D-5F5ED1C20F3D}";"17/08/2026 03:51";"17/08/2026 03:51";"Pascal ZIMMER";"Pascal ZIMMER";"MIG-PAY-OBJ-20260905";"";"09/05/2026 05:31:36";"09/05/2026 05:24:30";"UserId:11";"UserId:11"
"24";"Barbade";"OBJ-GEO-PAY-BB";"Barbade";"Pays migré depuis ZZ - PAY - Pays | ID PAY-000018 | ISO2 BB | ISO3 BRB";"Non";"Oui";"PAY-000018";"BB";"Barbade";"Barbade";"BB";"BRB";"ND";"ISO 3166-2:BB";"";"ND";"ND";"ND";"ND";"ND";"ND";"ND";"ND";"ND";"BB";"Oui";"18";"Reconnu ONU / Observateur";"DemainSite V1.0.0 - base 195 pays reconnus";"";"";"17b4e602-a45b-43e3-b8dc-32e722361589";"18";"{8D4D0E7E-3334-4968-9BA8-A4109EF3BAD3}";"17/08/2026 03:51";"17/08/2026 03:51";"Pascal ZIMMER";"Pascal ZIMMER";"MIG-PAY-OBJ-20260905";"";"09/05/2026 05:31:36";"09/05/2026 05:24:30";"UserId:11";"UserId:11"
"25";"Belgique";"OBJ-GEO-PAY-BE";"Belgique";"Pays migré depuis ZZ - PAY - Pays | ID PAY-000019 | ISO2 BE | ISO3 BEL";"Non";"Oui";"PAY-000019";"BE";"Belgique";"Belgique";"BE";"BEL";"ND";"ISO 3166-2:BE";"";"ND";"ND";"ND";"ND";"ND";"ND";"ND";"ND";"ND";"BE";"Oui";"19";"Reconnu ONU / Observateur";"DemainSite V1.0.0 - base 195 pays reconnus";"";"";"17b4e602-a45b-43e3-b8dc-32e722361589";"19";"{F6B21F09-5045-4BD1-B7A3-D9EC517D8222}";"17/08/2026 03:51";"17/08/2026 03:51";"Pascal ZIMMER";"Pascal ZIMMER";"MIG-PAY-OBJ-20260905";"";"09/05/2026 05:31:36";"09/05/2026 05:24:30";"UserId:11";"UserId:11"
"26";"Belize";"OBJ-GEO-PAY-BZ";"Belize";"Pays migré depuis ZZ - PAY - Pays | ID PAY-000020 | ISO2 BZ | ISO3 BLZ";"Non";"Oui";"PAY-000020";"BZ";"Belize";"Belize";"BZ";"BLZ";"ND";"ISO 3166-2:BZ";"";"ND";"ND";"ND";"ND";"ND";"ND";"ND";"ND";"ND";"BZ";"Oui";"20";"Reconnu ONU / Observateur";"DemainSite V1.0.0 - base 195 pays reconnus";"";"";"17b4e602-a45b-43e3-b8dc-32e722361589";"20";"{56C59993-AD37-4038-80D7-6A1B177C5B39}";"17/08/2026 03:51";"17/08/2026 03:51";"Pascal ZIMMER";"Pascal ZIMMER";"MIG-PAY-OBJ-20260905";"";"09/05/2026 05:31:36";"09/05/2026 05:24:30";"UserId:11";"UserId:11"
"27";"Bénin";"OBJ-GEO-PAY-BJ";"Bénin";"Pays migré depuis ZZ - PAY - Pays | ID PAY-000021 | ISO2 BJ | ISO3 BEN";"Non";"Oui";"PAY-000021";"BJ";"Bénin";"Bénin";"BJ";"BEN";"ND";"ISO 3166-2:BJ";"";"ND";"ND";"ND";"ND";"ND";"ND";"ND";"ND";"ND";"BJ";"Oui";"21";"Reconnu ONU / Observateur";"DemainSite V1.0.0 - base 195 pays reconnus";"";"";"17b4e602-a45b-43e3-b8dc-32e722361589";"21";"{2B9AC255-753B-4E7B-BC5B-A488079BB70C}";"17/08/2026 03:51";"17/08/2026 03:51";"Pascal ZIMMER";"Pascal ZIMMER";"MIG-PAY-OBJ-20260905";"";"09/05/2026 05:31:36";"09/05/2026 05:24:30";"UserId:11";"UserId:11"
"28";"Bhoutan";"OBJ-GEO-PAY-BT";"Bhoutan";"Pays migré depuis ZZ - PAY - Pays | ID PAY-000022 | ISO2 BT | ISO3 BTN";"Non";"Oui";"PAY-000022";"BT";"Bhoutan";"Bhoutan";"BT";"BTN";"ND";"ISO 3166-2:BT";"";"ND";"ND";"ND";"ND";"ND";"ND";"ND";"ND";"ND";"BT";"Oui";"22";"Reconnu ONU / Observateur";"DemainSite V1.0.0 - base 195 pays reconnus";"";"";"17b4e602-a45b-43e3-b8dc-32e722361589";"22";"{EC73E3F6-1F82-4C30-8E5C-462D61796F29}";"17/08/2026 03:51";"17/08/2026 03:51";"Pascal ZIMMER";"Pascal ZIMMER";"MIG-PAY-OBJ-20260905";"";"09/05/2026 05:31:36";"09/05/2026 05:24:30";"UserId:11";"UserId:11"
"29";"Biélorussie";"OBJ-GEO-PAY-BY";"Biélorussie";"Pays migré depuis ZZ - PAY - Pays | ID PAY-000023 | ISO2 BY | ISO3 BLR";"Non";"Oui";"PAY-000023";"BY";"Biélorussie";"Biélorussie";"BY";"BLR";"ND";"ISO 3166-2:BY";"";"ND";"ND";"ND";"ND";"ND";"ND";"ND";"ND";"ND";"BY";"Oui";"23";"Reconnu ONU / Observateur";"DemainSite V1.0.0 - base 195 pays reconnus";"";"";"17b4e602-a45b-43e3-b8dc-32e722361589";"23";"{D4B42AA0-CE9A-4B9A-B9F7-CFEF5938A383}";"17/08/2026 03:51";"17/08/2026 03:51";"Pascal ZIMMER";"Pascal ZIMMER";"MIG-PAY-OBJ-20260905";"";"09/05/2026 05:31:36";"09/05/2026 05:24:30";"UserId:11";"UserId:11"
"30";"Bolivie";"OBJ-GEO-PAY-BO";"Bolivie";"Pays migré depuis ZZ - PAY - Pays | ID PAY-000024 | ISO2 BO | ISO3 BOL";"Non";"Oui";"PAY-000024";"BO";"Bolivie";"Bolivie";"BO";"BOL";"ND";"ISO 3166-2:BO";"";"ND";"ND";"ND";"ND";"ND";"ND";"ND";"ND";"ND";"BO";"Oui";"24";"Reconnu ONU / Observateur";"DemainSite V1.0.0 - base 195 pays reconnus";"";"";"17b4e602-a45b-43e3-b8dc-32e722361589";"24";"{FA42A2F5-BFDE-4F5A-A22D-D1DF9F55332A}";"17/08/2026 03:51";"17/08/2026 03:51";"Pascal ZIMMER";"Pascal ZIMMER";"MIG-PAY-OBJ-20260905";"";"09/05/2026 05:31:37";"09/05/2026 05:24:30";"UserId:11";"UserId:11"
"31";"Bosnie-Herzégovine";"OBJ-GEO-PAY-BA";"Bosnie-Herzégovine";"Pays migré depuis ZZ - PAY - Pays | ID PAY-000025 | ISO2 BA | ISO3 BIH";"Non";"Oui";"PAY-000025";"BA";"Bosnie-Herzégovine";"Bosnie-Herzégovine";"BA";"BIH";"ND";"ISO 3166-2:BA";"";"ND";"ND";"ND";"ND";"ND";"ND";"ND";"ND";"ND";"BA";"Oui";"25";"Reconnu ONU / Observateur";"DemainSite V1.0.0 - base 195 pays reconnus";"";"";"17b4e602-a45b-43e3-b8dc-32e722361589";"25";"{967F5710-8569-4C26-894F-B0A429E4896A}";"17/08/2026 03:51";"17/08/2026 03:51";"Pascal ZIMMER";"Pascal ZIMMER";"MIG-PAY-OBJ-20260905";"";"09/05/2026 05:31:37";"09/05/2026 05:24:30";"UserId:11";"UserId:11"
"32";"Botswana";"OBJ-GEO-PAY-BW";"Botswana";"Pays migré depuis ZZ - PAY - Pays | ID PAY-000026 | ISO2 BW | ISO3 BWA";"Non";"Oui";"PAY-000026";"BW";"Botswana";"Botswana";"BW";"BWA";"ND";"ISO 3166-2:BW";"";"ND";"ND";"ND";"ND";"ND";"ND";"ND";"ND";"ND";"BW";"Oui";"26";"Reconnu ONU / Observateur";"DemainSite V1.0.0 - base 195 pays reconnus";"";"";"17b4e602-a45b-43e3-b8dc-32e722361589";"26";"{40791648-ED18-4BD0-B89A-BA7053E0B853}";"17/08/2026 03:51";"17/08/2026 03:51";"Pascal ZIMMER";"Pascal ZIMMER";"MIG-PAY-OBJ-20260905";"";"09/05/2026 05:31:37";"09/05/2026 05:24:30";"UserId:11";"UserId:11"
"33";"Brésil";"OBJ-GEO-PAY-BR";"Brésil";"Pays migré depuis ZZ - PAY - Pays | ID PAY-000027 | ISO2 BR | ISO3 BRA";"Non";"Oui";"PAY-000027";"BR";"Brésil";"Brésil";"BR";"BRA";"ND";"ISO 3166-2:BR";"";"ND";"ND";"ND";"ND";"ND";"ND";"ND";"ND";"ND";"BR";"Oui";"27";"Reconnu ONU / Observateur";"DemainSite V1.0.0 - base 195 pays reconnus";"";"";"17b4e602-a45b-43e3-b8dc-32e722361589";"27";"{B3BFDD55-6F59-46F9-9955-350E2BD56A3D}";"17/08/2026 03:51";"17/08/2026 03:51";"Pascal ZIMMER";"Pascal ZIMMER";"MIG-PAY-OBJ-20260905";"";"09/05/2026 05:31:37";"09/05/2026 05:24:30";"UserId:11";"UserId:11"
"34";"Brunéi Darussalam";"OBJ-GEO-PAY-BN";"Brunéi Darussalam";"Pays migré depuis ZZ - PAY - Pays | ID PAY-000028 | ISO2 BN | ISO3 BRN";"Non";"Oui";"PAY-000028";"BN";"Brunéi Darussalam";"Brunéi Darussalam";"BN";"BRN";"ND";"ISO 3166-2:BN";"";"ND";"ND";"ND";"ND";"ND";"ND";"ND";"ND";"ND";"BN";"Oui";"28";"Reconnu ONU / Observateur";"DemainSite V1.0.0 - base 195 pays reconnus";"";"";"17b4e602-a45b-43e3-b8dc-32e722361589";"28";"{40860EC8-2887-40C8-9DFB-1D0CA202D652}";"17/08/2026 03:51";"17/08/2026 03:51";"Pascal ZIMMER";"Pascal ZIMMER";"MIG-PAY-OBJ-20260905";"";"09/05/2026 05:31:37";"09/05/2026 05:24:30";"UserId:11";"UserId:11"
"35";"Bulgarie";"OBJ-GEO-PAY-BG";"Bulgarie";"Pays migré depuis ZZ - PAY - Pays | ID PAY-000029 | ISO2 BG | ISO3 BGR";"Non";"Oui";"PAY-000029";"BG";"Bulgarie";"Bulgarie";"BG";"BGR";"ND";"ISO 3166-2:BG";"";"ND";"ND";"ND";"ND";"ND";"ND";"ND";"ND";"ND";"BG";"Oui";"29";"Reconnu ONU / Observateur";"DemainSite V1.0.0 - base 195 pays reconnus";"";"";"17b4e602-a45b-43e3-b8dc-32e722361589";"29";"{87CC73EA-B00F-4349-930F-595BBF279317}";"17/08/2026 03:51";"17/08/2026 03:51";"Pascal ZIMMER";"Pascal ZIMMER";"MIG-PAY-OBJ-20260905";"";"09/05/2026 05:31:37";"09/05/2026 05:24:31";"UserId:11";"UserId:11"
"36";"Burkina Faso";"OBJ-GEO-PAY-BF";"Burkina Faso";"Pays migré depuis ZZ - PAY - Pays | ID PAY-000030 | ISO2 BF | ISO3 BFA";"Non";"Oui";"PAY-000030";"BF";"Burkina Faso";"Burkina Faso";"BF";"BFA";"ND";"ISO 3166-2:BF";"";"ND";"ND";"ND";"ND";"ND";"ND";"ND";"ND";"ND";"BF";"Oui";"30";"Reconnu ONU / Observateur";"DemainSite V1.0.0 - base 195 pays reconnus";"";"";"17b4e602-a45b-43e3-b8dc-32e722361589";"30";"{1370818C-1E56-4E96-B1CD-DE0DE6898FF6}";"17/08/2026 03:51";"17/08/2026 03:51";"Pascal ZIMMER";"Pascal ZIMMER";"MIG-PAY-OBJ-20260905";"";"09/05/2026 05:31:37";"09/05/2026 05:24:31";"UserId:11";"UserId:11"
"37";"Burundi";"OBJ-GEO-PAY-BI";"Burundi";"Pays migré depuis ZZ - PAY - Pays | ID PAY-000031 | ISO2 BI | ISO3 BDI";"Non";"Oui";"PAY-000031";"BI";"Burundi";"Burundi";"BI";"BDI";"ND";"ISO 3166-2:BI";"";"ND";"ND";"ND";"ND";"ND";"ND";"ND";"ND";"ND";"BI";"Oui";"31";"Reconnu ONU / Observateur";"DemainSite V1.0.0 - base 195 pays reconnus";"";"";"17b4e602-a45b-43e3-b8dc-32e722361589";"31";"{4087CE26-DD6C-4A02-B9D8-9CDBD3815602}";"17/08/2026 03:51";"17/08/2026 03:51";"Pascal ZIMMER";"Pascal ZIMMER";"MIG-PAY-OBJ-20260905";"";"09/05/2026 05:31:38";"09/05/2026 05:24:31";"UserId:11";"UserId:11"
"38";"Cabo Verde";"OBJ-GEO-PAY-CV";"Cabo Verde";"Pays migré depuis ZZ - PAY - Pays | ID PAY-000032 | ISO2 CV | ISO3 CPV";"Non";"Oui";"PAY-000032";"CV";"Cabo Verde";"Cabo Verde";"CV";"CPV";"ND";"ISO 3166-2:CV";"";"ND";"ND";"ND";"ND";"ND";"ND";"ND";"ND";"ND";"CV";"Oui";"32";"Reconnu ONU / Observateur";"DemainSite V1.0.0 - base 195 pays reconnus";"";"";"17b4e602-a45b-43e3-b8dc-32e722361589";"32";"{3E972DA5-17D1-4F83-B915-1D848DC6E6AE}";"17/08/2026 03:51";"17/08/2026 03:51";"Pascal ZIMMER";"Pascal ZIMMER";"MIG-PAY-OBJ-20260905";"";"09/05/2026 05:31:38";"09/05/2026 05:24:31";"UserId:11";"UserId:11"
"39";"Cambodge";"OBJ-GEO-PAY-KH";"Cambodge";"Pays migré depuis ZZ - PAY - Pays | ID PAY-000033 | ISO2 KH | ISO3 KHM";"Non";"Oui";"PAY-000033";"KH";"Cambodge";"Cambodge";"KH";"KHM";"ND";"ISO 3166-2:KH";"";"ND";"ND";"ND";"ND";"ND";"ND";"ND";"ND";"ND";"KH";"Oui";"33";"Reconnu ONU / Observateur";"DemainSite V1.0.0 - base 195 pays reconnus";"";"";"17b4e602-a45b-43e3-b8dc-32e722361589";"33";"{00D3F480-58A2-41F0-B12F-C6E914BEE160}";"17/08/2026 03:52";"17/08/2026 03:52";"Pascal ZIMMER";"Pascal ZIMMER";"MIG-PAY-OBJ-20260905";"";"09/05/2026 05:31:38";"09/05/2026 05:24:31";"UserId:11";"UserId:11"
"40";"Cameroun";"OBJ-GEO-PAY-CM";"Cameroun";"Pays migré depuis ZZ - PAY - Pays | ID PAY-000034 | ISO2 CM | ISO3 CMR";"Non";"Oui";"PAY-000034";"CM";"Cameroun";"Cameroun";"CM";"CMR";"ND";"ISO 3166-2:CM";"";"ND";"ND";"ND";"ND";"ND";"ND";"ND";"ND";"ND";"CM";"Oui";"34";"Reconnu ONU / Observateur";"DemainSite V1.0.0 - base 195 pays reconnus";"";"";"17b4e602-a45b-43e3-b8dc-32e722361589";"34";"{33496CBC-D666-4BCE-80C0-0B5BFA7CC397}";"17/08/2026 03:52";"17/08/2026 03:52";"Pascal ZIMMER";"Pascal ZIMMER";"MIG-PAY-OBJ-20260905";"";"09/05/2026 05:31:38";"09/05/2026 05:24:31";"UserId:11";"UserId:11"
"41";"Canada";"OBJ-GEO-PAY-CA";"Canada";"Pays migré depuis ZZ - PAY - Pays | ID PAY-000035 | ISO2 CA | ISO3 CAN";"Non";"Oui";"PAY-000035";"CA";"Canada";"Canada";"CA";"CAN";"ND";"ISO 3166-2:CA";"";"ND";"ND";"ND";"ND";"ND";"ND";"ND";"ND";"ND";"CA";"Oui";"35";"Reconnu ONU / Observateur";"DemainSite V1.0.0 - base 195 pays reconnus";"";"";"17b4e602-a45b-43e3-b8dc-32e722361589";"35";"{FE730229-7009-416E-8061-3592E21020BF}";"17/08/2026 03:52";"17/08/2026 03:52";"Pascal ZIMMER";"Pascal ZIMMER";"MIG-PAY-OBJ-20260905";"";"09/05/2026 05:31:38";"09/05/2026 05:24:31";"UserId:11";"UserId:11"
"42";"Chili";"OBJ-GEO-PAY-CL";"Chili";"Pays migré depuis ZZ - PAY - Pays | ID PAY-000036 | ISO2 CL | ISO3 CHL";"Non";"Oui";"PAY-000036";"CL";"Chili";"Chili";"CL";"CHL";"ND";"ISO 3166-2:CL";"";"ND";"ND";"ND";"ND";"ND";"ND";"ND";"ND";"ND";"CL";"Oui";"36";"Reconnu ONU / Observateur";"DemainSite V1.0.0 - base 195 pays reconnus";"";"";"17b4e602-a45b-43e3-b8dc-32e722361589";"36";"{0A373B3B-151A-4C4B-A864-899CC97A838E}";"17/08/2026 03:52";"17/08/2026 03:52";"Pascal ZIMMER";"Pascal ZIMMER";"MIG-PAY-OBJ-20260905";"";"09/05/2026 05:31:38";"09/05/2026 05:24:31";"UserId:11";"UserId:11"
"43";"Chine";"OBJ-GEO-PAY-CN";"Chine";"Pays migré depuis ZZ - PAY - Pays | ID PAY-000037 | ISO2 CN | ISO3 CHN";"Non";"Oui";"PAY-000037";"CN";"Chine";"Chine";"CN";"CHN";"ND";"ISO 3166-2:CN";"";"ND";"ND";"ND";"ND";"ND";"ND";"ND";"ND";"ND";"CN";"Oui";"37";"Reconnu ONU / Observateur";"DemainSite V1.0.0 - base 195 pays reconnus";"";"";"17b4e602-a45b-43e3-b8dc-32e722361589";"37";"{3E96BEA9-89D8-482B-8C28-6B7B1C785F5E}";"17/08/2026 03:52";"17/08/2026 03:52";"Pascal ZIMMER";"Pascal ZIMMER";"MIG-PAY-OBJ-20260905";"";"09/05/2026 05:31:38";"09/05/2026 05:24:31";"UserId:11";"UserId:11"
"44";"Chypre";"OBJ-GEO-PAY-CY";"Chypre";"Pays migré depuis ZZ - PAY - Pays | ID PAY-000038 | ISO2 CY | ISO3 CYP";"Non";"Oui";"PAY-000038";"CY";"Chypre";"Chypre";"CY";"CYP";"ND";"ISO 3166-2:CY";"";"ND";"ND";"ND";"ND";"ND";"ND";"ND";"ND";"ND";"CY";"Oui";"38";"Reconnu ONU / Observateur";"DemainSite V1.0.0 - base 195 pays reconnus";"";"";"17b4e602-a45b-43e3-b8dc-32e722361589";"38";"{05099CFD-6465-4092-9B4D-EEA33DD6C9CB}";"17/08/2026 03:52";"17/08/2026 03:52";"Pascal ZIMMER";"Pascal ZIMMER";"MIG-PAY-OBJ-20260905";"";"09/05/2026 05:31:39";"09/05/2026 05:24:31";"UserId:11";"UserId:11"
"45";"Colombie";"OBJ-GEO-PAY-CO";"Colombie";"Pays migré depuis ZZ - PAY - Pays | ID PAY-000039 | ISO2 CO | ISO3 COL";"Non";"Oui";"PAY-000039";"CO";"Colombie";"Colombie";"CO";"COL";"ND";"ISO 3166-2:CO";"";"ND";"ND";"ND";"ND";"ND";"ND";"ND";"ND";"ND";"CO";"Oui";"39";"Reconnu ONU / Observateur";"DemainSite V1.0.0 - base 195 pays reconnus";"";"";"17b4e602-a45b-43e3-b8dc-32e722361589";"39";"{9AD634E5-7E1B-4893-8147-AC37ABCBF142}";"17/08/2026 03:52";"17/08/2026 03:52";"Pascal ZIMMER";"Pascal ZIMMER";"MIG-PAY-OBJ-20260905";"";"09/05/2026 05:31:39";"09/05/2026 05:24:31";"UserId:11";"UserId:11"
"46";"Comores";"OBJ-GEO-PAY-KM";"Comores";"Pays migré depuis ZZ - PAY - Pays | ID PAY-000040 | ISO2 KM | ISO3 COM";"Non";"Oui";"PAY-000040";"KM";"Comores";"Comores";"KM";"COM";"ND";"ISO 3166-2:KM";"";"ND";"ND";"ND";"ND";"ND";"ND";"ND";"ND";"ND";"KM";"Oui";"40";"Reconnu ONU / Observateur";"DemainSite V1.0.0 - base 195 pays reconnus";"";"";"17b4e602-a45b-43e3-b8dc-32e722361589";"40";"{FF81BAC8-3730-48A1-B7F2-E9043B193318}";"17/08/2026 03:52";"17/08/2026 03:52";"Pascal ZIMMER";"Pascal ZIMMER";"MIG-PAY-OBJ-20260905";"";"09/05/2026 05:31:39";"09/05/2026 05:24:31";"UserId:11";"UserId:11"
"47";"Congo";"OBJ-GEO-PAY-CG";"Congo";"Pays migré depuis ZZ - PAY - Pays | ID PAY-000041 | ISO2 CG | ISO3 COG";"Non";"Oui";"PAY-000041";"CG";"Congo";"Congo";"CG";"COG";"ND";"ISO 3166-2:CG";"";"ND";"ND";"ND";"ND";"ND";"ND";"ND";"ND";"ND";"CG";"Oui";"41";"Reconnu ONU / Observateur";"DemainSite V1.0.0 - base 195 pays reconnus";"";"";"17b4e602-a45b-43e3-b8dc-32e722361589";"41";"{DDA9EF81-CA21-4152-9F47-0B18C387371F}";"17/08/2026 03:52";"17/08/2026 03:52";"Pascal ZIMMER";"Pascal ZIMMER";"MIG-PAY-OBJ-20260905";"";"09/05/2026 05:31:39";"09/05/2026 05:24:32";"UserId:11";"UserId:11"
"48";"Costa Rica";"OBJ-GEO-PAY-CR";"Costa Rica";"Pays migré depuis ZZ - PAY - Pays | ID PAY-000042 | ISO2 CR | ISO3 CRI";"Non";"Oui";"PAY-000042";"CR";"Costa Rica";"Costa Rica";"CR";"CRI";"ND";"ISO 3166-2:CR";"";"ND";"ND";"ND";"ND";"ND";"ND";"ND";"ND";"ND";"CR";"Oui";"42";"Reconnu ONU / Observateur";"DemainSite V1.0.0 - base 195 pays reconnus";"";"";"17b4e602-a45b-43e3-b8dc-32e722361589";"42";"{50680839-06AD-42DF-875F-24BCA1A95FEF}";"17/08/2026 03:52";"17/08/2026 03:52";"Pascal ZIMMER";"Pascal ZIMMER";"MIG-PAY-OBJ-20260905";"";"09/05/2026 05:31:39";"09/05/2026 05:24:32";"UserId:11";"UserId:11"
"49";"Côte d'Ivoire";"OBJ-GEO-PAY-CI";"Côte d'Ivoire";"Pays migré depuis ZZ - PAY - Pays | ID PAY-000043 | ISO2 CI | ISO3 CIV";"Non";"Oui";"PAY-000043";"CI";"Côte d'Ivoire";"Côte d'Ivoire";"CI";"CIV";"ND";"ISO 3166-2:CI";"";"ND";"ND";"ND";"ND";"ND";"ND";"ND";"ND";"ND";"CI";"Oui";"43";"Reconnu ONU / Observateur";"DemainSite V1.0.0 - base 195 pays reconnus";"";"";"17b4e602-a45b-43e3-b8dc-32e722361589";"43";"{3250CF66-5B0B-4CBB-8592-46301949D299}";"17/08/2026 03:52";"17/08/2026 03:52";"Pascal ZIMMER";"Pascal ZIMMER";"MIG-PAY-OBJ-20260905";"";"09/05/2026 05:31:39";"09/05/2026 05:24:32";"UserId:11";"UserId:11"
"50";"Croatie";"OBJ-GEO-PAY-HR";"Croatie";"Pays migré depuis ZZ - PAY - Pays | ID PAY-000044 | ISO2 HR | ISO3 HRV";"Non";"Oui";"PAY-000044";"HR";"Croatie";"Croatie";"HR";"HRV";"ND";"ISO 3166-2:HR";"";"ND";"ND";"ND";"ND";"ND";"ND";"ND";"ND";"ND";"HR";"Oui";"44";"Reconnu ONU / Observateur";"DemainSite V1.0.0 - base 195 pays reconnus";"";"";"17b4e602-a45b-43e3-b8dc-32e722361589";"44";"{E07B5485-F2BC-42FE-B020-CC346FD2CF90}";"17/08/2026 03:52";"17/08/2026 03:52";"Pascal ZIMMER";"Pascal ZIMMER";"MIG-PAY-OBJ-20260905";"";"09/05/2026 05:31:39";"09/05/2026 05:24:32";"UserId:11";"UserId:11"
"51";"Cuba";"OBJ-GEO-PAY-CU";"Cuba";"Pays migré depuis ZZ - PAY - Pays | ID PAY-000045 | ISO2 CU | ISO3 CUB";"Non";"Oui";"PAY-000045";"CU";"Cuba";"Cuba";"CU";"CUB";"ND";"ISO 3166-2:CU";"";"ND";"ND";"ND";"ND";"ND";"ND";"ND";"ND";"ND";"CU";"Oui";"45";"Reconnu ONU / Observateur";"DemainSite V1.0.0 - base 195 pays reconnus";"";"";"17b4e602-a45b-43e3-b8dc-32e722361589";"45";"{86DF8EC0-47BE-4290-A8AF-6B922FB2AEBC}";"17/08/2026 03:52";"17/08/2026 03:52";"Pascal ZIMMER";"Pascal ZIMMER";"MIG-PAY-OBJ-20260905";"";"09/05/2026 05:31:40";"09/05/2026 05:24:32";"UserId:11";"UserId:11"
"52";"Danemark";"OBJ-GEO-PAY-DK";"Danemark";"Pays migré depuis ZZ - PAY - Pays | ID PAY-000046 | ISO2 DK | ISO3 DNK";"Non";"Oui";"PAY-000046";"DK";"Danemark";"Danemark";"DK";"DNK";"ND";"ISO 3166-2:DK";"";"ND";"ND";"ND";"ND";"ND";"ND";"ND";"ND";"ND";"DK";"Oui";"46";"Reconnu ONU / Observateur";"DemainSite V1.0.0 - base 195 pays reconnus";"";"";"17b4e602-a45b-43e3-b8dc-32e722361589";"46";"{D8AAE14D-BF14-4733-A3E6-0542B32F21FE}";"17/08/2026 03:52";"17/08/2026 03:52";"Pascal ZIMMER";"Pascal ZIMMER";"MIG-PAY-OBJ-20260905";"";"09/05/2026 05:31:40";"09/05/2026 05:24:32";"UserId:11";"UserId:11"
"53";"Djibouti";"OBJ-GEO-PAY-DJ";"Djibouti";"Pays migré depuis ZZ - PAY - Pays | ID PAY-000047 | ISO2 DJ | ISO3 DJI";"Non";"Oui";"PAY-000047";"DJ";"Djibouti";"Djibouti";"DJ";"DJI";"ND";"ISO 3166-2:DJ";"";"ND";"ND";"ND";"ND";"ND";"ND";"ND";"ND";"ND";"DJ";"Oui";"47";"Reconnu ONU / Observateur";"DemainSite V1.0.0 - base 195 pays reconnus";"";"";"17b4e602-a45b-43e3-b8dc-32e722361589";"47";"{8B4058A0-9A11-48E0-9200-092BE29977BD}";"17/08/2026 03:52";"17/08/2026 03:52";"Pascal ZIMMER";"Pascal ZIMMER";"MIG-PAY-OBJ-20260905";"";"09/05/2026 05:31:40";"09/05/2026 05:24:32";"UserId:11";"UserId:11"
"54";"Dominique";"OBJ-GEO-PAY-DM";"Dominique";"Pays migré depuis ZZ - PAY - Pays | ID PAY-000048 | ISO2 DM | ISO3 DMA";"Non";"Oui";"PAY-000048";"DM";"Dominique";"Dominique";"DM";"DMA";"ND";"ISO 3166-2:DM";"";"ND";"ND";"ND";"ND";"ND";"ND";"ND";"ND";"ND";"DM";"Oui";"48";"Reconnu ONU / Observateur";"DemainSite V1.0.0 - base 195 pays reconnus";"";"";"17b4e602-a45b-43e3-b8dc-32e722361589";"48";"{21CF7CEA-88A0-4358-BA90-2B5B8209FC82}";"17/08/2026 03:52";"17/08/2026 03:52";"Pascal ZIMMER";"Pascal ZIMMER";"MIG-PAY-OBJ-20260905";"";"09/05/2026 05:31:40";"09/05/2026 05:24:32";"UserId:11";"UserId:11"
"55";"Égypte";"OBJ-GEO-PAY-EG";"Égypte";"Pays migré depuis ZZ - PAY - Pays | ID PAY-000049 | ISO2 EG | ISO3 EGY";"Non";"Oui";"PAY-000049";"EG";"Égypte";"Égypte";"EG";"EGY";"ND";"ISO 3166-2:EG";"";"ND";"ND";"ND";"ND";"ND";"ND";"ND";"ND";"ND";"EG";"Oui";"49";"Reconnu ONU / Observateur";"DemainSite V1.0.0 - base 195 pays reconnus";"";"";"17b4e602-a45b-43e3-b8dc-32e722361589";"49";"{F823D172-9FCA-45ED-8583-6AB5102C18AC}";"17/08/2026 03:52";"17/08/2026 03:52";"Pascal ZIMMER";"Pascal ZIMMER";"MIG-PAY-OBJ-20260905";"";"09/05/2026 05:31:40";"09/05/2026 05:24:32";"UserId:11";"UserId:11"
"56";"El Salvador";"OBJ-GEO-PAY-SV";"El Salvador";"Pays migré depuis ZZ - PAY - Pays | ID PAY-000050 | ISO2 SV | ISO3 SLV";"Non";"Oui";"PAY-000050";"SV";"El Salvador";"El Salvador";"SV";"SLV";"ND";"ISO 3166-2:SV";"";"ND";"ND";"ND";"ND";"ND";"ND";"ND";"ND";"ND";"SV";"Oui";"50";"Reconnu ONU / Observateur";"DemainSite V1.0.0 - base 195 pays reconnus";"";"";"17b4e602-a45b-43e3-b8dc-32e722361589";"50";"{17904B50-F7F8-4D47-9E5F-B2D75CE3FF15}";"17/08/2026 03:52";"17/08/2026 03:52";"Pascal ZIMMER";"Pascal ZIMMER";"MIG-PAY-OBJ-20260905";"";"09/05/2026 05:31:40";"09/05/2026 05:24:32";"UserId:11";"UserId:11"
"57";"Émirats arabes unis";"OBJ-GEO-PAY-AE";"Émirats arabes unis";"Pays migré depuis ZZ - PAY - Pays | ID PAY-000051 | ISO2 AE | ISO3 ARE";"Non";"Oui";"PAY-000051";"AE";"Émirats arabes unis";"Émirats arabes unis";"AE";"ARE";"ND";"ISO 3166-2:AE";"";"ND";"ND";"ND";"ND";"ND";"ND";"ND";"ND";"ND";"AE";"Oui";"51";"Reconnu ONU / Observateur";"DemainSite V1.0.0 - base 195 pays reconnus";"";"";"17b4e602-a45b-43e3-b8dc-32e722361589";"51";"{33ADE950-892B-45A5-9997-52AE13A7EFE6}";"17/08/2026 03:52";"17/08/2026 03:52";"Pascal ZIMMER";"Pascal ZIMMER";"MIG-PAY-OBJ-20260905";"";"09/05/2026 05:31:40";"09/05/2026 05:24:32";"UserId:11";"UserId:11"
"58";"Équateur";"OBJ-GEO-PAY-EC";"Équateur";"Pays migré depuis ZZ - PAY - Pays | ID PAY-000052 | ISO2 EC | ISO3 ECU";"Non";"Oui";"PAY-000052";"EC";"Équateur";"Équateur";"EC";"ECU";"ND";"ISO 3166-2:EC";"";"ND";"ND";"ND";"ND";"ND";"ND";"ND";"ND";"ND";"EC";"Oui";"52";"Reconnu ONU / Observateur";"DemainSite V1.0.0 - base 195 pays reconnus";"";"";"17b4e602-a45b-43e3-b8dc-32e722361589";"52";"{5FB8C625-971E-4DDD-BBF0-3A955E03289E}";"17/08/2026 03:52";"17/08/2026 03:52";"Pascal ZIMMER";"Pascal ZIMMER";"MIG-PAY-OBJ-20260905";"";"09/05/2026 05:31:41";"09/05/2026 05:24:32";"UserId:11";"UserId:11"
"59";"Érythrée";"OBJ-GEO-PAY-ER";"Érythrée";"Pays migré depuis ZZ - PAY - Pays | ID PAY-000053 | ISO2 ER | ISO3 ERI";"Non";"Oui";"PAY-000053";"ER";"Érythrée";"Érythrée";"ER";"ERI";"ND";"ISO 3166-2:ER";"";"ND";"ND";"ND";"ND";"ND";"ND";"ND";"ND";"ND";"ER";"Oui";"53";"Reconnu ONU / Observateur";"DemainSite V1.0.0 - base 195 pays reconnus";"";"";"17b4e602-a45b-43e3-b8dc-32e722361589";"53";"{3761E0E1-EB10-4AA7-AE6F-860F19BC526B}";"17/08/2026 03:52";"17/08/2026 03:52";"Pascal ZIMMER";"Pascal ZIMMER";"MIG-PAY-OBJ-20260905";"";"09/05/2026 05:31:41";"09/05/2026 05:24:32";"UserId:11";"UserId:11"
"60";"Espagne";"OBJ-GEO-PAY-ES";"Espagne";"Pays migré depuis ZZ - PAY - Pays | ID PAY-000054 | ISO2 ES | ISO3 ESP";"Non";"Oui";"PAY-000054";"ES";"Espagne";"Espagne";"ES";"ESP";"ND";"ISO 3166-2:ES";"";"ND";"ND";"ND";"ND";"ND";"ND";"ND";"ND";"ND";"ES";"Oui";"54";"Reconnu ONU / Observateur";"DemainSite V1.0.0 - base 195 pays reconnus";"";"";"17b4e602-a45b-43e3-b8dc-32e722361589";"54";"{62BA6F6E-18E0-484F-80A8-C45275B476E5}";"17/08/2026 03:52";"17/08/2026 03:52";"Pascal ZIMMER";"Pascal ZIMMER";"MIG-PAY-OBJ-20260905";"";"09/05/2026 05:31:41";"09/05/2026 05:24:33";"UserId:11";"UserId:11"
"61";"Estonie";"OBJ-GEO-PAY-EE";"Estonie";"Pays migré depuis ZZ - PAY - Pays | ID PAY-000055 | ISO2 EE | ISO3 EST";"Non";"Oui";"PAY-000055";"EE";"Estonie";"Estonie";"EE";"EST";"ND";"ISO 3166-2:EE";"";"ND";"ND";"ND";"ND";"ND";"ND";"ND";"ND";"ND";"EE";"Oui";"55";"Reconnu ONU / Observateur";"DemainSite V1.0.0 - base 195 pays reconnus";"";"";"17b4e602-a45b-43e3-b8dc-32e722361589";"55";"{5B77A5E9-1E77-4566-85B4-D01F08DD214D}";"17/08/2026 03:52";"17/08/2026 03:52";"Pascal ZIMMER";"Pascal ZIMMER";"MIG-PAY-OBJ-20260905";"";"09/05/2026 05:31:41";"09/05/2026 05:24:33";"UserId:11";"UserId:11"
"62";"Eswatini";"OBJ-GEO-PAY-SZ";"Eswatini";"Pays migré depuis ZZ - PAY - Pays | ID PAY-000056 | ISO2 SZ | ISO3 SWZ";"Non";"Oui";"PAY-000056";"SZ";"Eswatini";"Eswatini";"SZ";"SWZ";"ND";"ISO 3166-2:SZ";"";"ND";"ND";"ND";"ND";"ND";"ND";"ND";"ND";"ND";"SZ";"Oui";"56";"Reconnu ONU / Observateur";"DemainSite V1.0.0 - base 195 pays reconnus";"";"";"17b4e602-a45b-43e3-b8dc-32e722361589";"56";"{4CC517DB-E28B-4C7C-937B-3B9CEFFBB655}";"17/08/2026 03:52";"17/08/2026 03:52";"Pascal ZIMMER";"Pascal ZIMMER";"MIG-PAY-OBJ-20260905";"";"09/05/2026 05:31:41";"09/05/2026 05:24:33";"UserId:11";"UserId:11"
"63";"États-Unis";"OBJ-GEO-PAY-US";"États-Unis";"Pays migré depuis ZZ - PAY - Pays | ID PAY-000057 | ISO2 US | ISO3 USA";"Non";"Oui";"PAY-000057";"US";"États-Unis";"États-Unis";"US";"USA";"ND";"ISO 3166-2:US";"";"ND";"ND";"ND";"ND";"ND";"ND";"ND";"ND";"ND";"US";"Oui";"57";"Reconnu ONU / Observateur";"DemainSite V1.0.0 - base 195 pays reconnus";"";"";"17b4e602-a45b-43e3-b8dc-32e722361589";"57";"{B6C0A333-D7AD-4EA7-AE71-E8E960419DA6}";"17/08/2026 03:52";"17/08/2026 03:52";"Pascal ZIMMER";"Pascal ZIMMER";"MIG-PAY-OBJ-20260905";"";"09/05/2026 05:31:41";"09/05/2026 05:24:33";"UserId:11";"UserId:11"
"64";"Éthiopie";"OBJ-GEO-PAY-ET";"Éthiopie";"Pays migré depuis ZZ - PAY - Pays | ID PAY-000058 | ISO2 ET | ISO3 ETH";"Non";"Oui";"PAY-000058";"ET";"Éthiopie";"Éthiopie";"ET";"ETH";"ND";"ISO 3166-2:ET";"";"ND";"ND";"ND";"ND";"ND";"ND";"ND";"ND";"ND";"ET";"Oui";"58";"Reconnu ONU / Observateur";"DemainSite V1.0.0 - base 195 pays reconnus";"";"";"17b4e602-a45b-43e3-b8dc-32e722361589";"58";"{7C8059D3-D45E-4CE1-B6FD-E5D320EDA2E9}";"17/08/2026 03:52";"17/08/2026 03:52";"Pascal ZIMMER";"Pascal ZIMMER";"MIG-PAY-OBJ-20260905";"";"09/05/2026 05:31:42";"09/05/2026 05:24:33";"UserId:11";"UserId:11"
"65";"Fédération de Russie";"OBJ-GEO-PAY-RU";"Fédération de Russie";"Pays migré depuis ZZ - PAY - Pays | ID PAY-000059 | ISO2 RU | ISO3 RUS";"Non";"Oui";"PAY-000059";"RU";"Fédération de Russie";"Fédération de Russie";"RU";"RUS";"ND";"ISO 3166-2:RU";"";"ND";"ND";"ND";"ND";"ND";"ND";"ND";"ND";"ND";"RU";"Oui";"59";"Reconnu ONU / Observateur";"DemainSite V1.0.0 - base 195 pays reconnus";"";"";"17b4e602-a45b-43e3-b8dc-32e722361589";"59";"{DDB34E14-FB72-4D63-9DBC-B959451323B8}";"17/08/2026 03:52";"17/08/2026 03:52";"Pascal ZIMMER";"Pascal ZIMMER";"MIG-PAY-OBJ-20260905";"";"09/05/2026 05:31:42";"09/05/2026 05:24:33";"UserId:11";"UserId:11"
"66";"Fidji";"OBJ-GEO-PAY-FJ";"Fidji";"Pays migré depuis ZZ - PAY - Pays | ID PAY-000060 | ISO2 FJ | ISO3 FJI";"Non";"Oui";"PAY-000060";"FJ";"Fidji";"Fidji";"FJ";"FJI";"ND";"ISO 3166-2:FJ";"";"ND";"ND";"ND";"ND";"ND";"ND";"ND";"ND";"ND";"FJ";"Oui";"60";"Reconnu ONU / Observateur";"DemainSite V1.0.0 - base 195 pays reconnus";"";"";"17b4e602-a45b-43e3-b8dc-32e722361589";"60";"{1027D466-DA1E-47EA-8CA8-44B3EA19EAE3}";"17/08/2026 03:52";"17/08/2026 03:52";"Pascal ZIMMER";"Pascal ZIMMER";"MIG-PAY-OBJ-20260905";"";"09/05/2026 05:31:42";"09/05/2026 05:24:33";"UserId:11";"UserId:11"
"67";"Finlande";"OBJ-GEO-PAY-FI";"Finlande";"Pays migré depuis ZZ - PAY - Pays | ID PAY-000061 | ISO2 FI | ISO3 FIN";"Non";"Oui";"PAY-000061";"FI";"Finlande";"Finlande";"FI";"FIN";"ND";"ISO 3166-2:FI";"";"ND";"ND";"ND";"ND";"ND";"ND";"ND";"ND";"ND";"FI";"Oui";"61";"Reconnu ONU / Observateur";"DemainSite V1.0.0 - base 195 pays reconnus";"";"";"17b4e602-a45b-43e3-b8dc-32e722361589";"61";"{EFBA83DC-9ED3-40E4-9054-1A74FA66097B}";"17/08/2026 03:52";"17/08/2026 03:52";"Pascal ZIMMER";"Pascal ZIMMER";"MIG-PAY-OBJ-20260905";"";"09/05/2026 05:31:42";"09/05/2026 05:24:33";"UserId:11";"UserId:11"
"68";"France";"OBJ-GEO-PAY-FR";"France";"Pays migré depuis ZZ - PAY - Pays | ID PAY-000062 | ISO2 FR | ISO3 FRA";"Non";"Oui";"PAY-000062";"FR";"France";"France";"FR";"FRA";"ND";"ISO 3166-2:FR";"";"ND";"ND";"ND";"ND";"ND";"ND";"ND";"ND";"ND";"FR";"Oui";"62";"Reconnu ONU / Observateur";"DemainSite V1.0.0 - base 195 pays reconnus";"";"";"17b4e602-a45b-43e3-b8dc-32e722361589";"62";"{E5209BCC-52A9-42F5-9A78-5E24209019B5}";"17/08/2026 03:52";"17/08/2026 03:52";"Pascal ZIMMER";"Pascal ZIMMER";"MIG-PAY-OBJ-20260905";"";"09/05/2026 05:31:42";"09/05/2026 05:24:33";"UserId:11";"UserId:11"
"69";"Gabon";"OBJ-GEO-PAY-GA";"Gabon";"Pays migré depuis ZZ - PAY - Pays | ID PAY-000063 | ISO2 GA | ISO3 GAB";"Non";"Oui";"PAY-000063";"GA";"Gabon";"Gabon";"GA";"GAB";"ND";"ISO 3166-2:GA";"";"ND";"ND";"ND";"ND";"ND";"ND";"ND";"ND";"ND";"GA";"Oui";"63";"Reconnu ONU / Observateur";"DemainSite V1.0.0 - base 195 pays reconnus";"";"";"17b4e602-a45b-43e3-b8dc-32e722361589";"63";"{C59A97AE-1764-40FA-B388-6FB7CE68331A}";"17/08/2026 03:52";"17/08/2026 03:52";"Pascal ZIMMER";"Pascal ZIMMER";"MIG-PAY-OBJ-20260905";"";"09/05/2026 05:31:42";"09/05/2026 05:24:33";"UserId:11";"UserId:11"
"70";"Gambie";"OBJ-GEO-PAY-GM";"Gambie";"Pays migré depuis ZZ - PAY - Pays | ID PAY-000064 | ISO2 GM | ISO3 GMB";"Non";"Oui";"PAY-000064";"GM";"Gambie";"Gambie";"GM";"GMB";"ND";"ISO 3166-2:GM";"";"ND";"ND";"ND";"ND";"ND";"ND";"ND";"ND";"ND";"GM";"Oui";"64";"Reconnu ONU / Observateur";"DemainSite V1.0.0 - base 195 pays reconnus";"";"";"17b4e602-a45b-43e3-b8dc-32e722361589";"64";"{1963073A-E1E7-42B0-BF40-AEE1FE7F7CDD}";"17/08/2026 03:52";"17/08/2026 03:52";"Pascal ZIMMER";"Pascal ZIMMER";"MIG-PAY-OBJ-20260905";"";"09/05/2026 05:31:42";"09/05/2026 05:24:33";"UserId:11";"UserId:11"
"71";"Géorgie";"OBJ-GEO-PAY-GE";"Géorgie";"Pays migré depuis ZZ - PAY - Pays | ID PAY-000065 | ISO2 GE | ISO3 GEO";"Non";"Oui";"PAY-000065";"GE";"Géorgie";"Géorgie";"GE";"GEO";"ND";"ISO 3166-2:GE";"";"ND";"ND";"ND";"ND";"ND";"ND";"ND";"ND";"ND";"GE";"Oui";"65";"Reconnu ONU / Observateur";"DemainSite V1.0.0 - base 195 pays reconnus";"";"";"17b4e602-a45b-43e3-b8dc-32e722361589";"65";"{A28DA0BE-8D30-442D-ADC4-E3C32B37C1B3}";"17/08/2026 03:52";"17/08/2026 03:52";"Pascal ZIMMER";"Pascal ZIMMER";"MIG-PAY-OBJ-20260905";"";"09/05/2026 05:31:43";"09/05/2026 05:24:33";"UserId:11";"UserId:11"
"72";"Ghana";"OBJ-GEO-PAY-GH";"Ghana";"Pays migré depuis ZZ - PAY - Pays | ID PAY-000066 | ISO2 GH | ISO3 GHA";"Non";"Oui";"PAY-000066";"GH";"Ghana";"Ghana";"GH";"GHA";"ND";"ISO 3166-2:GH";"";"ND";"ND";"ND";"ND";"ND";"ND";"ND";"ND";"ND";"GH";"Oui";"66";"Reconnu ONU / Observateur";"DemainSite V1.0.0 - base 195 pays reconnus";"";"";"17b4e602-a45b-43e3-b8dc-32e722361589";"66";"{089CE5C0-DCDA-4207-BB8A-7E6C55300528}";"17/08/2026 03:52";"17/08/2026 03:52";"Pascal ZIMMER";"Pascal ZIMMER";"MIG-PAY-OBJ-20260905";"";"09/05/2026 05:31:43";"09/05/2026 05:24:34";"UserId:11";"UserId:11"
"73";"Grèce";"OBJ-GEO-PAY-GR";"Grèce";"Pays migré depuis ZZ - PAY - Pays | ID PAY-000067 | ISO2 GR | ISO3 GRC";"Non";"Oui";"PAY-000067";"GR";"Grèce";"Grèce";"GR";"GRC";"ND";"ISO 3166-2:GR";"";"ND";"ND";"ND";"ND";"ND";"ND";"ND";"ND";"ND";"GR";"Oui";"67";"Reconnu ONU / Observateur";"DemainSite V1.0.0 - base 195 pays reconnus";"";"";"17b4e602-a45b-43e3-b8dc-32e722361589";"67";"{67B426F4-8300-49E1-8ED2-21C22C84F537}";"17/08/2026 03:52";"17/08/2026 03:52";"Pascal ZIMMER";"Pascal ZIMMER";"MIG-PAY-OBJ-20260905";"";"09/05/2026 05:31:43";"09/05/2026 05:24:34";"UserId:11";"UserId:11"
"74";"Grenade";"OBJ-GEO-PAY-GD";"Grenade";"Pays migré depuis ZZ - PAY - Pays | ID PAY-000068 | ISO2 GD | ISO3 GRD";"Non";"Oui";"PAY-000068";"GD";"Grenade";"Grenade";"GD";"GRD";"ND";"ISO 3166-2:GD";"";"ND";"ND";"ND";"ND";"ND";"ND";"ND";"ND";"ND";"GD";"Oui";"68";"Reconnu ONU / Observateur";"DemainSite V1.0.0 - base 195 pays reconnus";"";"";"17b4e602-a45b-43e3-b8dc-32e722361589";"68";"{6FF8DC5B-B6D1-4856-8021-5A6450205663}";"17/08/2026 03:52";"17/08/2026 03:52";"Pascal ZIMMER";"Pascal ZIMMER";"MIG-PAY-OBJ-20260905";"";"09/05/2026 05:31:43";"09/05/2026 05:24:34";"UserId:11";"UserId:11"
"75";"Guatemala";"OBJ-GEO-PAY-GT";"Guatemala";"Pays migré depuis ZZ - PAY - Pays | ID PAY-000069 | ISO2 GT | ISO3 GTM";"Non";"Oui";"PAY-000069";"GT";"Guatemala";"Guatemala";"GT";"GTM";"ND";"ISO 3166-2:GT";"";"ND";"ND";"ND";"ND";"ND";"ND";"ND";"ND";"ND";"GT";"Oui";"69";"Reconnu ONU / Observateur";"DemainSite V1.0.0 - base 195 pays reconnus";"";"";"17b4e602-a45b-43e3-b8dc-32e722361589";"69";"{4BB3FF67-C795-4CC0-87C6-EF1DAF140B31}";"17/08/2026 03:52";"17/08/2026 03:52";"Pascal ZIMMER";"Pascal ZIMMER";"MIG-PAY-OBJ-20260905";"";"09/05/2026 05:31:43";"09/05/2026 05:24:34";"UserId:11";"UserId:11"
"76";"Guinée";"OBJ-GEO-PAY-GN";"Guinée";"Pays migré depuis ZZ - PAY - Pays | ID PAY-000070 | ISO2 GN | ISO3 GIN";"Non";"Oui";"PAY-000070";"GN";"Guinée";"Guinée";"GN";"GIN";"ND";"ISO 3166-2:GN";"";"ND";"ND";"ND";"ND";"ND";"ND";"ND";"ND";"ND";"GN";"Oui";"70";"Reconnu ONU / Observateur";"DemainSite V1.0.0 - base 195 pays reconnus";"";"";"17b4e602-a45b-43e3-b8dc-32e722361589";"70";"{175B0A27-89D1-4572-9FEB-F6C0BCC05CF1}";"17/08/2026 03:52";"17/08/2026 03:52";"Pascal ZIMMER";"Pascal ZIMMER";"MIG-PAY-OBJ-20260905";"";"09/05/2026 05:31:43";"09/05/2026 05:24:34";"UserId:11";"UserId:11"
"77";"Guinée-Bissau";"OBJ-GEO-PAY-GW";"Guinée-Bissau";"Pays migré depuis ZZ - PAY - Pays | ID PAY-000071 | ISO2 GW | ISO3 GNB";"Non";"Oui";"PAY-000071";"GW";"Guinée-Bissau";"Guinée-Bissau";"GW";"GNB";"ND";"ISO 3166-2:GW";"";"ND";"ND";"ND";"ND";"ND";"ND";"ND";"ND";"ND";"GW";"Oui";"71";"Reconnu ONU / Observateur";"DemainSite V1.0.0 - base 195 pays reconnus";"";"";"17b4e602-a45b-43e3-b8dc-32e722361589";"71";"{B200F226-4B8C-4997-BA2D-08E87EDD4707}";"17/08/2026 03:52";"17/08/2026 03:52";"Pascal ZIMMER";"Pascal ZIMMER";"MIG-PAY-OBJ-20260905";"";"09/05/2026 05:31:43";"09/05/2026 05:24:34";"UserId:11";"UserId:11"
"78";"Guinée équatoriale";"OBJ-GEO-PAY-GQ";"Guinée équatoriale";"Pays migré depuis ZZ - PAY - Pays | ID PAY-000072 | ISO2 GQ | ISO3 GNQ";"Non";"Oui";"PAY-000072";"GQ";"Guinée équatoriale";"Guinée équatoriale";"GQ";"GNQ";"ND";"ISO 3166-2:GQ";"";"ND";"ND";"ND";"ND";"ND";"ND";"ND";"ND";"ND";"GQ";"Oui";"72";"Reconnu ONU / Observateur";"DemainSite V1.0.0 - base 195 pays reconnus";"";"";"17b4e602-a45b-43e3-b8dc-32e722361589";"72";"{E1DE95E4-6FA3-4DC4-8F44-7D3DC6563E12}";"17/08/2026 03:52";"17/08/2026 03:52";"Pascal ZIMMER";"Pascal ZIMMER";"MIG-PAY-OBJ-20260905";"";"09/05/2026 05:31:44";"09/05/2026 05:24:34";"UserId:11";"UserId:11"
"79";"Guyana";"OBJ-GEO-PAY-GY";"Guyana";"Pays migré depuis ZZ - PAY - Pays | ID PAY-000073 | ISO2 GY | ISO3 GUY";"Non";"Oui";"PAY-000073";"GY";"Guyana";"Guyana";"GY";"GUY";"ND";"ISO 3166-2:GY";"";"ND";"ND";"ND";"ND";"ND";"ND";"ND";"ND";"ND";"GY";"Oui";"73";"Reconnu ONU / Observateur";"DemainSite V1.0.0 - base 195 pays reconnus";"";"";"17b4e602-a45b-43e3-b8dc-32e722361589";"73";"{32E9ACD9-AC10-4BE5-9091-B12FAB255917}";"17/08/2026 03:52";"17/08/2026 03:52";"Pascal ZIMMER";"Pascal ZIMMER";"MIG-PAY-OBJ-20260905";"";"09/05/2026 05:31:44";"09/05/2026 05:24:34";"UserId:11";"UserId:11"
"80";"Haïti";"OBJ-GEO-PAY-HT";"Haïti";"Pays migré depuis ZZ - PAY - Pays | ID PAY-000074 | ISO2 HT | ISO3 HTI";"Non";"Oui";"PAY-000074";"HT";"Haïti";"Haïti";"HT";"HTI";"ND";"ISO 3166-2:HT";"";"ND";"ND";"ND";"ND";"ND";"ND";"ND";"ND";"ND";"HT";"Oui";"74";"Reconnu ONU / Observateur";"DemainSite V1.0.0 - base 195 pays reconnus";"";"";"17b4e602-a45b-43e3-b8dc-32e722361589";"74";"{839FCA04-14BA-4F1B-AE8D-DBA6D36146F8}";"17/08/2026 03:52";"17/08/2026 03:52";"Pascal ZIMMER";"Pascal ZIMMER";"MIG-PAY-OBJ-20260905";"";"09/05/2026 05:31:44";"09/05/2026 05:24:34";"UserId:11";"UserId:11"
"81";"Honduras";"OBJ-GEO-PAY-HN";"Honduras";"Pays migré depuis ZZ - PAY - Pays | ID PAY-000075 | ISO2 HN | ISO3 HND";"Non";"Oui";"PAY-000075";"HN";"Honduras";"Honduras";"HN";"HND";"ND";"ISO 3166-2:HN";"";"ND";"ND";"ND";"ND";"ND";"ND";"ND";"ND";"ND";"HN";"Oui";"75";"Reconnu ONU / Observateur";"DemainSite V1.0.0 - base 195 pays reconnus";"";"";"17b4e602-a45b-43e3-b8dc-32e722361589";"75";"{1CEDA2F3-6C1B-4A59-BDE5-6E25892249EB}";"17/08/2026 03:52";"17/08/2026 03:52";"Pascal ZIMMER";"Pascal ZIMMER";"MIG-PAY-OBJ-20260905";"";"09/05/2026 05:31:44";"09/05/2026 05:24:34";"UserId:11";"UserId:11"
"82";"Hongrie";"OBJ-GEO-PAY-HU";"Hongrie";"Pays migré depuis ZZ - PAY - Pays | ID PAY-000076 | ISO2 HU | ISO3 HUN";"Non";"Oui";"PAY-000076";"HU";"Hongrie";"Hongrie";"HU";"HUN";"ND";"ISO 3166-2:HU";"";"ND";"ND";"ND";"ND";"ND";"ND";"ND";"ND";"ND";"HU";"Oui";"76";"Reconnu ONU / Observateur";"DemainSite V1.0.0 - base 195 pays reconnus";"";"";"17b4e602-a45b-43e3-b8dc-32e722361589";"76";"{DC9097D6-7722-422F-A370-A8107FA09B58}";"17/08/2026 03:52";"17/08/2026 03:52";"Pascal ZIMMER";"Pascal ZIMMER";"MIG-PAY-OBJ-20260905";"";"09/05/2026 05:31:44";"09/05/2026 05:24:34";"UserId:11";"UserId:11"
"83";"Îles Marshall";"OBJ-GEO-PAY-MH";"Îles Marshall";"Pays migré depuis ZZ - PAY - Pays | ID PAY-000077 | ISO2 MH | ISO3 MHL";"Non";"Oui";"PAY-000077";"MH";"Îles Marshall";"Îles Marshall";"MH";"MHL";"ND";"ISO 3166-2:MH";"";"ND";"ND";"ND";"ND";"ND";"ND";"ND";"ND";"ND";"MH";"Oui";"77";"Reconnu ONU / Observateur";"DemainSite V1.0.0 - base 195 pays reconnus";"";"";"17b4e602-a45b-43e3-b8dc-32e722361589";"77";"{C20697E8-BE91-4CC2-B8D6-BDB9102ACB9B}";"17/08/2026 03:52";"17/08/2026 03:52";"Pascal ZIMMER";"Pascal ZIMMER";"MIG-PAY-OBJ-20260905";"";"09/05/2026 05:31:44";"09/05/2026 05:24:34";"UserId:11";"UserId:11"
"84";"Îles Salomon";"OBJ-GEO-PAY-SB";"Îles Salomon";"Pays migré depuis ZZ - PAY - Pays | ID PAY-000078 | ISO2 SB | ISO3 SLB";"Non";"Oui";"PAY-000078";"SB";"Îles Salomon";"Îles Salomon";"SB";"SLB";"ND";"ISO 3166-2:SB";"";"ND";"ND";"ND";"ND";"ND";"ND";"ND";"ND";"ND";"SB";"Oui";"78";"Reconnu ONU / Observateur";"DemainSite V1.0.0 - base 195 pays reconnus";"";"";"17b4e602-a45b-43e3-b8dc-32e722361589";"78";"{D39CEBA5-3D64-4397-8BF1-723C7A7C1DCA}";"17/08/2026 03:52";"17/08/2026 03:52";"Pascal ZIMMER";"Pascal ZIMMER";"MIG-PAY-OBJ-20260905";"";"09/05/2026 05:31:45";"09/05/2026 05:24:34";"UserId:11";"UserId:11"
"85";"Inde";"OBJ-GEO-PAY-IN";"Inde";"Pays migré depuis ZZ - PAY - Pays | ID PAY-000079 | ISO2 IN | ISO3 IND";"Non";"Oui";"PAY-000079";"IN";"Inde";"Inde";"IN";"IND";"ND";"ISO 3166-2:IN";"";"ND";"ND";"ND";"ND";"ND";"ND";"ND";"ND";"ND";"IN";"Oui";"79";"Reconnu ONU / Observateur";"DemainSite V1.0.0 - base 195 pays reconnus";"";"";"17b4e602-a45b-43e3-b8dc-32e722361589";"79";"{72295C7D-40B7-4C20-A8A6-B81E20BE604D}";"17/08/2026 03:52";"17/08/2026 03:52";"Pascal ZIMMER";"Pascal ZIMMER";"MIG-PAY-OBJ-20260905";"";"09/05/2026 05:31:45";"09/05/2026 05:24:35";"UserId:11";"UserId:11"
"86";"Indonésie";"OBJ-GEO-PAY-ID";"Indonésie";"Pays migré depuis ZZ - PAY - Pays | ID PAY-000080 | ISO2 ID | ISO3 IDN";"Non";"Oui";"PAY-000080";"ID";"Indonésie";"Indonésie";"ID";"IDN";"ND";"ISO 3166-2:ID";"";"ND";"ND";"ND";"ND";"ND";"ND";"ND";"ND";"ND";"ID";"Oui";"80";"Reconnu ONU / Observateur";"DemainSite V1.0.0 - base 195 pays reconnus";"";"";"17b4e602-a45b-43e3-b8dc-32e722361589";"80";"{27196688-39E4-40D1-9426-455B79D00BD7}";"17/08/2026 03:52";"17/08/2026 03:52";"Pascal ZIMMER";"Pascal ZIMMER";"MIG-PAY-OBJ-20260905";"";"09/05/2026 05:31:45";"09/05/2026 05:24:35";"UserId:11";"UserId:11"
"87";"Iran";"OBJ-GEO-PAY-IR";"Iran";"Pays migré depuis ZZ - PAY - Pays | ID PAY-000081 | ISO2 IR | ISO3 IRN";"Non";"Oui";"PAY-000081";"IR";"Iran";"Iran";"IR";"IRN";"ND";"ISO 3166-2:IR";"";"ND";"ND";"ND";"ND";"ND";"ND";"ND";"ND";"ND";"IR";"Oui";"81";"Reconnu ONU / Observateur";"DemainSite V1.0.0 - base 195 pays reconnus";"";"";"17b4e602-a45b-43e3-b8dc-32e722361589";"81";"{4D21187A-108A-49BA-BD34-FD547A6E8679}";"17/08/2026 03:52";"17/08/2026 03:52";"Pascal ZIMMER";"Pascal ZIMMER";"MIG-PAY-OBJ-20260905";"";"09/05/2026 05:31:45";"09/05/2026 05:24:35";"UserId:11";"UserId:11"
"88";"Iraq";"OBJ-GEO-PAY-IQ";"Iraq";"Pays migré depuis ZZ - PAY - Pays | ID PAY-000082 | ISO2 IQ | ISO3 IRQ";"Non";"Oui";"PAY-000082";"IQ";"Iraq";"Iraq";"IQ";"IRQ";"ND";"ISO 3166-2:IQ";"";"ND";"ND";"ND";"ND";"ND";"ND";"ND";"ND";"ND";"IQ";"Oui";"82";"Reconnu ONU / Observateur";"DemainSite V1.0.0 - base 195 pays reconnus";"";"";"17b4e602-a45b-43e3-b8dc-32e722361589";"82";"{6C87B53B-6E11-47A0-BD0F-58B3BD3035CC}";"17/08/2026 03:52";"17/08/2026 03:52";"Pascal ZIMMER";"Pascal ZIMMER";"MIG-PAY-OBJ-20260905";"";"09/05/2026 05:31:45";"09/05/2026 05:24:35";"UserId:11";"UserId:11"
"89";"Irlande";"OBJ-GEO-PAY-IE";"Irlande";"Pays migré depuis ZZ - PAY - Pays | ID PAY-000083 | ISO2 IE | ISO3 IRL";"Non";"Oui";"PAY-000083";"IE";"Irlande";"Irlande";"IE";"IRL";"ND";"ISO 3166-2:IE";"";"ND";"ND";"ND";"ND";"ND";"ND";"ND";"ND";"ND";"IE";"Oui";"83";"Reconnu ONU / Observateur";"DemainSite V1.0.0 - base 195 pays reconnus";"";"";"17b4e602-a45b-43e3-b8dc-32e722361589";"83";"{B9676B4D-3CCA-48D8-B03F-90500B1CC7D0}";"17/08/2026 03:52";"17/08/2026 03:52";"Pascal ZIMMER";"Pascal ZIMMER";"MIG-PAY-OBJ-20260905";"";"09/05/2026 05:31:45";"09/05/2026 05:24:35";"UserId:11";"UserId:11"
"90";"Islande";"OBJ-GEO-PAY-IS";"Islande";"Pays migré depuis ZZ - PAY - Pays | ID PAY-000084 | ISO2 IS | ISO3 ISL";"Non";"Oui";"PAY-000084";"IS";"Islande";"Islande";"IS";"ISL";"ND";"ISO 3166-2:IS";"";"ND";"ND";"ND";"ND";"ND";"ND";"ND";"ND";"ND";"IS";"Oui";"84";"Reconnu ONU / Observateur";"DemainSite V1.0.0 - base 195 pays reconnus";"";"";"17b4e602-a45b-43e3-b8dc-32e722361589";"84";"{AA1EB87B-3609-4DDE-B7CB-AF5076D98A83}";"17/08/2026 03:52";"17/08/2026 03:52";"Pascal ZIMMER";"Pascal ZIMMER";"MIG-PAY-OBJ-20260905";"";"09/05/2026 05:31:46";"09/05/2026 05:24:35";"UserId:11";"UserId:11"
"91";"Israël";"OBJ-GEO-PAY-IL";"Israël";"Pays migré depuis ZZ - PAY - Pays | ID PAY-000085 | ISO2 IL | ISO3 ISR";"Non";"Oui";"PAY-000085";"IL";"Israël";"Israël";"IL";"ISR";"ND";"ISO 3166-2:IL";"";"ND";"ND";"ND";"ND";"ND";"ND";"ND";"ND";"ND";"IL";"Oui";"85";"Reconnu ONU / Observateur";"DemainSite V1.0.0 - base 195 pays reconnus";"";"";"17b4e602-a45b-43e3-b8dc-32e722361589";"85";"{F5D76390-C1D3-4A4A-BDDD-9ACA46D8B858}";"17/08/2026 03:52";"17/08/2026 03:52";"Pascal ZIMMER";"Pascal ZIMMER";"MIG-PAY-OBJ-20260905";"";"09/05/2026 05:31:46";"09/05/2026 05:24:35";"UserId:11";"UserId:11"
"92";"Italie";"OBJ-GEO-PAY-IT";"Italie";"Pays migré depuis ZZ - PAY - Pays | ID PAY-000086 | ISO2 IT | ISO3 ITA";"Non";"Oui";"PAY-000086";"IT";"Italie";"Italie";"IT";"ITA";"ND";"ISO 3166-2:IT";"";"ND";"ND";"ND";"ND";"ND";"ND";"ND";"ND";"ND";"IT";"Oui";"86";"Reconnu ONU / Observateur";"DemainSite V1.0.0 - base 195 pays reconnus";"";"";"17b4e602-a45b-43e3-b8dc-32e722361589";"86";"{E29836E2-8595-4CF6-8D20-FC2DFAB5D4D2}";"17/08/2026 03:52";"17/08/2026 03:52";"Pascal ZIMMER";"Pascal ZIMMER";"MIG-PAY-OBJ-20260905";"";"09/05/2026 05:31:46";"09/05/2026 05:24:35";"UserId:11";"UserId:11"
"93";"Jamaïque";"OBJ-GEO-PAY-JM";"Jamaïque";"Pays migré depuis ZZ - PAY - Pays | ID PAY-000087 | ISO2 JM | ISO3 JAM";"Non";"Oui";"PAY-000087";"JM";"Jamaïque";"Jamaïque";"JM";"JAM";"ND";"ISO 3166-2:JM";"";"ND";"ND";"ND";"ND";"ND";"ND";"ND";"ND";"ND";"JM";"Oui";"87";"Reconnu ONU / Observateur";"DemainSite V1.0.0 - base 195 pays reconnus";"";"";"17b4e602-a45b-43e3-b8dc-32e722361589";"87";"{1E535758-21B0-4776-A2E0-54CDD2C95B2B}";"17/08/2026 03:52";"17/08/2026 03:52";"Pascal ZIMMER";"Pascal ZIMMER";"MIG-PAY-OBJ-20260905";"";"09/05/2026 05:31:46";"09/05/2026 05:24:35";"UserId:11";"UserId:11"
"94";"Japon";"OBJ-GEO-PAY-JP";"Japon";"Pays migré depuis ZZ - PAY - Pays | ID PAY-000088 | ISO2 JP | ISO3 JPN";"Non";"Oui";"PAY-000088";"JP";"Japon";"Japon";"JP";"JPN";"ND";"ISO 3166-2:JP";"";"ND";"ND";"ND";"ND";"ND";"ND";"ND";"ND";"ND";"JP";"Oui";"88";"Reconnu ONU / Observateur";"DemainSite V1.0.0 - base 195 pays reconnus";"";"";"17b4e602-a45b-43e3-b8dc-32e722361589";"88";"{4A11FBE7-6E29-48E7-815B-E0280FE767DE}";"17/08/2026 03:52";"17/08/2026 03:52";"Pascal ZIMMER";"Pascal ZIMMER";"MIG-PAY-OBJ-20260905";"";"09/05/2026 05:31:46";"09/05/2026 05:24:35";"UserId:11";"UserId:11"
"95";"Jordanie";"OBJ-GEO-PAY-JO";"Jordanie";"Pays migré depuis ZZ - PAY - Pays | ID PAY-000089 | ISO2 JO | ISO3 JOR";"Non";"Oui";"PAY-000089";"JO";"Jordanie";"Jordanie";"JO";"JOR";"ND";"ISO 3166-2:JO";"";"ND";"ND";"ND";"ND";"ND";"ND";"ND";"ND";"ND";"JO";"Oui";"89";"Reconnu ONU / Observateur";"DemainSite V1.0.0 - base 195 pays reconnus";"";"";"17b4e602-a45b-43e3-b8dc-32e722361589";"89";"{33F421EE-C3A7-459F-8F84-6BB2E837A415}";"17/08/2026 03:52";"17/08/2026 03:52";"Pascal ZIMMER";"Pascal ZIMMER";"MIG-PAY-OBJ-20260905";"";"09/05/2026 05:31:46";"09/05/2026 05:24:35";"UserId:11";"UserId:11"
"96";"Kazakhstan";"OBJ-GEO-PAY-KZ";"Kazakhstan";"Pays migré depuis ZZ - PAY - Pays | ID PAY-000090 | ISO2 KZ | ISO3 KAZ";"Non";"Oui";"PAY-000090";"KZ";"Kazakhstan";"Kazakhstan";"KZ";"KAZ";"ND";"ISO 3166-2:KZ";"";"ND";"ND";"ND";"ND";"ND";"ND";"ND";"ND";"ND";"KZ";"Oui";"90";"Reconnu ONU / Observateur";"DemainSite V1.0.0 - base 195 pays reconnus";"";"";"17b4e602-a45b-43e3-b8dc-32e722361589";"90";"{F226EE45-E5C8-4A77-A968-1570A79F2CD7}";"17/08/2026 03:52";"17/08/2026 03:52";"Pascal ZIMMER";"Pascal ZIMMER";"MIG-PAY-OBJ-20260905";"";"09/05/2026 05:31:46";"09/05/2026 05:24:36";"UserId:11";"UserId:11"
"97";"Kenya";"OBJ-GEO-PAY-KE";"Kenya";"Pays migré depuis ZZ - PAY - Pays | ID PAY-000091 | ISO2 KE | ISO3 KEN";"Non";"Oui";"PAY-000091";"KE";"Kenya";"Kenya";"KE";"KEN";"ND";"ISO 3166-2:KE";"";"ND";"ND";"ND";"ND";"ND";"ND";"ND";"ND";"ND";"KE";"Oui";"91";"Reconnu ONU / Observateur";"DemainSite V1.0.0 - base 195 pays reconnus";"";"";"17b4e602-a45b-43e3-b8dc-32e722361589";"91";"{2187E2D4-580F-4ED9-A4F7-3A4E98357D4C}";"17/08/2026 03:52";"17/08/2026 03:52";"Pascal ZIMMER";"Pascal ZIMMER";"MIG-PAY-OBJ-20260905";"";"09/05/2026 05:31:47";"09/05/2026 05:24:36";"UserId:11";"UserId:11"
"98";"Kirghizistan";"OBJ-GEO-PAY-KG";"Kirghizistan";"Pays migré depuis ZZ - PAY - Pays | ID PAY-000092 | ISO2 KG | ISO3 KGZ";"Non";"Oui";"PAY-000092";"KG";"Kirghizistan";"Kirghizistan";"KG";"KGZ";"ND";"ISO 3166-2:KG";"";"ND";"ND";"ND";"ND";"ND";"ND";"ND";"ND";"ND";"KG";"Oui";"92";"Reconnu ONU / Observateur";"DemainSite V1.0.0 - base 195 pays reconnus";"";"";"17b4e602-a45b-43e3-b8dc-32e722361589";"92";"{FDDF50FE-7902-4195-B9C7-3852AE5041C3}";"17/08/2026 03:52";"17/08/2026 03:52";"Pascal ZIMMER";"Pascal ZIMMER";"MIG-PAY-OBJ-20260905";"";"09/05/2026 05:31:47";"09/05/2026 05:24:36";"UserId:11";"UserId:11"
"99";"Kiribati";"OBJ-GEO-PAY-KI";"Kiribati";"Pays migré depuis ZZ - PAY - Pays | ID PAY-000093 | ISO2 KI | ISO3 KIR";"Non";"Oui";"PAY-000093";"KI";"Kiribati";"Kiribati";"KI";"KIR";"ND";"ISO 3166-2:KI";"";"ND";"ND";"ND";"ND";"ND";"ND";"ND";"ND";"ND";"KI";"Oui";"93";"Reconnu ONU / Observateur";"DemainSite V1.0.0 - base 195 pays reconnus";"";"";"17b4e602-a45b-43e3-b8dc-32e722361589";"93";"{48C1CBF8-E3DE-4A65-91C1-7E0C1F76DCA6}";"17/08/2026 03:52";"17/08/2026 03:52";"Pascal ZIMMER";"Pascal ZIMMER";"MIG-PAY-OBJ-20260905";"";"09/05/2026 05:31:47";"09/05/2026 05:24:36";"UserId:11";"UserId:11"
"100";"Koweït";"OBJ-GEO-PAY-KW";"Koweït";"Pays migré depuis ZZ - PAY - Pays | ID PAY-000094 | ISO2 KW | ISO3 KWT";"Non";"Oui";"PAY-000094";"KW";"Koweït";"Koweït";"KW";"KWT";"ND";"ISO 3166-2:KW";"";"ND";"ND";"ND";"ND";"ND";"ND";"ND";"ND";"ND";"KW";"Oui";"94";"Reconnu ONU / Observateur";"DemainSite V1.0.0 - base 195 pays reconnus";"";"";"17b4e602-a45b-43e3-b8dc-32e722361589";"94";"{F53C181B-AA11-4688-9113-497AAF6352BC}";"17/08/2026 03:52";"17/08/2026 03:52";"Pascal ZIMMER";"Pascal ZIMMER";"MIG-PAY-OBJ-20260905";"";"09/05/2026 05:31:47";"09/05/2026 05:24:36";"UserId:11";"UserId:11"
"101";"Lesotho";"OBJ-GEO-PAY-LS";"Lesotho";"Pays migré depuis ZZ - PAY - Pays | ID PAY-000095 | ISO2 LS | ISO3 LSO";"Non";"Oui";"PAY-000095";"LS";"Lesotho";"Lesotho";"LS";"LSO";"ND";"ISO 3166-2:LS";"";"ND";"ND";"ND";"ND";"ND";"ND";"ND";"ND";"ND";"LS";"Oui";"95";"Reconnu ONU / Observateur";"DemainSite V1.0.0 - base 195 pays reconnus";"";"";"17b4e602-a45b-43e3-b8dc-32e722361589";"95";"{9488C04F-5B30-4CFE-8D14-63F182DDD0E3}";"17/08/2026 03:52";"17/08/2026 03:52";"Pascal ZIMMER";"Pascal ZIMMER";"MIG-PAY-OBJ-20260905";"";"09/05/2026 05:31:47";"09/05/2026 05:24:36";"UserId:11";"UserId:11"
"102";"Lettonie";"OBJ-GEO-PAY-LV";"Lettonie";"Pays migré depuis ZZ - PAY - Pays | ID PAY-000096 | ISO2 LV | ISO3 LVA";"Non";"Oui";"PAY-000096";"LV";"Lettonie";"Lettonie";"LV";"LVA";"ND";"ISO 3166-2:LV";"";"ND";"ND";"ND";"ND";"ND";"ND";"ND";"ND";"ND";"LV";"Oui";"96";"Reconnu ONU / Observateur";"DemainSite V1.0.0 - base 195 pays reconnus";"";"";"17b4e602-a45b-43e3-b8dc-32e722361589";"96";"{7403B611-90B0-4863-8403-C29BB55D4A2D}";"17/08/2026 03:52";"17/08/2026 03:52";"Pascal ZIMMER";"Pascal ZIMMER";"MIG-PAY-OBJ-20260905";"";"09/05/2026 05:31:47";"09/05/2026 05:24:36";"UserId:11";"UserId:11"
"103";"Liban";"OBJ-GEO-PAY-LB";"Liban";"Pays migré depuis ZZ - PAY - Pays | ID PAY-000097 | ISO2 LB | ISO3 LBN";"Non";"Oui";"PAY-000097";"LB";"Liban";"Liban";"LB";"LBN";"ND";"ISO 3166-2:LB";"";"ND";"ND";"ND";"ND";"ND";"ND";"ND";"ND";"ND";"LB";"Oui";"97";"Reconnu ONU / Observateur";"DemainSite V1.0.0 - base 195 pays reconnus";"";"";"17b4e602-a45b-43e3-b8dc-32e722361589";"97";"{DD3C5138-2396-46D6-A63C-679D37DE2ED4}";"17/08/2026 03:52";"17/08/2026 03:52";"Pascal ZIMMER";"Pascal ZIMMER";"MIG-PAY-OBJ-20260905";"";"09/05/2026 05:31:48";"09/05/2026 05:24:36";"UserId:11";"UserId:11"
"104";"Libéria";"OBJ-GEO-PAY-LR";"Libéria";"Pays migré depuis ZZ - PAY - Pays | ID PAY-000098 | ISO2 LR | ISO3 LBR";"Non";"Oui";"PAY-000098";"LR";"Libéria";"Libéria";"LR";"LBR";"ND";"ISO 3166-2:LR";"";"ND";"ND";"ND";"ND";"ND";"ND";"ND";"ND";"ND";"LR";"Oui";"98";"Reconnu ONU / Observateur";"DemainSite V1.0.0 - base 195 pays reconnus";"";"";"17b4e602-a45b-43e3-b8dc-32e722361589";"98";"{DC21AC42-0606-441F-A203-2F5A0AA8738E}";"17/08/2026 03:52";"17/08/2026 03:52";"Pascal ZIMMER";"Pascal ZIMMER";"MIG-PAY-OBJ-20260905";"";"09/05/2026 05:31:48";"09/05/2026 05:24:36";"UserId:11";"UserId:11"
"105";"Libye";"OBJ-GEO-PAY-LY";"Libye";"Pays migré depuis ZZ - PAY - Pays | ID PAY-000099 | ISO2 LY | ISO3 LBY";"Non";"Oui";"PAY-000099";"LY";"Libye";"Libye";"LY";"LBY";"ND";"ISO 3166-2:LY";"";"ND";"ND";"ND";"ND";"ND";"ND";"ND";"ND";"ND";"LY";"Oui";"99";"Reconnu ONU / Observateur";"DemainSite V1.0.0 - base 195 pays reconnus";"";"";"17b4e602-a45b-43e3-b8dc-32e722361589";"99";"{8B37E14A-CB35-49CB-BCE9-C4BA09988CDA}";"17/08/2026 03:53";"17/08/2026 03:53";"Pascal ZIMMER";"Pascal ZIMMER";"MIG-PAY-OBJ-20260905";"";"09/05/2026 05:31:48";"09/05/2026 05:24:36";"UserId:11";"UserId:11"
"106";"Liechtenstein";"OBJ-GEO-PAY-LI";"Liechtenstein";"Pays migré depuis ZZ - PAY - Pays | ID PAY-000100 | ISO2 LI | ISO3 LIE";"Non";"Oui";"PAY-000100";"LI";"Liechtenstein";"Liechtenstein";"LI";"LIE";"ND";"ISO 3166-2:LI";"";"ND";"ND";"ND";"ND";"ND";"ND";"ND";"ND";"ND";"LI";"Oui";"100";"Reconnu ONU / Observateur";"DemainSite V1.0.0 - base 195 pays reconnus";"";"";"17b4e602-a45b-43e3-b8dc-32e722361589";"100";"{BF0D9668-8E66-4659-A376-FEA4526B65AD}";"17/08/2026 03:53";"17/08/2026 03:53";"Pascal ZIMMER";"Pascal ZIMMER";"MIG-PAY-OBJ-20260905";"";"09/05/2026 05:31:48";"09/05/2026 05:24:36";"UserId:11";"UserId:11"
"107";"Lituanie";"OBJ-GEO-PAY-LT";"Lituanie";"Pays migré depuis ZZ - PAY - Pays | ID PAY-000101 | ISO2 LT | ISO3 LTU";"Non";"Oui";"PAY-000101";"LT";"Lituanie";"Lituanie";"LT";"LTU";"ND";"ISO 3166-2:LT";"";"ND";"ND";"ND";"ND";"ND";"ND";"ND";"ND";"ND";"LT";"Oui";"101";"Reconnu ONU / Observateur";"DemainSite V1.0.0 - base 195 pays reconnus";"";"";"17b4e602-a45b-43e3-b8dc-32e722361589";"101";"{B0BF45E1-98D5-483B-8274-AE83F64BCBDA}";"17/08/2026 03:53";"17/08/2026 03:53";"Pascal ZIMMER";"Pascal ZIMMER";"MIG-PAY-OBJ-20260905";"";"09/05/2026 05:31:48";"09/05/2026 05:24:54";"UserId:11";"UserId:11"
"108";"Luxembourg";"OBJ-GEO-PAY-LU";"Luxembourg";"Pays migré depuis ZZ - PAY - Pays | ID PAY-000102 | ISO2 LU | ISO3 LUX";"Non";"Oui";"PAY-000102";"LU";"Luxembourg";"Luxembourg";"LU";"LUX";"ND";"ISO 3166-2:LU";"";"ND";"ND";"ND";"ND";"ND";"ND";"ND";"ND";"ND";"LU";"Oui";"102";"Reconnu ONU / Observateur";"DemainSite V1.0.0 - base 195 pays reconnus";"";"";"17b4e602-a45b-43e3-b8dc-32e722361589";"102";"{2D3930CC-6196-4F6B-908B-2D876EDAFEF0}";"17/08/2026 03:53";"17/08/2026 03:53";"Pascal ZIMMER";"Pascal ZIMMER";"MIG-PAY-OBJ-20260905";"";"09/05/2026 05:31:48";"09/05/2026 05:24:54";"UserId:11";"UserId:11"
"109";"Macédoine du Nord";"OBJ-GEO-PAY-MK";"Macédoine du Nord";"Pays migré depuis ZZ - PAY - Pays | ID PAY-000103 | ISO2 MK | ISO3 MKD";"Non";"Oui";"PAY-000103";"MK";"Macédoine du Nord";"Macédoine du Nord";"MK";"MKD";"ND";"ISO 3166-2:MK";"";"ND";"ND";"ND";"ND";"ND";"ND";"ND";"ND";"ND";"MK";"Oui";"103";"Reconnu ONU / Observateur";"DemainSite V1.0.0 - base 195 pays reconnus";"";"";"17b4e602-a45b-43e3-b8dc-32e722361589";"103";"{44671597-C507-435B-A5EE-B1E89F3D3FB4}";"17/08/2026 03:53";"17/08/2026 03:53";"Pascal ZIMMER";"Pascal ZIMMER";"MIG-PAY-OBJ-20260905";"";"09/05/2026 05:31:48";"09/05/2026 05:24:54";"UserId:11";"UserId:11"
"110";"Madagascar";"OBJ-GEO-PAY-MG";"Madagascar";"Pays migré depuis ZZ - PAY - Pays | ID PAY-000104 | ISO2 MG | ISO3 MDG";"Non";"Oui";"PAY-000104";"MG";"Madagascar";"Madagascar";"MG";"MDG";"ND";"ISO 3166-2:MG";"";"ND";"ND";"ND";"ND";"ND";"ND";"ND";"ND";"ND";"MG";"Oui";"104";"Reconnu ONU / Observateur";"DemainSite V1.0.0 - base 195 pays reconnus";"";"";"17b4e602-a45b-43e3-b8dc-32e722361589";"104";"{FB08132B-1D3C-4A18-B393-FC8A26A50F96}";"17/08/2026 03:53";"17/08/2026 03:53";"Pascal ZIMMER";"Pascal ZIMMER";"MIG-PAY-OBJ-20260905";"";"09/05/2026 05:31:49";"09/05/2026 05:24:54";"UserId:11";"UserId:11"
"111";"Malaisie";"OBJ-GEO-PAY-MY";"Malaisie";"Pays migré depuis ZZ - PAY - Pays | ID PAY-000105 | ISO2 MY | ISO3 MYS";"Non";"Oui";"PAY-000105";"MY";"Malaisie";"Malaisie";"MY";"MYS";"ND";"ISO 3166-2:MY";"";"ND";"ND";"ND";"ND";"ND";"ND";"ND";"ND";"ND";"MY";"Oui";"105";"Reconnu ONU / Observateur";"DemainSite V1.0.0 - base 195 pays reconnus";"";"";"17b4e602-a45b-43e3-b8dc-32e722361589";"105";"{586958CC-BC9E-42AA-91D6-4BE48C851C65}";"17/08/2026 03:53";"17/08/2026 03:53";"Pascal ZIMMER";"Pascal ZIMMER";"MIG-PAY-OBJ-20260905";"";"09/05/2026 05:31:49";"09/05/2026 05:24:54";"UserId:11";"UserId:11"
"112";"Malawi";"OBJ-GEO-PAY-MW";"Malawi";"Pays migré depuis ZZ - PAY - Pays | ID PAY-000106 | ISO2 MW | ISO3 MWI";"Non";"Oui";"PAY-000106";"MW";"Malawi";"Malawi";"MW";"MWI";"ND";"ISO 3166-2:MW";"";"ND";"ND";"ND";"ND";"ND";"ND";"ND";"ND";"ND";"MW";"Oui";"106";"Reconnu ONU / Observateur";"DemainSite V1.0.0 - base 195 pays reconnus";"";"";"17b4e602-a45b-43e3-b8dc-32e722361589";"106";"{3DFB2C10-33AA-4285-9EAC-604CE53126D6}";"17/08/2026 03:53";"17/08/2026 03:53";"Pascal ZIMMER";"Pascal ZIMMER";"MIG-PAY-OBJ-20260905";"";"09/05/2026 05:31:49";"09/05/2026 05:24:54";"UserId:11";"UserId:11"
"113";"Maldives";"OBJ-GEO-PAY-MV";"Maldives";"Pays migré depuis ZZ - PAY - Pays | ID PAY-000107 | ISO2 MV | ISO3 MDV";"Non";"Oui";"PAY-000107";"MV";"Maldives";"Maldives";"MV";"MDV";"ND";"ISO 3166-2:MV";"";"ND";"ND";"ND";"ND";"ND";"ND";"ND";"ND";"ND";"MV";"Oui";"107";"Reconnu ONU / Observateur";"DemainSite V1.0.0 - base 195 pays reconnus";"";"";"17b4e602-a45b-43e3-b8dc-32e722361589";"107";"{465559CC-3F62-45BD-9869-BF20CA75842E}";"17/08/2026 03:53";"17/08/2026 03:53";"Pascal ZIMMER";"Pascal ZIMMER";"MIG-PAY-OBJ-20260905";"";"09/05/2026 05:31:49";"09/05/2026 05:24:54";"UserId:11";"UserId:11"
"114";"Mali";"OBJ-GEO-PAY-ML";"Mali";"Pays migré depuis ZZ - PAY - Pays | ID PAY-000108 | ISO2 ML | ISO3 MLI";"Non";"Oui";"PAY-000108";"ML";"Mali";"Mali";"ML";"MLI";"ND";"ISO 3166-2:ML";"";"ND";"ND";"ND";"ND";"ND";"ND";"ND";"ND";"ND";"ML";"Oui";"108";"Reconnu ONU / Observateur";"DemainSite V1.0.0 - base 195 pays reconnus";"";"";"17b4e602-a45b-43e3-b8dc-32e722361589";"108";"{C8B3B5A7-5D49-4DB3-9270-13F69101A85F}";"17/08/2026 03:53";"17/08/2026 03:53";"Pascal ZIMMER";"Pascal ZIMMER";"MIG-PAY-OBJ-20260905";"";"09/05/2026 05:31:49";"09/05/2026 05:24:54";"UserId:11";"UserId:11"
"115";"Malte";"OBJ-GEO-PAY-MT";"Malte";"Pays migré depuis ZZ - PAY - Pays | ID PAY-000109 | ISO2 MT | ISO3 MLT";"Non";"Oui";"PAY-000109";"MT";"Malte";"Malte";"MT";"MLT";"ND";"ISO 3166-2:MT";"";"ND";"ND";"ND";"ND";"ND";"ND";"ND";"ND";"ND";"MT";"Oui";"109";"Reconnu ONU / Observateur";"DemainSite V1.0.0 - base 195 pays reconnus";"";"";"17b4e602-a45b-43e3-b8dc-32e722361589";"109";"{FD1A8C30-6462-435D-A900-0FA7733BFBFB}";"17/08/2026 03:53";"17/08/2026 03:53";"Pascal ZIMMER";"Pascal ZIMMER";"MIG-PAY-OBJ-20260905";"";"09/05/2026 05:31:49";"09/05/2026 05:24:54";"UserId:11";"UserId:11"
"116";"Maroc";"OBJ-GEO-PAY-MA";"Maroc";"Pays migré depuis ZZ - PAY - Pays | ID PAY-000110 | ISO2 MA | ISO3 MAR";"Non";"Oui";"PAY-000110";"MA";"Maroc";"Maroc";"MA";"MAR";"ND";"ISO 3166-2:MA";"";"ND";"ND";"ND";"ND";"ND";"ND";"ND";"ND";"ND";"MA";"Oui";"110";"Reconnu ONU / Observateur";"DemainSite V1.0.0 - base 195 pays reconnus";"";"";"17b4e602-a45b-43e3-b8dc-32e722361589";"110";"{3A304C0C-E129-4569-9305-D73CC62182B3}";"17/08/2026 03:53";"17/08/2026 03:53";"Pascal ZIMMER";"Pascal ZIMMER";"MIG-PAY-OBJ-20260905";"";"09/05/2026 05:31:49";"09/05/2026 05:24:54";"UserId:11";"UserId:11"
"117";"Maurice";"OBJ-GEO-PAY-MU";"Maurice";"Pays migré depuis ZZ - PAY - Pays | ID PAY-000111 | ISO2 MU | ISO3 MUS";"Non";"Oui";"PAY-000111";"MU";"Maurice";"Maurice";"MU";"MUS";"ND";"ISO 3166-2:MU";"";"ND";"ND";"ND";"ND";"ND";"ND";"ND";"ND";"ND";"MU";"Oui";"111";"Reconnu ONU / Observateur";"DemainSite V1.0.0 - base 195 pays reconnus";"";"";"17b4e602-a45b-43e3-b8dc-32e722361589";"111";"{685D80C4-673B-4D52-B4C6-19253133BC4B}";"17/08/2026 03:53";"17/08/2026 03:53";"Pascal ZIMMER";"Pascal ZIMMER";"MIG-PAY-OBJ-20260905";"";"09/05/2026 05:31:50";"09/05/2026 05:24:54";"UserId:11";"UserId:11"
"118";"Mauritanie";"OBJ-GEO-PAY-MR";"Mauritanie";"Pays migré depuis ZZ - PAY - Pays | ID PAY-000112 | ISO2 MR | ISO3 MRT";"Non";"Oui";"PAY-000112";"MR";"Mauritanie";"Mauritanie";"MR";"MRT";"ND";"ISO 3166-2:MR";"";"ND";"ND";"ND";"ND";"ND";"ND";"ND";"ND";"ND";"MR";"Oui";"112";"Reconnu ONU / Observateur";"DemainSite V1.0.0 - base 195 pays reconnus";"";"";"17b4e602-a45b-43e3-b8dc-32e722361589";"112";"{272841C6-A798-4615-97AE-91FA6A43750E}";"17/08/2026 03:53";"17/08/2026 03:53";"Pascal ZIMMER";"Pascal ZIMMER";"MIG-PAY-OBJ-20260905";"";"09/05/2026 05:31:50";"09/05/2026 05:24:54";"UserId:11";"UserId:11"
"119";"Mexique";"OBJ-GEO-PAY-MX";"Mexique";"Pays migré depuis ZZ - PAY - Pays | ID PAY-000113 | ISO2 MX | ISO3 MEX";"Non";"Oui";"PAY-000113";"MX";"Mexique";"Mexique";"MX";"MEX";"ND";"ISO 3166-2:MX";"";"ND";"ND";"ND";"ND";"ND";"ND";"ND";"ND";"ND";"MX";"Oui";"113";"Reconnu ONU / Observateur";"DemainSite V1.0.0 - base 195 pays reconnus";"";"";"17b4e602-a45b-43e3-b8dc-32e722361589";"113";"{ACB41285-F894-4AAE-9399-AC7D933AA6C6}";"17/08/2026 03:53";"17/08/2026 03:53";"Pascal ZIMMER";"Pascal ZIMMER";"MIG-PAY-OBJ-20260905";"";"09/05/2026 05:31:50";"09/05/2026 05:24:55";"UserId:11";"UserId:11"
"120";"Micronésie";"OBJ-GEO-PAY-FM";"Micronésie";"Pays migré depuis ZZ - PAY - Pays | ID PAY-000114 | ISO2 FM | ISO3 FSM";"Non";"Oui";"PAY-000114";"FM";"Micronésie";"Micronésie";"FM";"FSM";"ND";"ISO 3166-2:FM";"";"ND";"ND";"ND";"ND";"ND";"ND";"ND";"ND";"ND";"FM";"Oui";"114";"Reconnu ONU / Observateur";"DemainSite V1.0.0 - base 195 pays reconnus";"";"";"17b4e602-a45b-43e3-b8dc-32e722361589";"114";"{C359BFE2-3D4F-4925-AB54-C6C78FE01709}";"17/08/2026 03:53";"17/08/2026 03:53";"Pascal ZIMMER";"Pascal ZIMMER";"MIG-PAY-OBJ-20260905";"";"09/05/2026 05:31:50";"09/05/2026 05:24:55";"UserId:11";"UserId:11"
"121";"Monaco";"OBJ-GEO-PAY-MC";"Monaco";"Pays migré depuis ZZ - PAY - Pays | ID PAY-000115 | ISO2 MC | ISO3 MCO";"Non";"Oui";"PAY-000115";"MC";"Monaco";"Monaco";"MC";"MCO";"ND";"ISO 3166-2:MC";"";"ND";"ND";"ND";"ND";"ND";"ND";"ND";"ND";"ND";"MC";"Oui";"115";"Reconnu ONU / Observateur";"DemainSite V1.0.0 - base 195 pays reconnus";"";"";"17b4e602-a45b-43e3-b8dc-32e722361589";"115";"{FB24011D-B412-406C-A720-34ACDAF56C6A}";"17/08/2026 03:53";"17/08/2026 03:53";"Pascal ZIMMER";"Pascal ZIMMER";"MIG-PAY-OBJ-20260905";"";"09/05/2026 05:31:50";"09/05/2026 05:24:55";"UserId:11";"UserId:11"
"122";"Mongolie";"OBJ-GEO-PAY-MN";"Mongolie";"Pays migré depuis ZZ - PAY - Pays | ID PAY-000116 | ISO2 MN | ISO3 MNG";"Non";"Oui";"PAY-000116";"MN";"Mongolie";"Mongolie";"MN";"MNG";"ND";"ISO 3166-2:MN";"";"ND";"ND";"ND";"ND";"ND";"ND";"ND";"ND";"ND";"MN";"Oui";"116";"Reconnu ONU / Observateur";"DemainSite V1.0.0 - base 195 pays reconnus";"";"";"17b4e602-a45b-43e3-b8dc-32e722361589";"116";"{760BD747-26EF-4CFD-AC99-05D5E715771E}";"17/08/2026 03:53";"17/08/2026 03:53";"Pascal ZIMMER";"Pascal ZIMMER";"MIG-PAY-OBJ-20260905";"";"09/05/2026 05:31:51";"09/05/2026 05:24:55";"UserId:11";"UserId:11"
"123";"Monténégro";"OBJ-GEO-PAY-ME";"Monténégro";"Pays migré depuis ZZ - PAY - Pays | ID PAY-000117 | ISO2 ME | ISO3 MNE";"Non";"Oui";"PAY-000117";"ME";"Monténégro";"Monténégro";"ME";"MNE";"ND";"ISO 3166-2:ME";"";"ND";"ND";"ND";"ND";"ND";"ND";"ND";"ND";"ND";"ME";"Oui";"117";"Reconnu ONU / Observateur";"DemainSite V1.0.0 - base 195 pays reconnus";"";"";"17b4e602-a45b-43e3-b8dc-32e722361589";"117";"{C61AAED7-FC4B-406D-AA53-20AAA00C9E31}";"17/08/2026 03:53";"17/08/2026 03:53";"Pascal ZIMMER";"Pascal ZIMMER";"MIG-PAY-OBJ-20260905";"";"09/05/2026 05:31:51";"09/05/2026 05:24:55";"UserId:11";"UserId:11"
"124";"Mozambique";"OBJ-GEO-PAY-MZ";"Mozambique";"Pays migré depuis ZZ - PAY - Pays | ID PAY-000118 | ISO2 MZ | ISO3 MOZ";"Non";"Oui";"PAY-000118";"MZ";"Mozambique";"Mozambique";"MZ";"MOZ";"ND";"ISO 3166-2:MZ";"";"ND";"ND";"ND";"ND";"ND";"ND";"ND";"ND";"ND";"MZ";"Oui";"118";"Reconnu ONU / Observateur";"DemainSite V1.0.0 - base 195 pays reconnus";"";"";"17b4e602-a45b-43e3-b8dc-32e722361589";"118";"{07F84836-E838-418F-8DDF-84F5BD2BCF28}";"17/08/2026 03:53";"17/08/2026 03:53";"Pascal ZIMMER";"Pascal ZIMMER";"MIG-PAY-OBJ-20260905";"";"09/05/2026 05:31:51";"09/05/2026 05:24:55";"UserId:11";"UserId:11"
"125";"Myanmar";"OBJ-GEO-PAY-MM";"Myanmar";"Pays migré depuis ZZ - PAY - Pays | ID PAY-000119 | ISO2 MM | ISO3 MMR";"Non";"Oui";"PAY-000119";"MM";"Myanmar";"Myanmar";"MM";"MMR";"ND";"ISO 3166-2:MM";"";"ND";"ND";"ND";"ND";"ND";"ND";"ND";"ND";"ND";"MM";"Oui";"119";"Reconnu ONU / Observateur";"DemainSite V1.0.0 - base 195 pays reconnus";"";"";"17b4e602-a45b-43e3-b8dc-32e722361589";"119";"{822C1D60-97F1-4E1F-8B21-DD015A6C4BB1}";"17/08/2026 03:53";"17/08/2026 03:53";"Pascal ZIMMER";"Pascal ZIMMER";"MIG-PAY-OBJ-20260905";"";"09/05/2026 05:31:51";"09/05/2026 05:24:55";"UserId:11";"UserId:11"
"126";"Namibie";"OBJ-GEO-PAY-NA";"Namibie";"Pays migré depuis ZZ - PAY - Pays | ID PAY-000120 | ISO2 NA | ISO3 NAM";"Non";"Oui";"PAY-000120";"NA";"Namibie";"Namibie";"NA";"NAM";"ND";"ISO 3166-2:NA";"";"ND";"ND";"ND";"ND";"ND";"ND";"ND";"ND";"ND";"NA";"Oui";"120";"Reconnu ONU / Observateur";"DemainSite V1.0.0 - base 195 pays reconnus";"";"";"17b4e602-a45b-43e3-b8dc-32e722361589";"120";"{192F57D7-9469-4BD1-8707-3D3A5421CAC2}";"17/08/2026 03:53";"17/08/2026 03:53";"Pascal ZIMMER";"Pascal ZIMMER";"MIG-PAY-OBJ-20260905";"";"09/05/2026 05:31:51";"09/05/2026 05:24:55";"UserId:11";"UserId:11"
"127";"Nauru";"OBJ-GEO-PAY-NR";"Nauru";"Pays migré depuis ZZ - PAY - Pays | ID PAY-000121 | ISO2 NR | ISO3 NRU";"Non";"Oui";"PAY-000121";"NR";"Nauru";"Nauru";"NR";"NRU";"ND";"ISO 3166-2:NR";"";"ND";"ND";"ND";"ND";"ND";"ND";"ND";"ND";"ND";"NR";"Oui";"121";"Reconnu ONU / Observateur";"DemainSite V1.0.0 - base 195 pays reconnus";"";"";"17b4e602-a45b-43e3-b8dc-32e722361589";"121";"{77493D74-E196-4CE3-966B-9885896FCCC5}";"17/08/2026 03:53";"17/08/2026 03:53";"Pascal ZIMMER";"Pascal ZIMMER";"MIG-PAY-OBJ-20260905";"";"09/05/2026 05:31:51";"09/05/2026 05:24:55";"UserId:11";"UserId:11"
"128";"Népal";"OBJ-GEO-PAY-NP";"Népal";"Pays migré depuis ZZ - PAY - Pays | ID PAY-000122 | ISO2 NP | ISO3 NPL";"Non";"Oui";"PAY-000122";"NP";"Népal";"Népal";"NP";"NPL";"ND";"ISO 3166-2:NP";"";"ND";"ND";"ND";"ND";"ND";"ND";"ND";"ND";"ND";"NP";"Oui";"122";"Reconnu ONU / Observateur";"DemainSite V1.0.0 - base 195 pays reconnus";"";"";"17b4e602-a45b-43e3-b8dc-32e722361589";"122";"{50B529B6-7FB2-49FC-81F9-52E7E36BF65B}";"17/08/2026 03:53";"17/08/2026 03:53";"Pascal ZIMMER";"Pascal ZIMMER";"MIG-PAY-OBJ-20260905";"";"09/05/2026 05:31:52";"09/05/2026 05:24:55";"UserId:11";"UserId:11"
"129";"Nicaragua";"OBJ-GEO-PAY-NI";"Nicaragua";"Pays migré depuis ZZ - PAY - Pays | ID PAY-000123 | ISO2 NI | ISO3 NIC";"Non";"Oui";"PAY-000123";"NI";"Nicaragua";"Nicaragua";"NI";"NIC";"ND";"ISO 3166-2:NI";"";"ND";"ND";"ND";"ND";"ND";"ND";"ND";"ND";"ND";"NI";"Oui";"123";"Reconnu ONU / Observateur";"DemainSite V1.0.0 - base 195 pays reconnus";"";"";"17b4e602-a45b-43e3-b8dc-32e722361589";"123";"{CD2CC5ED-4B4B-449A-A404-E8FEB13CB493}";"17/08/2026 03:53";"17/08/2026 03:53";"Pascal ZIMMER";"Pascal ZIMMER";"MIG-PAY-OBJ-20260905";"";"09/05/2026 05:31:52";"09/05/2026 05:24:55";"UserId:11";"UserId:11"
"130";"Niger";"OBJ-GEO-PAY-NE";"Niger";"Pays migré depuis ZZ - PAY - Pays | ID PAY-000124 | ISO2 NE | ISO3 NER";"Non";"Oui";"PAY-000124";"NE";"Niger";"Niger";"NE";"NER";"ND";"ISO 3166-2:NE";"";"ND";"ND";"ND";"ND";"ND";"ND";"ND";"ND";"ND";"NE";"Oui";"124";"Reconnu ONU / Observateur";"DemainSite V1.0.0 - base 195 pays reconnus";"";"";"17b4e602-a45b-43e3-b8dc-32e722361589";"124";"{936874AA-74B5-4596-AB31-2F1BF422B5B9}";"17/08/2026 03:53";"17/08/2026 03:53";"Pascal ZIMMER";"Pascal ZIMMER";"MIG-PAY-OBJ-20260905";"";"09/05/2026 05:31:52";"09/05/2026 05:24:55";"UserId:11";"UserId:11"
"131";"Nigéria";"OBJ-GEO-PAY-NG";"Nigéria";"Pays migré depuis ZZ - PAY - Pays | ID PAY-000125 | ISO2 NG | ISO3 NGA";"Non";"Oui";"PAY-000125";"NG";"Nigéria";"Nigéria";"NG";"NGA";"ND";"ISO 3166-2:NG";"";"ND";"ND";"ND";"ND";"ND";"ND";"ND";"ND";"ND";"NG";"Oui";"125";"Reconnu ONU / Observateur";"DemainSite V1.0.0 - base 195 pays reconnus";"";"";"17b4e602-a45b-43e3-b8dc-32e722361589";"125";"{516C9A84-429D-4953-9D47-4BCE140694BD}";"17/08/2026 03:53";"17/08/2026 03:53";"Pascal ZIMMER";"Pascal ZIMMER";"MIG-PAY-OBJ-20260905";"";"09/05/2026 05:31:52";"09/05/2026 05:24:55";"UserId:11";"UserId:11"
"132";"Norvège";"OBJ-GEO-PAY-NO";"Norvège";"Pays migré depuis ZZ - PAY - Pays | ID PAY-000126 | ISO2 NO | ISO3 NOR";"Non";"Oui";"PAY-000126";"NO";"Norvège";"Norvège";"NO";"NOR";"ND";"ISO 3166-2:NO";"";"ND";"ND";"ND";"ND";"ND";"ND";"ND";"ND";"ND";"NO";"Oui";"126";"Reconnu ONU / Observateur";"DemainSite V1.0.0 - base 195 pays reconnus";"";"";"17b4e602-a45b-43e3-b8dc-32e722361589";"126";"{5E841FC8-1D6D-45D5-B7B8-2C2ADCE57BDA}";"17/08/2026 03:53";"17/08/2026 03:53";"Pascal ZIMMER";"Pascal ZIMMER";"MIG-PAY-OBJ-20260905";"";"09/05/2026 05:31:52";"09/05/2026 05:24:55";"UserId:11";"UserId:11"
"133";"Nouvelle-Zélande";"OBJ-GEO-PAY-NZ";"Nouvelle-Zélande";"Pays migré depuis ZZ - PAY - Pays | ID PAY-000127 | ISO2 NZ | ISO3 NZL";"Non";"Oui";"PAY-000127";"NZ";"Nouvelle-Zélande";"Nouvelle-Zélande";"NZ";"NZL";"ND";"ISO 3166-2:NZ";"";"ND";"ND";"ND";"ND";"ND";"ND";"ND";"ND";"ND";"NZ";"Oui";"127";"Reconnu ONU / Observateur";"DemainSite V1.0.0 - base 195 pays reconnus";"";"";"17b4e602-a45b-43e3-b8dc-32e722361589";"127";"{FAFC9943-3AD4-4BBE-9471-B020C8181968}";"17/08/2026 03:53";"17/08/2026 03:53";"Pascal ZIMMER";"Pascal ZIMMER";"MIG-PAY-OBJ-20260905";"";"09/05/2026 05:31:52";"09/05/2026 05:24:56";"UserId:11";"UserId:11"
"134";"Oman";"OBJ-GEO-PAY-OM";"Oman";"Pays migré depuis ZZ - PAY - Pays | ID PAY-000128 | ISO2 OM | ISO3 OMN";"Non";"Oui";"PAY-000128";"OM";"Oman";"Oman";"OM";"OMN";"ND";"ISO 3166-2:OM";"";"ND";"ND";"ND";"ND";"ND";"ND";"ND";"ND";"ND";"OM";"Oui";"128";"Reconnu ONU / Observateur";"DemainSite V1.0.0 - base 195 pays reconnus";"";"";"17b4e602-a45b-43e3-b8dc-32e722361589";"128";"{58C2C30D-7260-46D3-BC87-B185B819FECE}";"17/08/2026 03:53";"17/08/2026 03:53";"Pascal ZIMMER";"Pascal ZIMMER";"MIG-PAY-OBJ-20260905";"";"09/05/2026 05:31:52";"09/05/2026 05:24:56";"UserId:11";"UserId:11"
"135";"Ouganda";"OBJ-GEO-PAY-UG";"Ouganda";"Pays migré depuis ZZ - PAY - Pays | ID PAY-000129 | ISO2 UG | ISO3 UGA";"Non";"Oui";"PAY-000129";"UG";"Ouganda";"Ouganda";"UG";"UGA";"ND";"ISO 3166-2:UG";"";"ND";"ND";"ND";"ND";"ND";"ND";"ND";"ND";"ND";"UG";"Oui";"129";"Reconnu ONU / Observateur";"DemainSite V1.0.0 - base 195 pays reconnus";"";"";"17b4e602-a45b-43e3-b8dc-32e722361589";"129";"{AF9D6744-524A-483E-ADF4-2501B0034A0B}";"17/08/2026 03:53";"17/08/2026 03:53";"Pascal ZIMMER";"Pascal ZIMMER";"MIG-PAY-OBJ-20260905";"";"09/05/2026 05:31:52";"09/05/2026 05:24:56";"UserId:11";"UserId:11"
"136";"Ouzbékistan";"OBJ-GEO-PAY-UZ";"Ouzbékistan";"Pays migré depuis ZZ - PAY - Pays | ID PAY-000130 | ISO2 UZ | ISO3 UZB";"Non";"Oui";"PAY-000130";"UZ";"Ouzbékistan";"Ouzbékistan";"UZ";"UZB";"ND";"ISO 3166-2:UZ";"";"ND";"ND";"ND";"ND";"ND";"ND";"ND";"ND";"ND";"UZ";"Oui";"130";"Reconnu ONU / Observateur";"DemainSite V1.0.0 - base 195 pays reconnus";"";"";"17b4e602-a45b-43e3-b8dc-32e722361589";"130";"{5BA73437-EC40-4B65-B7B4-649CD6AE2D0B}";"17/08/2026 03:53";"17/08/2026 03:53";"Pascal ZIMMER";"Pascal ZIMMER";"MIG-PAY-OBJ-20260905";"";"09/05/2026 05:31:53";"09/05/2026 05:24:56";"UserId:11";"UserId:11"
"137";"Pakistan";"OBJ-GEO-PAY-PK";"Pakistan";"Pays migré depuis ZZ - PAY - Pays | ID PAY-000131 | ISO2 PK | ISO3 PAK";"Non";"Oui";"PAY-000131";"PK";"Pakistan";"Pakistan";"PK";"PAK";"ND";"ISO 3166-2:PK";"";"ND";"ND";"ND";"ND";"ND";"ND";"ND";"ND";"ND";"PK";"Oui";"131";"Reconnu ONU / Observateur";"DemainSite V1.0.0 - base 195 pays reconnus";"";"";"17b4e602-a45b-43e3-b8dc-32e722361589";"131";"{8A0ABF2B-F4E5-4836-9F61-6EDF04744BA4}";"17/08/2026 03:53";"17/08/2026 03:53";"Pascal ZIMMER";"Pascal ZIMMER";"MIG-PAY-OBJ-20260905";"";"09/05/2026 05:31:53";"09/05/2026 05:24:56";"UserId:11";"UserId:11"
"138";"Palaos";"OBJ-GEO-PAY-PW";"Palaos";"Pays migré depuis ZZ - PAY - Pays | ID PAY-000132 | ISO2 PW | ISO3 PLW";"Non";"Oui";"PAY-000132";"PW";"Palaos";"Palaos";"PW";"PLW";"ND";"ISO 3166-2:PW";"";"ND";"ND";"ND";"ND";"ND";"ND";"ND";"ND";"ND";"PW";"Oui";"132";"Reconnu ONU / Observateur";"DemainSite V1.0.0 - base 195 pays reconnus";"";"";"17b4e602-a45b-43e3-b8dc-32e722361589";"132";"{550880F5-64AF-4713-B931-7E0DE5CF319B}";"17/08/2026 03:53";"17/08/2026 03:53";"Pascal ZIMMER";"Pascal ZIMMER";"MIG-PAY-OBJ-20260905";"";"09/05/2026 05:31:53";"09/05/2026 05:24:56";"UserId:11";"UserId:11"
"139";"Panama";"OBJ-GEO-PAY-PA";"Panama";"Pays migré depuis ZZ - PAY - Pays | ID PAY-000133 | ISO2 PA | ISO3 PAN";"Non";"Oui";"PAY-000133";"PA";"Panama";"Panama";"PA";"PAN";"ND";"ISO 3166-2:PA";"";"ND";"ND";"ND";"ND";"ND";"ND";"ND";"ND";"ND";"PA";"Oui";"133";"Reconnu ONU / Observateur";"DemainSite V1.0.0 - base 195 pays reconnus";"";"";"17b4e602-a45b-43e3-b8dc-32e722361589";"133";"{0970600A-A208-46A2-BD75-B96E82A945F7}";"17/08/2026 03:53";"17/08/2026 03:53";"Pascal ZIMMER";"Pascal ZIMMER";"MIG-PAY-OBJ-20260905";"";"09/05/2026 05:31:53";"09/05/2026 05:24:56";"UserId:11";"UserId:11"
"140";"Papouasie-Nouvelle-Guinée";"OBJ-GEO-PAY-PG";"Papouasie-Nouvelle-Guinée";"Pays migré depuis ZZ - PAY - Pays | ID PAY-000134 | ISO2 PG | ISO3 PNG";"Non";"Oui";"PAY-000134";"PG";"Papouasie-Nouvelle-Guinée";"Papouasie-Nouvelle-Guinée";"PG";"PNG";"ND";"ISO 3166-2:PG";"";"ND";"ND";"ND";"ND";"ND";"ND";"ND";"ND";"ND";"PG";"Oui";"134";"Reconnu ONU / Observateur";"DemainSite V1.0.0 - base 195 pays reconnus";"";"";"17b4e602-a45b-43e3-b8dc-32e722361589";"134";"{FA12651E-DD73-4629-A43A-7282A0F18DA5}";"17/08/2026 03:53";"17/08/2026 03:53";"Pascal ZIMMER";"Pascal ZIMMER";"MIG-PAY-OBJ-20260905";"";"09/05/2026 05:31:53";"09/05/2026 05:24:56";"UserId:11";"UserId:11"
"141";"Paraguay";"OBJ-GEO-PAY-PY";"Paraguay";"Pays migré depuis ZZ - PAY - Pays | ID PAY-000135 | ISO2 PY | ISO3 PRY";"Non";"Oui";"PAY-000135";"PY";"Paraguay";"Paraguay";"PY";"PRY";"ND";"ISO 3166-2:PY";"";"ND";"ND";"ND";"ND";"ND";"ND";"ND";"ND";"ND";"PY";"Oui";"135";"Reconnu ONU / Observateur";"DemainSite V1.0.0 - base 195 pays reconnus";"";"";"17b4e602-a45b-43e3-b8dc-32e722361589";"135";"{B9A1A197-C3B2-4DCB-AC70-D770F19BFA18}";"17/08/2026 03:53";"17/08/2026 03:53";"Pascal ZIMMER";"Pascal ZIMMER";"MIG-PAY-OBJ-20260905";"";"09/05/2026 05:31:53";"09/05/2026 05:24:56";"UserId:11";"UserId:11"
"142";"Pays-Bas";"OBJ-GEO-PAY-NL";"Pays-Bas";"Pays migré depuis ZZ - PAY - Pays | ID PAY-000136 | ISO2 NL | ISO3 NLD";"Non";"Oui";"PAY-000136";"NL";"Pays-Bas";"Pays-Bas";"NL";"NLD";"ND";"ISO 3166-2:NL";"";"ND";"ND";"ND";"ND";"ND";"ND";"ND";"ND";"ND";"NL";"Oui";"136";"Reconnu ONU / Observateur";"DemainSite V1.0.0 - base 195 pays reconnus";"";"";"17b4e602-a45b-43e3-b8dc-32e722361589";"136";"{687D2C45-518F-4E67-9362-2275F86D96BE}";"17/08/2026 03:53";"17/08/2026 03:53";"Pascal ZIMMER";"Pascal ZIMMER";"MIG-PAY-OBJ-20260905";"";"09/05/2026 05:31:53";"09/05/2026 05:24:56";"UserId:11";"UserId:11"
"143";"Pérou";"OBJ-GEO-PAY-PE";"Pérou";"Pays migré depuis ZZ - PAY - Pays | ID PAY-000137 | ISO2 PE | ISO3 PER";"Non";"Oui";"PAY-000137";"PE";"Pérou";"Pérou";"PE";"PER";"ND";"ISO 3166-2:PE";"";"ND";"ND";"ND";"ND";"ND";"ND";"ND";"ND";"ND";"PE";"Oui";"137";"Reconnu ONU / Observateur";"DemainSite V1.0.0 - base 195 pays reconnus";"";"";"17b4e602-a45b-43e3-b8dc-32e722361589";"137";"{29848A71-69ED-4CE5-9737-562AFD179698}";"17/08/2026 03:53";"17/08/2026 03:53";"Pascal ZIMMER";"Pascal ZIMMER";"MIG-PAY-OBJ-20260905";"";"09/05/2026 05:31:54";"09/05/2026 05:24:56";"UserId:11";"UserId:11"
"144";"Philippines";"OBJ-GEO-PAY-PH";"Philippines";"Pays migré depuis ZZ - PAY - Pays | ID PAY-000138 | ISO2 PH | ISO3 PHL";"Non";"Oui";"PAY-000138";"PH";"Philippines";"Philippines";"PH";"PHL";"ND";"ISO 3166-2:PH";"";"ND";"ND";"ND";"ND";"ND";"ND";"ND";"ND";"ND";"PH";"Oui";"138";"Reconnu ONU / Observateur";"DemainSite V1.0.0 - base 195 pays reconnus";"";"";"17b4e602-a45b-43e3-b8dc-32e722361589";"138";"{8483FD9F-BA91-47E9-9896-8365C5CF48DD}";"17/08/2026 03:53";"17/08/2026 03:53";"Pascal ZIMMER";"Pascal ZIMMER";"MIG-PAY-OBJ-20260905";"";"09/05/2026 05:31:54";"09/05/2026 05:24:57";"UserId:11";"UserId:11"
"145";"Pologne";"OBJ-GEO-PAY-PL";"Pologne";"Pays migré depuis ZZ - PAY - Pays | ID PAY-000139 | ISO2 PL | ISO3 POL";"Non";"Oui";"PAY-000139";"PL";"Pologne";"Pologne";"PL";"POL";"ND";"ISO 3166-2:PL";"";"ND";"ND";"ND";"ND";"ND";"ND";"ND";"ND";"ND";"PL";"Oui";"139";"Reconnu ONU / Observateur";"DemainSite V1.0.0 - base 195 pays reconnus";"";"";"17b4e602-a45b-43e3-b8dc-32e722361589";"139";"{28A32C5B-27ED-41D5-8E74-10FD2EF214CB}";"17/08/2026 03:53";"17/08/2026 03:53";"Pascal ZIMMER";"Pascal ZIMMER";"MIG-PAY-OBJ-20260905";"";"09/05/2026 05:31:54";"09/05/2026 05:24:57";"UserId:11";"UserId:11"
"146";"Portugal";"OBJ-GEO-PAY-PT";"Portugal";"Pays migré depuis ZZ - PAY - Pays | ID PAY-000140 | ISO2 PT | ISO3 PRT";"Non";"Oui";"PAY-000140";"PT";"Portugal";"Portugal";"PT";"PRT";"ND";"ISO 3166-2:PT";"";"ND";"ND";"ND";"ND";"ND";"ND";"ND";"ND";"ND";"PT";"Oui";"140";"Reconnu ONU / Observateur";"DemainSite V1.0.0 - base 195 pays reconnus";"";"";"17b4e602-a45b-43e3-b8dc-32e722361589";"140";"{EAACEDFD-1726-4F75-A332-DD7512354A85}";"17/08/2026 03:53";"17/08/2026 03:53";"Pascal ZIMMER";"Pascal ZIMMER";"MIG-PAY-OBJ-20260905";"";"09/05/2026 05:31:54";"09/05/2026 05:24:57";"UserId:11";"UserId:11"
"147";"Qatar";"OBJ-GEO-PAY-QA";"Qatar";"Pays migré depuis ZZ - PAY - Pays | ID PAY-000141 | ISO2 QA | ISO3 QAT";"Non";"Oui";"PAY-000141";"QA";"Qatar";"Qatar";"QA";"QAT";"ND";"ISO 3166-2:QA";"";"ND";"ND";"ND";"ND";"ND";"ND";"ND";"ND";"ND";"QA";"Oui";"141";"Reconnu ONU / Observateur";"DemainSite V1.0.0 - base 195 pays reconnus";"";"";"17b4e602-a45b-43e3-b8dc-32e722361589";"141";"{C942DE44-67AA-4D6E-999F-7E70A9A02BB3}";"17/08/2026 03:53";"17/08/2026 03:53";"Pascal ZIMMER";"Pascal ZIMMER";"MIG-PAY-OBJ-20260905";"";"09/05/2026 05:31:54";"09/05/2026 05:24:57";"UserId:11";"UserId:11"
"148";"République arabe syrienne";"OBJ-GEO-PAY-SY";"République arabe syrienne";"Pays migré depuis ZZ - PAY - Pays | ID PAY-000142 | ISO2 SY | ISO3 SYR";"Non";"Oui";"PAY-000142";"SY";"République arabe syrienne";"République arabe syrienne";"SY";"SYR";"ND";"ISO 3166-2:SY";"";"ND";"ND";"ND";"ND";"ND";"ND";"ND";"ND";"ND";"SY";"Oui";"142";"Reconnu ONU / Observateur";"DemainSite V1.0.0 - base 195 pays reconnus";"";"";"17b4e602-a45b-43e3-b8dc-32e722361589";"142";"{671BB662-1943-467F-8BE0-2871B5994831}";"17/08/2026 03:53";"17/08/2026 03:53";"Pascal ZIMMER";"Pascal ZIMMER";"MIG-PAY-OBJ-20260905";"";"09/05/2026 05:31:54";"09/05/2026 05:24:57";"UserId:11";"UserId:11"
"149";"République centrafricaine";"OBJ-GEO-PAY-CF";"République centrafricaine";"Pays migré depuis ZZ - PAY - Pays | ID PAY-000143 | ISO2 CF | ISO3 CAF";"Non";"Oui";"PAY-000143";"CF";"République centrafricaine";"République centrafricaine";"CF";"CAF";"ND";"ISO 3166-2:CF";"";"ND";"ND";"ND";"ND";"ND";"ND";"ND";"ND";"ND";"CF";"Oui";"143";"Reconnu ONU / Observateur";"DemainSite V1.0.0 - base 195 pays reconnus";"";"";"17b4e602-a45b-43e3-b8dc-32e722361589";"143";"{1E441EE5-6780-422A-94D5-0EBB73E12687}";"17/08/2026 03:53";"17/08/2026 03:53";"Pascal ZIMMER";"Pascal ZIMMER";"MIG-PAY-OBJ-20260905";"";"09/05/2026 05:31:55";"09/05/2026 05:24:57";"UserId:11";"UserId:11"
"150";"République de Corée";"OBJ-GEO-PAY-KR";"République de Corée";"Pays migré depuis ZZ - PAY - Pays | ID PAY-000144 | ISO2 KR | ISO3 KOR";"Non";"Oui";"PAY-000144";"KR";"République de Corée";"République de Corée";"KR";"KOR";"ND";"ISO 3166-2:KR";"";"ND";"ND";"ND";"ND";"ND";"ND";"ND";"ND";"ND";"KR";"Oui";"144";"Reconnu ONU / Observateur";"DemainSite V1.0.0 - base 195 pays reconnus";"";"";"17b4e602-a45b-43e3-b8dc-32e722361589";"144";"{964868F0-4A9D-4A96-AFFF-317BAB2705C8}";"17/08/2026 03:53";"17/08/2026 03:53";"Pascal ZIMMER";"Pascal ZIMMER";"MIG-PAY-OBJ-20260905";"";"09/05/2026 05:31:55";"09/05/2026 05:24:57";"UserId:11";"UserId:11"
"151";"République de Moldova";"OBJ-GEO-PAY-MD";"République de Moldova";"Pays migré depuis ZZ - PAY - Pays | ID PAY-000145 | ISO2 MD | ISO3 MDA";"Non";"Oui";"PAY-000145";"MD";"République de Moldova";"République de Moldova";"MD";"MDA";"ND";"ISO 3166-2:MD";"";"ND";"ND";"ND";"ND";"ND";"ND";"ND";"ND";"ND";"MD";"Oui";"145";"Reconnu ONU / Observateur";"DemainSite V1.0.0 - base 195 pays reconnus";"";"";"17b4e602-a45b-43e3-b8dc-32e722361589";"145";"{30A1A189-C638-4965-9BB4-CAFEF99EA33D}";"17/08/2026 03:53";"17/08/2026 03:53";"Pascal ZIMMER";"Pascal ZIMMER";"MIG-PAY-OBJ-20260905";"";"09/05/2026 05:31:55";"09/05/2026 05:24:57";"UserId:11";"UserId:11"
"152";"République démocratique du Congo";"OBJ-GEO-PAY-CD";"République démocratique du Congo";"Pays migré depuis ZZ - PAY - Pays | ID PAY-000146 | ISO2 CD | ISO3 COD";"Non";"Oui";"PAY-000146";"CD";"République démocratique du Congo";"République démocratique du Congo";"CD";"COD";"ND";"ISO 3166-2:CD";"";"ND";"ND";"ND";"ND";"ND";"ND";"ND";"ND";"ND";"CD";"Oui";"146";"Reconnu ONU / Observateur";"DemainSite V1.0.0 - base 195 pays reconnus";"";"";"17b4e602-a45b-43e3-b8dc-32e722361589";"146";"{558CA8FC-D3E2-4731-8224-F31ADA7E920B}";"17/08/2026 03:53";"17/08/2026 03:53";"Pascal ZIMMER";"Pascal ZIMMER";"MIG-PAY-OBJ-20260905";"";"09/05/2026 05:31:55";"09/05/2026 05:24:58";"UserId:11";"UserId:11"
"153";"République démocratique populaire lao";"OBJ-GEO-PAY-LA";"République démocratique populaire lao";"Pays migré depuis ZZ - PAY - Pays | ID PAY-000147 | ISO2 LA | ISO3 LAO";"Non";"Oui";"PAY-000147";"LA";"République démocratique populaire lao";"République démocratique populaire lao";"LA";"LAO";"ND";"ISO 3166-2:LA";"";"ND";"ND";"ND";"ND";"ND";"ND";"ND";"ND";"ND";"LA";"Oui";"147";"Reconnu ONU / Observateur";"DemainSite V1.0.0 - base 195 pays reconnus";"";"";"17b4e602-a45b-43e3-b8dc-32e722361589";"147";"{3D50AD9C-D063-4F01-ACEC-E2125D7FC092}";"17/08/2026 03:53";"17/08/2026 03:53";"Pascal ZIMMER";"Pascal ZIMMER";"MIG-PAY-OBJ-20260905";"";"09/05/2026 05:31:55";"09/05/2026 05:24:58";"UserId:11";"UserId:11"
"154";"République dominicaine";"OBJ-GEO-PAY-DO";"République dominicaine";"Pays migré depuis ZZ - PAY - Pays | ID PAY-000148 | ISO2 DO | ISO3 DOM";"Non";"Oui";"PAY-000148";"DO";"République dominicaine";"République dominicaine";"DO";"DOM";"ND";"ISO 3166-2:DO";"";"ND";"ND";"ND";"ND";"ND";"ND";"ND";"ND";"ND";"DO";"Oui";"148";"Reconnu ONU / Observateur";"DemainSite V1.0.0 - base 195 pays reconnus";"";"";"17b4e602-a45b-43e3-b8dc-32e722361589";"148";"{089E38FE-2A4F-496A-8E06-51F043ECBD07}";"17/08/2026 03:53";"17/08/2026 03:53";"Pascal ZIMMER";"Pascal ZIMMER";"MIG-PAY-OBJ-20260905";"";"09/05/2026 05:31:55";"09/05/2026 05:24:58";"UserId:11";"UserId:11"
"155";"République populaire démocratique de Corée";"OBJ-GEO-PAY-KP";"République populaire démocratique de Corée";"Pays migré depuis ZZ - PAY - Pays | ID PAY-000149 | ISO2 KP | ISO3 PRK";"Non";"Oui";"PAY-000149";"KP";"République populaire démocratique de Corée";"République populaire démocratique de Corée";"KP";"PRK";"ND";"ISO 3166-2:KP";"";"ND";"ND";"ND";"ND";"ND";"ND";"ND";"ND";"ND";"KP";"Oui";"149";"Reconnu ONU / Observateur";"DemainSite V1.0.0 - base 195 pays reconnus";"";"";"17b4e602-a45b-43e3-b8dc-32e722361589";"149";"{24040259-BC26-4D7C-992A-C1C6B046604A}";"17/08/2026 03:53";"17/08/2026 03:53";"Pascal ZIMMER";"Pascal ZIMMER";"MIG-PAY-OBJ-20260905";"";"09/05/2026 05:31:55";"09/05/2026 05:24:58";"UserId:11";"UserId:11"
"156";"République tchèque";"OBJ-GEO-PAY-CZ";"République tchèque";"Pays migré depuis ZZ - PAY - Pays | ID PAY-000150 | ISO2 CZ | ISO3 CZE";"Non";"Oui";"PAY-000150";"CZ";"République tchèque";"République tchèque";"CZ";"CZE";"ND";"ISO 3166-2:CZ";"";"ND";"ND";"ND";"ND";"ND";"ND";"ND";"ND";"ND";"CZ";"Oui";"150";"Reconnu ONU / Observateur";"DemainSite V1.0.0 - base 195 pays reconnus";"";"";"17b4e602-a45b-43e3-b8dc-32e722361589";"150";"{892A176A-2A53-4761-90D5-AB6F6D115C92}";"17/08/2026 03:53";"17/08/2026 03:53";"Pascal ZIMMER";"Pascal ZIMMER";"MIG-PAY-OBJ-20260905";"";"09/05/2026 05:31:56";"09/05/2026 05:24:58";"UserId:11";"UserId:11"
"157";"République-Unie de Tanzanie";"OBJ-GEO-PAY-TZ";"République-Unie de Tanzanie";"Pays migré depuis ZZ - PAY - Pays | ID PAY-000151 | ISO2 TZ | ISO3 TZA";"Non";"Oui";"PAY-000151";"TZ";"République-Unie de Tanzanie";"République-Unie de Tanzanie";"TZ";"TZA";"ND";"ISO 3166-2:TZ";"";"ND";"ND";"ND";"ND";"ND";"ND";"ND";"ND";"ND";"TZ";"Oui";"151";"Reconnu ONU / Observateur";"DemainSite V1.0.0 - base 195 pays reconnus";"";"";"17b4e602-a45b-43e3-b8dc-32e722361589";"151";"{772227EE-6326-42A9-8F46-5E3F1A784F91}";"17/08/2026 03:53";"17/08/2026 03:53";"Pascal ZIMMER";"Pascal ZIMMER";"MIG-PAY-OBJ-20260905";"";"09/05/2026 05:31:56";"09/05/2026 05:24:58";"UserId:11";"UserId:11"
"158";"Roumanie";"OBJ-GEO-PAY-RO";"Roumanie";"Pays migré depuis ZZ - PAY - Pays | ID PAY-000152 | ISO2 RO | ISO3 ROU";"Non";"Oui";"PAY-000152";"RO";"Roumanie";"Roumanie";"RO";"ROU";"ND";"ISO 3166-2:RO";"";"ND";"ND";"ND";"ND";"ND";"ND";"ND";"ND";"ND";"RO";"Oui";"152";"Reconnu ONU / Observateur";"DemainSite V1.0.0 - base 195 pays reconnus";"";"";"17b4e602-a45b-43e3-b8dc-32e722361589";"152";"{6A6A92E1-86FF-4F33-8596-FC728A7A80BE}";"17/08/2026 03:53";"17/08/2026 03:53";"Pascal ZIMMER";"Pascal ZIMMER";"MIG-PAY-OBJ-20260905";"";"09/05/2026 05:31:56";"09/05/2026 05:24:58";"UserId:11";"UserId:11"
"159";"Royaume-Uni";"OBJ-GEO-PAY-GB";"Royaume-Uni";"Pays migré depuis ZZ - PAY - Pays | ID PAY-000153 | ISO2 GB | ISO3 GBR";"Non";"Oui";"PAY-000153";"GB";"Royaume-Uni";"Royaume-Uni";"GB";"GBR";"ND";"ISO 3166-2:GB";"";"ND";"ND";"ND";"ND";"ND";"ND";"ND";"ND";"ND";"GB";"Oui";"153";"Reconnu ONU / Observateur";"DemainSite V1.0.0 - base 195 pays reconnus";"";"";"17b4e602-a45b-43e3-b8dc-32e722361589";"153";"{4E7D94A0-0485-4CD3-9291-6C2542E88252}";"17/08/2026 03:53";"17/08/2026 03:53";"Pascal ZIMMER";"Pascal ZIMMER";"MIG-PAY-OBJ-20260905";"";"09/05/2026 05:31:56";"09/05/2026 05:24:58";"UserId:11";"UserId:11"
"160";"Rwanda";"OBJ-GEO-PAY-RW";"Rwanda";"Pays migré depuis ZZ - PAY - Pays | ID PAY-000154 | ISO2 RW | ISO3 RWA";"Non";"Oui";"PAY-000154";"RW";"Rwanda";"Rwanda";"RW";"RWA";"ND";"ISO 3166-2:RW";"";"ND";"ND";"ND";"ND";"ND";"ND";"ND";"ND";"ND";"RW";"Oui";"154";"Reconnu ONU / Observateur";"DemainSite V1.0.0 - base 195 pays reconnus";"";"";"17b4e602-a45b-43e3-b8dc-32e722361589";"154";"{5294732E-D96E-45A4-8154-5406F8F708AE}";"17/08/2026 03:53";"17/08/2026 03:53";"Pascal ZIMMER";"Pascal ZIMMER";"MIG-PAY-OBJ-20260905";"";"09/05/2026 05:31:56";"09/05/2026 05:24:58";"UserId:11";"UserId:11"
"161";"Saint-Kitts-et-Nevis";"OBJ-GEO-PAY-KN";"Saint-Kitts-et-Nevis";"Pays migré depuis ZZ - PAY - Pays | ID PAY-000155 | ISO2 KN | ISO3 KNA";"Non";"Oui";"PAY-000155";"KN";"Saint-Kitts-et-Nevis";"Saint-Kitts-et-Nevis";"KN";"KNA";"ND";"ISO 3166-2:KN";"";"ND";"ND";"ND";"ND";"ND";"ND";"ND";"ND";"ND";"KN";"Oui";"155";"Reconnu ONU / Observateur";"DemainSite V1.0.0 - base 195 pays reconnus";"";"";"17b4e602-a45b-43e3-b8dc-32e722361589";"155";"{332BB2A8-0555-4B74-BB87-7E45ED44342E}";"17/08/2026 03:53";"17/08/2026 03:53";"Pascal ZIMMER";"Pascal ZIMMER";"MIG-PAY-OBJ-20260905";"";"09/05/2026 05:31:56";"09/05/2026 05:24:58";"UserId:11";"UserId:11"
"162";"Saint-Marin";"OBJ-GEO-PAY-SM";"Saint-Marin";"Pays migré depuis ZZ - PAY - Pays | ID PAY-000156 | ISO2 SM | ISO3 SMR";"Non";"Oui";"PAY-000156";"SM";"Saint-Marin";"Saint-Marin";"SM";"SMR";"ND";"ISO 3166-2:SM";"";"ND";"ND";"ND";"ND";"ND";"ND";"ND";"ND";"ND";"SM";"Oui";"156";"Reconnu ONU / Observateur";"DemainSite V1.0.0 - base 195 pays reconnus";"";"";"17b4e602-a45b-43e3-b8dc-32e722361589";"156";"{AD117B19-FBA5-4312-9084-B3FC4EC42ED0}";"17/08/2026 03:53";"17/08/2026 03:53";"Pascal ZIMMER";"Pascal ZIMMER";"MIG-PAY-OBJ-20260905";"";"09/05/2026 05:31:57";"09/05/2026 05:24:58";"UserId:11";"UserId:11"
"163";"Saint-Vincent-et-les Grenadines";"OBJ-GEO-PAY-VC";"Saint-Vincent-et-les Grenadines";"Pays migré depuis ZZ - PAY - Pays | ID PAY-000157 | ISO2 VC | ISO3 VCT";"Non";"Oui";"PAY-000157";"VC";"Saint-Vincent-et-les Grenadines";"Saint-Vincent-et-les Grenadines";"VC";"VCT";"ND";"ISO 3166-2:VC";"";"ND";"ND";"ND";"ND";"ND";"ND";"ND";"ND";"ND";"VC";"Oui";"157";"Reconnu ONU / Observateur";"DemainSite V1.0.0 - base 195 pays reconnus";"";"";"17b4e602-a45b-43e3-b8dc-32e722361589";"157";"{A9311DAA-1FB9-4714-BA79-9D6DDDA45BDF}";"17/08/2026 03:53";"17/08/2026 03:53";"Pascal ZIMMER";"Pascal ZIMMER";"MIG-PAY-OBJ-20260905";"";"09/05/2026 05:31:57";"09/05/2026 05:24:58";"UserId:11";"UserId:11"
"164";"Sainte-Lucie";"OBJ-GEO-PAY-LC";"Sainte-Lucie";"Pays migré depuis ZZ - PAY - Pays | ID PAY-000158 | ISO2 LC | ISO3 LCA";"Non";"Oui";"PAY-000158";"LC";"Sainte-Lucie";"Sainte-Lucie";"LC";"LCA";"ND";"ISO 3166-2:LC";"";"ND";"ND";"ND";"ND";"ND";"ND";"ND";"ND";"ND";"LC";"Oui";"158";"Reconnu ONU / Observateur";"DemainSite V1.0.0 - base 195 pays reconnus";"";"";"17b4e602-a45b-43e3-b8dc-32e722361589";"158";"{5C6DBF92-C88B-4F6B-8B13-C73B2DDF4C4E}";"17/08/2026 03:53";"17/08/2026 03:53";"Pascal ZIMMER";"Pascal ZIMMER";"MIG-PAY-OBJ-20260905";"";"09/05/2026 05:31:57";"09/05/2026 05:24:58";"UserId:11";"UserId:11"
"165";"Saint-Siège";"OBJ-GEO-PAY-VA";"Saint-Siège";"Pays migré depuis ZZ - PAY - Pays | ID PAY-000159 | ISO2 VA | ISO3 VAT";"Non";"Oui";"PAY-000159";"VA";"Saint-Siège";"Saint-Siège";"VA";"VAT";"ND";"ISO 3166-2:VA";"";"ND";"ND";"ND";"ND";"ND";"ND";"ND";"ND";"ND";"VA";"Oui";"159";"Reconnu ONU / Observateur";"DemainSite V1.0.0 - base 195 pays reconnus";"";"";"17b4e602-a45b-43e3-b8dc-32e722361589";"159";"{A81D348E-78EF-4739-8992-8AAFD1DED3A1}";"17/08/2026 03:53";"17/08/2026 03:53";"Pascal ZIMMER";"Pascal ZIMMER";"MIG-PAY-OBJ-20260905";"";"09/05/2026 05:31:57";"09/05/2026 05:24:59";"UserId:11";"UserId:11"
"166";"Samoa";"OBJ-GEO-PAY-WS";"Samoa";"Pays migré depuis ZZ - PAY - Pays | ID PAY-000160 | ISO2 WS | ISO3 WSM";"Non";"Oui";"PAY-000160";"WS";"Samoa";"Samoa";"WS";"WSM";"ND";"ISO 3166-2:WS";"";"ND";"ND";"ND";"ND";"ND";"ND";"ND";"ND";"ND";"WS";"Oui";"160";"Reconnu ONU / Observateur";"DemainSite V1.0.0 - base 195 pays reconnus";"";"";"17b4e602-a45b-43e3-b8dc-32e722361589";"160";"{D336732A-23CA-4836-A518-E0A8B7EED210}";"17/08/2026 03:53";"17/08/2026 03:53";"Pascal ZIMMER";"Pascal ZIMMER";"MIG-PAY-OBJ-20260905";"";"09/05/2026 05:31:57";"09/05/2026 05:24:59";"UserId:11";"UserId:11"
"167";"Sao Tomé-et-Principe";"OBJ-GEO-PAY-ST";"Sao Tomé-et-Principe";"Pays migré depuis ZZ - PAY - Pays | ID PAY-000161 | ISO2 ST | ISO3 STP";"Non";"Oui";"PAY-000161";"ST";"Sao Tomé-et-Principe";"Sao Tomé-et-Principe";"ST";"STP";"ND";"ISO 3166-2:ST";"";"ND";"ND";"ND";"ND";"ND";"ND";"ND";"ND";"ND";"ST";"Oui";"161";"Reconnu ONU / Observateur";"DemainSite V1.0.0 - base 195 pays reconnus";"";"";"17b4e602-a45b-43e3-b8dc-32e722361589";"161";"{9040B952-AA32-41EA-98F9-6FC069F322F4}";"17/08/2026 03:53";"17/08/2026 03:53";"Pascal ZIMMER";"Pascal ZIMMER";"MIG-PAY-OBJ-20260905";"";"09/05/2026 05:31:57";"09/05/2026 05:24:59";"UserId:11";"UserId:11"
"168";"Sénégal";"OBJ-GEO-PAY-SN";"Sénégal";"Pays migré depuis ZZ - PAY - Pays | ID PAY-000162 | ISO2 SN | ISO3 SEN";"Non";"Oui";"PAY-000162";"SN";"Sénégal";"Sénégal";"SN";"SEN";"ND";"ISO 3166-2:SN";"";"ND";"ND";"ND";"ND";"ND";"ND";"ND";"ND";"ND";"SN";"Oui";"162";"Reconnu ONU / Observateur";"DemainSite V1.0.0 - base 195 pays reconnus";"";"";"17b4e602-a45b-43e3-b8dc-32e722361589";"162";"{32BBCA5A-869B-4CFD-A968-90BDE29DE96C}";"17/08/2026 03:53";"17/08/2026 03:53";"Pascal ZIMMER";"Pascal ZIMMER";"MIG-PAY-OBJ-20260905";"";"09/05/2026 05:31:57";"09/05/2026 05:24:59";"UserId:11";"UserId:11"
"169";"Serbie";"OBJ-GEO-PAY-RS";"Serbie";"Pays migré depuis ZZ - PAY - Pays | ID PAY-000163 | ISO2 RS | ISO3 SRB";"Non";"Oui";"PAY-000163";"RS";"Serbie";"Serbie";"RS";"SRB";"ND";"ISO 3166-2:RS";"";"ND";"ND";"ND";"ND";"ND";"ND";"ND";"ND";"ND";"RS";"Oui";"163";"Reconnu ONU / Observateur";"DemainSite V1.0.0 - base 195 pays reconnus";"";"";"17b4e602-a45b-43e3-b8dc-32e722361589";"163";"{4268728E-D123-42F5-8C23-427DCEDB1963}";"17/08/2026 03:53";"17/08/2026 03:53";"Pascal ZIMMER";"Pascal ZIMMER";"MIG-PAY-OBJ-20260905";"";"09/05/2026 05:31:58";"09/05/2026 05:24:59";"UserId:11";"UserId:11"
"170";"Seychelles";"OBJ-GEO-PAY-SC";"Seychelles";"Pays migré depuis ZZ - PAY - Pays | ID PAY-000164 | ISO2 SC | ISO3 SYC";"Non";"Oui";"PAY-000164";"SC";"Seychelles";"Seychelles";"SC";"SYC";"ND";"ISO 3166-2:SC";"";"ND";"ND";"ND";"ND";"ND";"ND";"ND";"ND";"ND";"SC";"Oui";"164";"Reconnu ONU / Observateur";"DemainSite V1.0.0 - base 195 pays reconnus";"";"";"17b4e602-a45b-43e3-b8dc-32e722361589";"164";"{B92C799B-62B4-40EC-BBC6-EDBF3605DFD6}";"17/08/2026 03:53";"17/08/2026 03:53";"Pascal ZIMMER";"Pascal ZIMMER";"MIG-PAY-OBJ-20260905";"";"09/05/2026 05:31:58";"09/05/2026 05:24:59";"UserId:11";"UserId:11"
"171";"Sierra Leone";"OBJ-GEO-PAY-SL";"Sierra Leone";"Pays migré depuis ZZ - PAY - Pays | ID PAY-000165 | ISO2 SL | ISO3 SLE";"Non";"Oui";"PAY-000165";"SL";"Sierra Leone";"Sierra Leone";"SL";"SLE";"ND";"ISO 3166-2:SL";"";"ND";"ND";"ND";"ND";"ND";"ND";"ND";"ND";"ND";"SL";"Oui";"165";"Reconnu ONU / Observateur";"DemainSite V1.0.0 - base 195 pays reconnus";"";"";"17b4e602-a45b-43e3-b8dc-32e722361589";"165";"{8AB2A63F-7383-43CC-8120-F67F1B79A36C}";"17/08/2026 03:54";"17/08/2026 03:54";"Pascal ZIMMER";"Pascal ZIMMER";"MIG-PAY-OBJ-20260905";"";"09/05/2026 05:31:58";"09/05/2026 05:24:59";"UserId:11";"UserId:11"
"172";"Singapour";"OBJ-GEO-PAY-SG";"Singapour";"Pays migré depuis ZZ - PAY - Pays | ID PAY-000166 | ISO2 SG | ISO3 SGP";"Non";"Oui";"PAY-000166";"SG";"Singapour";"Singapour";"SG";"SGP";"ND";"ISO 3166-2:SG";"";"ND";"ND";"ND";"ND";"ND";"ND";"ND";"ND";"ND";"SG";"Oui";"166";"Reconnu ONU / Observateur";"DemainSite V1.0.0 - base 195 pays reconnus";"";"";"17b4e602-a45b-43e3-b8dc-32e722361589";"166";"{CA7A59E7-736A-4125-8031-721D93BD10B2}";"17/08/2026 03:54";"17/08/2026 03:54";"Pascal ZIMMER";"Pascal ZIMMER";"MIG-PAY-OBJ-20260905";"";"09/05/2026 05:31:58";"09/05/2026 05:24:59";"UserId:11";"UserId:11"
"173";"Slovaquie";"OBJ-GEO-PAY-SK";"Slovaquie";"Pays migré depuis ZZ - PAY - Pays | ID PAY-000167 | ISO2 SK | ISO3 SVK";"Non";"Oui";"PAY-000167";"SK";"Slovaquie";"Slovaquie";"SK";"SVK";"ND";"ISO 3166-2:SK";"";"ND";"ND";"ND";"ND";"ND";"ND";"ND";"ND";"ND";"SK";"Oui";"167";"Reconnu ONU / Observateur";"DemainSite V1.0.0 - base 195 pays reconnus";"";"";"17b4e602-a45b-43e3-b8dc-32e722361589";"167";"{D9437DC5-2F5E-4154-96DE-FC204CB07203}";"17/08/2026 03:54";"17/08/2026 03:54";"Pascal ZIMMER";"Pascal ZIMMER";"MIG-PAY-OBJ-20260905";"";"09/05/2026 05:31:58";"09/05/2026 05:24:59";"UserId:11";"UserId:11"
"174";"Slovénie";"OBJ-GEO-PAY-SI";"Slovénie";"Pays migré depuis ZZ - PAY - Pays | ID PAY-000168 | ISO2 SI | ISO3 SVN";"Non";"Oui";"PAY-000168";"SI";"Slovénie";"Slovénie";"SI";"SVN";"ND";"ISO 3166-2:SI";"";"ND";"ND";"ND";"ND";"ND";"ND";"ND";"ND";"ND";"SI";"Oui";"168";"Reconnu ONU / Observateur";"DemainSite V1.0.0 - base 195 pays reconnus";"";"";"17b4e602-a45b-43e3-b8dc-32e722361589";"168";"{2576F70F-6B9D-451D-A553-740599747949}";"17/08/2026 03:54";"17/08/2026 03:54";"Pascal ZIMMER";"Pascal ZIMMER";"MIG-PAY-OBJ-20260905";"";"09/05/2026 05:31:58";"09/05/2026 05:24:59";"UserId:11";"UserId:11"
"175";"Somalie";"OBJ-GEO-PAY-SO";"Somalie";"Pays migré depuis ZZ - PAY - Pays | ID PAY-000169 | ISO2 SO | ISO3 SOM";"Non";"Oui";"PAY-000169";"SO";"Somalie";"Somalie";"SO";"SOM";"ND";"ISO 3166-2:SO";"";"ND";"ND";"ND";"ND";"ND";"ND";"ND";"ND";"ND";"SO";"Oui";"169";"Reconnu ONU / Observateur";"DemainSite V1.0.0 - base 195 pays reconnus";"";"";"17b4e602-a45b-43e3-b8dc-32e722361589";"169";"{29C3F45F-A086-42E4-96FF-E3AB174592E8}";"17/08/2026 03:54";"17/08/2026 03:54";"Pascal ZIMMER";"Pascal ZIMMER";"MIG-PAY-OBJ-20260905";"";"09/05/2026 05:31:58";"09/05/2026 05:24:59";"UserId:11";"UserId:11"
"176";"Soudan";"OBJ-GEO-PAY-SD";"Soudan";"Pays migré depuis ZZ - PAY - Pays | ID PAY-000170 | ISO2 SD | ISO3 SDN";"Non";"Oui";"PAY-000170";"SD";"Soudan";"Soudan";"SD";"SDN";"ND";"ISO 3166-2:SD";"";"ND";"ND";"ND";"ND";"ND";"ND";"ND";"ND";"ND";"SD";"Oui";"170";"Reconnu ONU / Observateur";"DemainSite V1.0.0 - base 195 pays reconnus";"";"";"17b4e602-a45b-43e3-b8dc-32e722361589";"170";"{565ECE40-1D9F-40C9-83DA-5D53F4292511}";"17/08/2026 03:54";"17/08/2026 03:54";"Pascal ZIMMER";"Pascal ZIMMER";"MIG-PAY-OBJ-20260905";"";"09/05/2026 05:31:59";"09/05/2026 05:25:00";"UserId:11";"UserId:11"
"177";"Soudan du Sud";"OBJ-GEO-PAY-SS";"Soudan du Sud";"Pays migré depuis ZZ - PAY - Pays | ID PAY-000171 | ISO2 SS | ISO3 SSD";"Non";"Oui";"PAY-000171";"SS";"Soudan du Sud";"Soudan du Sud";"SS";"SSD";"ND";"ISO 3166-2:SS";"";"ND";"ND";"ND";"ND";"ND";"ND";"ND";"ND";"ND";"SS";"Oui";"171";"Reconnu ONU / Observateur";"DemainSite V1.0.0 - base 195 pays reconnus";"";"";"17b4e602-a45b-43e3-b8dc-32e722361589";"171";"{891EF262-4D61-423C-8544-31D14459F1C3}";"17/08/2026 03:54";"17/08/2026 03:54";"Pascal ZIMMER";"Pascal ZIMMER";"MIG-PAY-OBJ-20260905";"";"09/05/2026 05:31:59";"09/05/2026 05:25:00";"UserId:11";"UserId:11"
"178";"Sri Lanka";"OBJ-GEO-PAY-LK";"Sri Lanka";"Pays migré depuis ZZ - PAY - Pays | ID PAY-000172 | ISO2 LK | ISO3 LKA";"Non";"Oui";"PAY-000172";"LK";"Sri Lanka";"Sri Lanka";"LK";"LKA";"ND";"ISO 3166-2:LK";"";"ND";"ND";"ND";"ND";"ND";"ND";"ND";"ND";"ND";"LK";"Oui";"172";"Reconnu ONU / Observateur";"DemainSite V1.0.0 - base 195 pays reconnus";"";"";"17b4e602-a45b-43e3-b8dc-32e722361589";"172";"{98F2CA75-EF82-4954-883A-57034F639E7B}";"17/08/2026 03:54";"17/08/2026 03:54";"Pascal ZIMMER";"Pascal ZIMMER";"MIG-PAY-OBJ-20260905";"";"09/05/2026 05:31:59";"09/05/2026 05:25:00";"UserId:11";"UserId:11"
"179";"État de Palestine";"OBJ-GEO-PAY-PS";"État de Palestine";"Pays migré depuis ZZ - PAY - Pays | ID PAY-000173 | ISO2 PS | ISO3 PSE";"Non";"Oui";"PAY-000173";"PS";"État de Palestine";"État de Palestine";"PS";"PSE";"ND";"ISO 3166-2:PS";"";"ND";"ND";"ND";"ND";"ND";"ND";"ND";"ND";"ND";"PS";"Oui";"173";"Reconnu ONU / Observateur";"DemainSite V1.0.0 - base 195 pays reconnus";"";"";"17b4e602-a45b-43e3-b8dc-32e722361589";"173";"{63E9D9BC-E11C-4AF4-BDE7-568FD24488DE}";"17/08/2026 03:54";"17/08/2026 03:54";"Pascal ZIMMER";"Pascal ZIMMER";"MIG-PAY-OBJ-20260905";"";"09/05/2026 05:31:59";"09/05/2026 05:25:00";"UserId:11";"UserId:11"
"180";"Suède";"OBJ-GEO-PAY-SE";"Suède";"Pays migré depuis ZZ - PAY - Pays | ID PAY-000174 | ISO2 SE | ISO3 SWE";"Non";"Oui";"PAY-000174";"SE";"Suède";"Suède";"SE";"SWE";"ND";"ISO 3166-2:SE";"";"ND";"ND";"ND";"ND";"ND";"ND";"ND";"ND";"ND";"SE";"Oui";"174";"Reconnu ONU / Observateur";"DemainSite V1.0.0 - base 195 pays reconnus";"";"";"17b4e602-a45b-43e3-b8dc-32e722361589";"174";"{7156924C-6492-4174-A041-EED16745D323}";"17/08/2026 03:54";"17/08/2026 03:54";"Pascal ZIMMER";"Pascal ZIMMER";"MIG-PAY-OBJ-20260905";"";"09/05/2026 05:31:59";"09/05/2026 05:25:00";"UserId:11";"UserId:11"
"181";"Suisse";"OBJ-GEO-PAY-CH";"Suisse";"Pays migré depuis ZZ - PAY - Pays | ID PAY-000175 | ISO2 CH | ISO3 CHE";"Non";"Oui";"PAY-000175";"CH";"Suisse";"Suisse";"CH";"CHE";"ND";"ISO 3166-2:CH";"";"ND";"ND";"ND";"ND";"ND";"ND";"ND";"ND";"ND";"CH";"Oui";"175";"Reconnu ONU / Observateur";"DemainSite V1.0.0 - base 195 pays reconnus";"";"";"17b4e602-a45b-43e3-b8dc-32e722361589";"175";"{B04DCA36-852A-4794-B09E-4BDCC47D78FD}";"17/08/2026 03:54";"17/08/2026 03:54";"Pascal ZIMMER";"Pascal ZIMMER";"MIG-PAY-OBJ-20260905";"";"09/05/2026 05:31:59";"09/05/2026 05:25:00";"UserId:11";"UserId:11"
"182";"Suriname";"OBJ-GEO-PAY-SR";"Suriname";"Pays migré depuis ZZ - PAY - Pays | ID PAY-000176 | ISO2 SR | ISO3 SUR";"Non";"Oui";"PAY-000176";"SR";"Suriname";"Suriname";"SR";"SUR";"ND";"ISO 3166-2:SR";"";"ND";"ND";"ND";"ND";"ND";"ND";"ND";"ND";"ND";"SR";"Oui";"176";"Reconnu ONU / Observateur";"DemainSite V1.0.0 - base 195 pays reconnus";"";"";"17b4e602-a45b-43e3-b8dc-32e722361589";"176";"{94DF0C50-15C5-45F5-8ECA-D4418DDCFED0}";"17/08/2026 03:54";"17/08/2026 03:54";"Pascal ZIMMER";"Pascal ZIMMER";"MIG-PAY-OBJ-20260905";"";"09/05/2026 05:31:59";"09/05/2026 05:25:00";"UserId:11";"UserId:11"
"183";"Tadjikistan";"OBJ-GEO-PAY-TJ";"Tadjikistan";"Pays migré depuis ZZ - PAY - Pays | ID PAY-000177 | ISO2 TJ | ISO3 TJK";"Non";"Oui";"PAY-000177";"TJ";"Tadjikistan";"Tadjikistan";"TJ";"TJK";"ND";"ISO 3166-2:TJ";"";"ND";"ND";"ND";"ND";"ND";"ND";"ND";"ND";"ND";"TJ";"Oui";"177";"Reconnu ONU / Observateur";"DemainSite V1.0.0 - base 195 pays reconnus";"";"";"17b4e602-a45b-43e3-b8dc-32e722361589";"177";"{059D0AA7-C9C0-42B6-B48B-BC9E1F191C3A}";"17/08/2026 03:54";"17/08/2026 03:54";"Pascal ZIMMER";"Pascal ZIMMER";"MIG-PAY-OBJ-20260905";"";"09/05/2026 05:32:00";"09/05/2026 05:25:00";"UserId:11";"UserId:11"
"184";"Tchad";"OBJ-GEO-PAY-TD";"Tchad";"Pays migré depuis ZZ - PAY - Pays | ID PAY-000178 | ISO2 TD | ISO3 TCD";"Non";"Oui";"PAY-000178";"TD";"Tchad";"Tchad";"TD";"TCD";"ND";"ISO 3166-2:TD";"";"ND";"ND";"ND";"ND";"ND";"ND";"ND";"ND";"ND";"TD";"Oui";"178";"Reconnu ONU / Observateur";"DemainSite V1.0.0 - base 195 pays reconnus";"";"";"17b4e602-a45b-43e3-b8dc-32e722361589";"178";"{70F3583F-4930-418A-9215-B6B46BAB780A}";"17/08/2026 03:54";"17/08/2026 03:54";"Pascal ZIMMER";"Pascal ZIMMER";"MIG-PAY-OBJ-20260905";"";"09/05/2026 05:32:00";"09/05/2026 05:25:00";"UserId:11";"UserId:11"
"185";"Thaïlande";"OBJ-GEO-PAY-TH";"Thaïlande";"Pays migré depuis ZZ - PAY - Pays | ID PAY-000179 | ISO2 TH | ISO3 THA";"Non";"Oui";"PAY-000179";"TH";"Thaïlande";"Thaïlande";"TH";"THA";"ND";"ISO 3166-2:TH";"";"ND";"ND";"ND";"ND";"ND";"ND";"ND";"ND";"ND";"TH";"Oui";"179";"Reconnu ONU / Observateur";"DemainSite V1.0.0 - base 195 pays reconnus";"";"";"17b4e602-a45b-43e3-b8dc-32e722361589";"179";"{71EAC3E3-45B1-42E2-A23D-51313257B0B9}";"17/08/2026 03:54";"17/08/2026 03:54";"Pascal ZIMMER";"Pascal ZIMMER";"MIG-PAY-OBJ-20260905";"";"09/05/2026 05:32:00";"09/05/2026 05:25:00";"UserId:11";"UserId:11"
"186";"Timor-Leste";"OBJ-GEO-PAY-TL";"Timor-Leste";"Pays migré depuis ZZ - PAY - Pays | ID PAY-000180 | ISO2 TL | ISO3 TLS";"Non";"Oui";"PAY-000180";"TL";"Timor-Leste";"Timor-Leste";"TL";"TLS";"ND";"ISO 3166-2:TL";"";"ND";"ND";"ND";"ND";"ND";"ND";"ND";"ND";"ND";"TL";"Oui";"180";"Reconnu ONU / Observateur";"DemainSite V1.0.0 - base 195 pays reconnus";"";"";"17b4e602-a45b-43e3-b8dc-32e722361589";"180";"{A9E8E94E-F9F6-4235-A867-B05F6BEF49D0}";"17/08/2026 03:54";"17/08/2026 03:54";"Pascal ZIMMER";"Pascal ZIMMER";"MIG-PAY-OBJ-20260905";"";"09/05/2026 05:32:00";"09/05/2026 05:25:00";"UserId:11";"UserId:11"
"187";"Togo";"OBJ-GEO-PAY-TG";"Togo";"Pays migré depuis ZZ - PAY - Pays | ID PAY-000181 | ISO2 TG | ISO3 TGO";"Non";"Oui";"PAY-000181";"TG";"Togo";"Togo";"TG";"TGO";"ND";"ISO 3166-2:TG";"";"ND";"ND";"ND";"ND";"ND";"ND";"ND";"ND";"ND";"TG";"Oui";"181";"Reconnu ONU / Observateur";"DemainSite V1.0.0 - base 195 pays reconnus";"";"";"17b4e602-a45b-43e3-b8dc-32e722361589";"181";"{C6C4FF59-CB6E-4F69-BA97-2D9B043BDBC6}";"17/08/2026 03:54";"17/08/2026 03:54";"Pascal ZIMMER";"Pascal ZIMMER";"MIG-PAY-OBJ-20260905";"";"09/05/2026 05:32:00";"09/05/2026 05:25:00";"UserId:11";"UserId:11"
"188";"Tonga";"OBJ-GEO-PAY-TO";"Tonga";"Pays migré depuis ZZ - PAY - Pays | ID PAY-000182 | ISO2 TO | ISO3 TON";"Non";"Oui";"PAY-000182";"TO";"Tonga";"Tonga";"TO";"TON";"ND";"ISO 3166-2:TO";"";"ND";"ND";"ND";"ND";"ND";"ND";"ND";"ND";"ND";"TO";"Oui";"182";"Reconnu ONU / Observateur";"DemainSite V1.0.0 - base 195 pays reconnus";"";"";"17b4e602-a45b-43e3-b8dc-32e722361589";"182";"{DE8A0252-B267-4B72-8853-F157D377192A}";"17/08/2026 03:54";"17/08/2026 03:54";"Pascal ZIMMER";"Pascal ZIMMER";"MIG-PAY-OBJ-20260905";"";"09/05/2026 05:32:00";"09/05/2026 05:25:00";"UserId:11";"UserId:11"
"189";"Trinité-et-Tobago";"OBJ-GEO-PAY-TT";"Trinité-et-Tobago";"Pays migré depuis ZZ - PAY - Pays | ID PAY-000183 | ISO2 TT | ISO3 TTO";"Non";"Oui";"PAY-000183";"TT";"Trinité-et-Tobago";"Trinité-et-Tobago";"TT";"TTO";"ND";"ISO 3166-2:TT";"";"ND";"ND";"ND";"ND";"ND";"ND";"ND";"ND";"ND";"TT";"Oui";"183";"Reconnu ONU / Observateur";"DemainSite V1.0.0 - base 195 pays reconnus";"";"";"17b4e602-a45b-43e3-b8dc-32e722361589";"183";"{1C87F5DC-8D68-4DA5-934E-8A5C4B0BC426}";"17/08/2026 03:54";"17/08/2026 03:54";"Pascal ZIMMER";"Pascal ZIMMER";"MIG-PAY-OBJ-20260905";"";"09/05/2026 05:32:00";"09/05/2026 05:25:01";"UserId:11";"UserId:11"
"190";"Tunisie";"OBJ-GEO-PAY-TN";"Tunisie";"Pays migré depuis ZZ - PAY - Pays | ID PAY-000184 | ISO2 TN | ISO3 TUN";"Non";"Oui";"PAY-000184";"TN";"Tunisie";"Tunisie";"TN";"TUN";"ND";"ISO 3166-2:TN";"";"ND";"ND";"ND";"ND";"ND";"ND";"ND";"ND";"ND";"TN";"Oui";"184";"Reconnu ONU / Observateur";"DemainSite V1.0.0 - base 195 pays reconnus";"";"";"17b4e602-a45b-43e3-b8dc-32e722361589";"184";"{8B9988CB-BC37-4979-89ED-A3265E7DC682}";"17/08/2026 03:54";"17/08/2026 03:54";"Pascal ZIMMER";"Pascal ZIMMER";"MIG-PAY-OBJ-20260905";"";"09/05/2026 05:32:01";"09/05/2026 05:25:01";"UserId:11";"UserId:11"
"191";"Turkménistan";"OBJ-GEO-PAY-TM";"Turkménistan";"Pays migré depuis ZZ - PAY - Pays | ID PAY-000185 | ISO2 TM | ISO3 TKM";"Non";"Oui";"PAY-000185";"TM";"Turkménistan";"Turkménistan";"TM";"TKM";"ND";"ISO 3166-2:TM";"";"ND";"ND";"ND";"ND";"ND";"ND";"ND";"ND";"ND";"TM";"Oui";"185";"Reconnu ONU / Observateur";"DemainSite V1.0.0 - base 195 pays reconnus";"";"";"17b4e602-a45b-43e3-b8dc-32e722361589";"185";"{B8135AFE-103D-4D55-AF4F-26879739B97E}";"17/08/2026 03:54";"17/08/2026 03:54";"Pascal ZIMMER";"Pascal ZIMMER";"MIG-PAY-OBJ-20260905";"";"09/05/2026 05:32:01";"09/05/2026 05:25:01";"UserId:11";"UserId:11"
"192";"Turquie";"OBJ-GEO-PAY-TR";"Turquie";"Pays migré depuis ZZ - PAY - Pays | ID PAY-000186 | ISO2 TR | ISO3 TUR";"Non";"Oui";"PAY-000186";"TR";"Turquie";"Turquie";"TR";"TUR";"ND";"ISO 3166-2:TR";"";"ND";"ND";"ND";"ND";"ND";"ND";"ND";"ND";"ND";"TR";"Oui";"186";"Reconnu ONU / Observateur";"DemainSite V1.0.0 - base 195 pays reconnus";"";"";"17b4e602-a45b-43e3-b8dc-32e722361589";"186";"{48BE01DC-E9D4-4DE4-A420-67455AA40EC8}";"17/08/2026 03:54";"17/08/2026 03:54";"Pascal ZIMMER";"Pascal ZIMMER";"MIG-PAY-OBJ-20260905";"";"09/05/2026 05:32:01";"09/05/2026 05:25:01";"UserId:11";"UserId:11"
"193";"Tuvalu";"OBJ-GEO-PAY-TV";"Tuvalu";"Pays migré depuis ZZ - PAY - Pays | ID PAY-000187 | ISO2 TV | ISO3 TUV";"Non";"Oui";"PAY-000187";"TV";"Tuvalu";"Tuvalu";"TV";"TUV";"ND";"ISO 3166-2:TV";"";"ND";"ND";"ND";"ND";"ND";"ND";"ND";"ND";"ND";"TV";"Oui";"187";"Reconnu ONU / Observateur";"DemainSite V1.0.0 - base 195 pays reconnus";"";"";"17b4e602-a45b-43e3-b8dc-32e722361589";"187";"{06A6466A-60FD-41DB-9989-56F384E771FF}";"17/08/2026 03:54";"17/08/2026 03:54";"Pascal ZIMMER";"Pascal ZIMMER";"MIG-PAY-OBJ-20260905";"";"09/05/2026 05:32:01";"09/05/2026 05:25:01";"UserId:11";"UserId:11"
"194";"Ukraine";"OBJ-GEO-PAY-UA";"Ukraine";"Pays migré depuis ZZ - PAY - Pays | ID PAY-000188 | ISO2 UA | ISO3 UKR";"Non";"Oui";"PAY-000188";"UA";"Ukraine";"Ukraine";"UA";"UKR";"ND";"ISO 3166-2:UA";"";"ND";"ND";"ND";"ND";"ND";"ND";"ND";"ND";"ND";"UA";"Oui";"188";"Reconnu ONU / Observateur";"DemainSite V1.0.0 - base 195 pays reconnus";"";"";"17b4e602-a45b-43e3-b8dc-32e722361589";"188";"{A702754D-7A9A-4DCC-BC90-4059EE84DB5E}";"17/08/2026 03:54";"17/08/2026 03:54";"Pascal ZIMMER";"Pascal ZIMMER";"MIG-PAY-OBJ-20260905";"";"09/05/2026 05:32:01";"09/05/2026 05:25:01";"UserId:11";"UserId:11"
"195";"Uruguay";"OBJ-GEO-PAY-UY";"Uruguay";"Pays migré depuis ZZ - PAY - Pays | ID PAY-000189 | ISO2 UY | ISO3 URY";"Non";"Oui";"PAY-000189";"UY";"Uruguay";"Uruguay";"UY";"URY";"ND";"ISO 3166-2:UY";"";"ND";"ND";"ND";"ND";"ND";"ND";"ND";"ND";"ND";"UY";"Oui";"189";"Reconnu ONU / Observateur";"DemainSite V1.0.0 - base 195 pays reconnus";"";"";"17b4e602-a45b-43e3-b8dc-32e722361589";"189";"{644E35C4-9B81-47B6-8565-C78E1671E313}";"17/08/2026 03:54";"17/08/2026 03:54";"Pascal ZIMMER";"Pascal ZIMMER";"MIG-PAY-OBJ-20260905";"";"09/05/2026 05:32:01";"09/05/2026 05:25:01";"UserId:11";"UserId:11"
"196";"Vanuatu";"OBJ-GEO-PAY-VU";"Vanuatu";"Pays migré depuis ZZ - PAY - Pays | ID PAY-000190 | ISO2 VU | ISO3 VUT";"Non";"Oui";"PAY-000190";"VU";"Vanuatu";"Vanuatu";"VU";"VUT";"ND";"ISO 3166-2:VU";"";"ND";"ND";"ND";"ND";"ND";"ND";"ND";"ND";"ND";"VU";"Oui";"190";"Reconnu ONU / Observateur";"DemainSite V1.0.0 - base 195 pays reconnus";"";"";"17b4e602-a45b-43e3-b8dc-32e722361589";"190";"{870D5BAF-76C0-4EF1-B64C-61A14629C4D1}";"17/08/2026 03:54";"17/08/2026 03:54";"Pascal ZIMMER";"Pascal ZIMMER";"MIG-PAY-OBJ-20260905";"";"09/05/2026 05:32:01";"09/05/2026 05:25:01";"UserId:11";"UserId:11"
"197";"Venezuela";"OBJ-GEO-PAY-VE";"Venezuela";"Pays migré depuis ZZ - PAY - Pays | ID PAY-000191 | ISO2 VE | ISO3 VEN";"Non";"Oui";"PAY-000191";"VE";"Venezuela";"Venezuela";"VE";"VEN";"ND";"ISO 3166-2:VE";"";"ND";"ND";"ND";"ND";"ND";"ND";"ND";"ND";"ND";"VE";"Oui";"191";"Reconnu ONU / Observateur";"DemainSite V1.0.0 - base 195 pays reconnus";"";"";"17b4e602-a45b-43e3-b8dc-32e722361589";"191";"{728B5009-63A6-47C1-B757-BE12F21D91C5}";"17/08/2026 03:54";"17/08/2026 03:54";"Pascal ZIMMER";"Pascal ZIMMER";"MIG-PAY-OBJ-20260905";"";"09/05/2026 05:32:02";"09/05/2026 05:25:01";"UserId:11";"UserId:11"
"198";"Viet Nam";"OBJ-GEO-PAY-VN";"Viet Nam";"Pays migré depuis ZZ - PAY - Pays | ID PAY-000192 | ISO2 VN | ISO3 VNM";"Non";"Oui";"PAY-000192";"VN";"Viet Nam";"Viet Nam";"VN";"VNM";"ND";"ISO 3166-2:VN";"";"ND";"ND";"ND";"ND";"ND";"ND";"ND";"ND";"ND";"VN";"Oui";"192";"Reconnu ONU / Observateur";"DemainSite V1.0.0 - base 195 pays reconnus";"";"";"17b4e602-a45b-43e3-b8dc-32e722361589";"192";"{4A1806A7-9443-4399-9EDD-02356FCA9EA1}";"17/08/2026 03:54";"17/08/2026 03:54";"Pascal ZIMMER";"Pascal ZIMMER";"MIG-PAY-OBJ-20260905";"";"09/05/2026 05:32:02";"09/05/2026 05:25:01";"UserId:11";"UserId:11"
"199";"Yémen";"OBJ-GEO-PAY-YE";"Yémen";"Pays migré depuis ZZ - PAY - Pays | ID PAY-000193 | ISO2 YE | ISO3 YEM";"Non";"Oui";"PAY-000193";"YE";"Yémen";"Yémen";"YE";"YEM";"ND";"ISO 3166-2:YE";"";"ND";"ND";"ND";"ND";"ND";"ND";"ND";"ND";"ND";"YE";"Oui";"193";"Reconnu ONU / Observateur";"DemainSite V1.0.0 - base 195 pays reconnus";"";"";"17b4e602-a45b-43e3-b8dc-32e722361589";"193";"{7F505C8F-E82E-45E2-8CB0-95A86451CE7C}";"17/08/2026 03:54";"17/08/2026 03:54";"Pascal ZIMMER";"Pascal ZIMMER";"MIG-PAY-OBJ-20260905";"";"09/05/2026 05:32:02";"09/05/2026 05:25:01";"UserId:11";"UserId:11"
"200";"Zambie";"OBJ-GEO-PAY-ZM";"Zambie";"Pays migré depuis ZZ - PAY - Pays | ID PAY-000194 | ISO2 ZM | ISO3 ZMB";"Non";"Oui";"PAY-000194";"ZM";"Zambie";"Zambie";"ZM";"ZMB";"ND";"ISO 3166-2:ZM";"";"ND";"ND";"ND";"ND";"ND";"ND";"ND";"ND";"ND";"ZM";"Oui";"194";"Reconnu ONU / Observateur";"DemainSite V1.0.0 - base 195 pays reconnus";"";"";"17b4e602-a45b-43e3-b8dc-32e722361589";"194";"{89C3A7C9-B7F9-4000-82B4-258A4A92BA91}";"17/08/2026 03:54";"17/08/2026 03:54";"Pascal ZIMMER";"Pascal ZIMMER";"MIG-PAY-OBJ-20260905";"";"09/05/2026 05:32:02";"09/05/2026 05:25:01";"UserId:11";"UserId:11"
"201";"Zimbabwe";"OBJ-GEO-PAY-ZW";"Zimbabwe";"Pays migré depuis ZZ - PAY - Pays | ID PAY-000195 | ISO2 ZW | ISO3 ZWE";"Non";"Oui";"PAY-000195";"ZW";"Zimbabwe";"Zimbabwe";"ZW";"ZWE";"ND";"ISO 3166-2:ZW";"";"ND";"ND";"ND";"ND";"ND";"ND";"ND";"ND";"ND";"ZW";"Oui";"195";"Reconnu ONU / Observateur";"DemainSite V1.0.0 - base 195 pays reconnus";"";"";"17b4e602-a45b-43e3-b8dc-32e722361589";"195";"{0183DEA6-45B3-4B35-9895-64F4ED8D7552}";"17/08/2026 03:54";"17/08/2026 03:54";"Pascal ZIMMER";"Pascal ZIMMER";"MIG-PAY-OBJ-20260905";"";"09/05/2026 05:32:02";"09/05/2026 05:25:02";"UserId:11";"UserId:11"
"202";"Interdiction des saisies manuelles évitables dans OBJ";"DSE-F-000018";"Interdiction des saisies manuelles évitables dans OBJ";"DÉCISION FONDATRICE — VALIDÉE OFFICIELLEMENT

Règle officielle : Dans OBJ, aucune donnée métier, classification, relation, responsabilité, acteur ou provenance ne doit être saisie en texte libre lorsqu’elle peut être gérée par OBJ-REF-00 à OBJ-REF-90, OBJ-REL, OBJ-ACT, un Lookup ou une valeur système automatique en lecture seule.

Les textes libres restent autorisés uniquement pour les noms, notes et descriptions réellement nécessaires.

Objectif : éviter les doublons, variantes d’orthographe, relations cassées, acteurs non gouvernés et données incohérentes.

Contrôles PASC ARA IA : détecter les colonnes manuelles évitables ; proposer leur remplacement ; bloquer toute nouvelle colonne manuelle injustifiée ; contrôler les doublons et incohérences ; soumettre toute correction à validation du Super Administrateur.

Source : Rapport_Audit_OBJ_Anti_Manuel.txt.
Constat : OBJ est partiellement conforme ; 27 colonnes manuelles sont à remplacer à terme ; les 10 colonnes OBJ-REF sont conformes.

Autorité : Pascal ZIMMER, Super Administrateur.
Date de décision : 5 septembre 2026.

Périmètre d’exécution : aucune colonne corrigée, aucune donnée supprimée, aucune structure modifiée et aucune des 27 anomalies traitée lors de cette création.";"Oui";"Oui";"";"";"";"";"";"";"";"";"";"";"";"";"";"";"";"";"";"";"";"";"";"";"";"";"";"";"";"";"";"";"";"";"";"";"09/05/2026 05:46:35";"09/05/2026 05:46:35";"UserId:11";"UserId:11"
"203";"Test";"";"";"";"Non";"Non";"";"";"";"";"";"";"";"";"";"";"";"";"";"";"";"";"";"";"";"";"";"";"";"";"";"";"";"";"";"";"";"";"";"";"09/07/2026 09:09:11";"09/07/2026 09:09:11";"UserId:11";"UserId:11"
"204";"CLIENT TEST";"";"";"";"Non";"Non";"";"";"";"";"";"";"";"";"";"";"";"";"";"";"";"";"";"";"";"";"";"";"";"";"";"";"";"";"";"";"";"";"";"";"09/07/2026 09:11:01";"09/07/2026 09:11:01";"UserId:11";"UserId:11"
"205";"";"OBJ";"5926381b-d3da-4dfb-a9bd-4753688734ae";"";"Non";"Non";"";"";"";"";"";"";"";"";"";"";"";"";"";"";"";"";"";"";"";"Non";"";"";"";"";"";"";"";"";"";"";"";"";"";"";"09/08/2026 07:44:56";"09/08/2026 07:44:56";"UserId:11";"UserId:11"
"206";"";"OBJ-ACT";"a02ecfef-518a-4ba2-b22f-c29ca28ffc8f";"";"Non";"Non";"";"";"";"";"";"";"";"";"";"";"";"";"";"";"";"";"";"";"";"Non";"";"";"";"";"";"";"";"";"";"";"";"";"";"";"09/08/2026 07:44:56";"09/08/2026 07:44:56";"UserId:11";"UserId:11"
"207";"";"OBJ-JRN";"e41a1b77-39c6-402c-b5ba-6a531668f007";"";"Non";"Non";"";"";"";"";"";"";"";"";"";"";"";"";"";"";"";"";"";"";"";"Non";"";"";"";"";"";"";"";"";"";"";"";"";"";"";"09/08/2026 07:44:58";"09/08/2026 07:44:58";"UserId:11";"UserId:11"
"208";"";"OBJ-PWS";"bfcc99a5-783a-4e1e-9fd3-857a6ec1e5c5";"";"Non";"Non";"";"";"";"";"";"";"";"";"";"";"";"";"";"";"";"";"";"";"";"Non";"";"";"";"";"";"";"";"";"";"";"";"";"";"";"09/08/2026 07:44:58";"09/08/2026 07:44:58";"UserId:11";"UserId:11"
"209";"";"OBJ-REF-00";"abfca5df-02b6-4a13-8d6a-49d32e414fee";"";"Non";"Non";"";"";"";"";"";"";"";"";"";"";"";"";"";"";"";"";"";"";"";"Non";"";"";"";"";"";"";"";"";"";"";"";"";"";"";"09/08/2026 07:45:00";"09/08/2026 07:45:00";"UserId:11";"UserId:11"
"210";"";"OBJ-REF-10";"30e946f7-8795-4989-a8b9-a72479334ace";"";"Non";"Non";"";"";"";"";"";"";"";"";"";"";"";"";"";"";"";"";"";"";"";"Non";"";"";"";"";"";"";"";"";"";"";"";"";"";"";"09/08/2026 07:44:59";"09/08/2026 07:44:59";"UserId:11";"UserId:11"
"211";"";"OBJ-REF-20";"35135ce4-1f22-42c1-a1bb-dbfa1fc033e9";"";"Non";"Non";"";"";"";"";"";"";"";"";"";"";"";"";"";"";"";"";"";"";"";"Non";"";"";"";"";"";"";"";"";"";"";"";"";"";"";"09/08/2026 07:45:00";"09/08/2026 07:45:00";"UserId:11";"UserId:11"
"212";"";"OBJ-REF-30";"ec6c4c2b-3485-4938-9a9e-54472b08f5c0";"";"Non";"Non";"";"";"";"";"";"";"";"";"";"";"";"";"";"";"";"";"";"";"";"Non";"";"";"";"";"";"";"";"";"";"";"";"";"";"";"09/08/2026 07:45:01";"09/08/2026 07:45:01";"UserId:11";"UserId:11"
"213";"";"OBJ-REF-40";"432f3ddb-fd74-40ac-98ab-a5f9d4f6980b";"";"Non";"Non";"";"";"";"";"";"";"";"";"";"";"";"";"";"";"";"";"";"";"";"Non";"";"";"";"";"";"";"";"";"";"";"";"";"";"";"09/08/2026 07:45:02";"09/08/2026 07:45:02";"UserId:11";"UserId:11"
"214";"";"OBJ-REF-50";"aba927be-d4e5-4118-a04e-4016d77945e6";"";"Non";"Non";"";"";"";"";"";"";"";"";"";"";"";"";"";"";"";"";"";"";"";"Non";"";"";"";"";"";"";"";"";"";"";"";"";"";"";"09/08/2026 07:45:03";"09/08/2026 07:45:03";"UserId:11";"UserId:11"
"215";"";"OBJ-REF-60";"2f6bdcb4-57cf-4641-acd6-573b50ae7a58";"";"Non";"Non";"";"";"";"";"";"";"";"";"";"";"";"";"";"";"";"";"";"";"";"Non";"";"";"";"";"";"";"";"";"";"";"";"";"";"";"09/08/2026 07:45:05";"09/08/2026 07:45:05";"UserId:11";"UserId:11"
"216";"";"OBJ-REF-70";"3b1deea9-473b-4d12-bc5e-e8c5719cff25";"";"Non";"Non";"";"";"";"";"";"";"";"";"";"";"";"";"";"";"";"";"";"";"";"Non";"";"";"";"";"";"";"";"";"";"";"";"";"";"";"09/08/2026 07:45:05";"09/08/2026 07:45:05";"UserId:11";"UserId:11"
"217";"";"OBJ-REF-80";"474c5289-582b-4678-aa99-5176d39e436b";"";"Non";"Non";"";"";"";"";"";"";"";"";"";"";"";"";"";"";"";"";"";"";"";"Non";"";"";"";"";"";"";"";"";"";"";"";"";"";"";"09/08/2026 07:45:05";"09/08/2026 07:45:05";"UserId:11";"UserId:11"
"218";"";"OBJ-REF-90";"bf272aef-0651-458f-9eb7-ba6da56a11ad";"";"Non";"Non";"";"";"";"";"";"";"";"";"";"";"";"";"";"";"";"";"";"";"";"Non";"";"";"";"";"";"";"";"";"";"";"";"";"";"";"09/08/2026 07:45:06";"09/08/2026 07:45:06";"UserId:11";"UserId:11"
"219";"";"OBJ-REF-95";"eaf5960e-1039-4240-afa1-1050973ecdc5";"";"Non";"Non";"";"";"";"";"";"";"";"";"";"";"";"";"";"";"";"";"";"";"";"Non";"";"";"";"";"";"";"";"";"";"";"";"";"";"";"09/08/2026 07:45:07";"09/08/2026 07:45:07";"UserId:11";"UserId:11"
"220";"";"OBJ-REL";"e9161ccf-859d-4d49-b245-ac6e6cd0271b";"";"Non";"Non";"";"";"";"";"";"";"";"";"";"";"";"";"";"";"";"";"";"";"";"Non";"";"";"";"";"";"";"";"";"";"";"";"";"";"";"09/08/2026 07:45:07";"09/08/2026 07:45:07";"UserId:11";"UserId:11"
"221";"";"ZZ - CLI - Relations";"afe17273-bf0c-4423-8069-04ed827f22fc";"";"Non";"Non";"";"";"";"";"";"";"";"";"";"";"";"";"";"";"";"";"";"";"";"Non";"";"";"";"";"";"";"";"";"";"";"";"";"";"";"09/08/2026 07:45:09";"09/08/2026 07:45:09";"UserId:11";"UserId:11"
"222";"";"ZZ - DEP - Départements";"26ee56c9-6f19-4e1a-88a4-6c07fcd3f517";"";"Non";"Non";"";"";"";"";"";"";"";"";"";"";"";"";"";"";"";"";"";"";"";"Non";"";"";"";"";"";"";"";"";"";"";"";"";"";"";"09/08/2026 07:45:09";"09/08/2026 07:45:09";"UserId:11";"UserId:11"
"223";"";"ZZ - GEO - Continents";"d40577eb-8d31-4e26-9d67-14d0005f46d8";"";"Non";"Non";"";"";"";"";"";"";"";"";"";"";"";"";"";"";"";"";"";"";"";"Non";"";"";"";"";"";"";"";"";"";"";"";"";"";"";"09/08/2026 07:45:09";"09/08/2026 07:45:09";"UserId:11";"UserId:11"
"224";"";"ZZ - GEO - Devises";"5e995a24-0aeb-44dc-8676-c26c878cc62c";"";"Non";"Non";"";"";"";"";"";"";"";"";"";"";"";"";"";"";"";"";"";"";"";"Non";"";"";"";"";"";"";"";"";"";"";"";"";"";"";"09/08/2026 07:45:10";"09/08/2026 07:45:10";"UserId:11";"UserId:11"
"225";"";"ZZ - GEO - Pays";"d762cd9b-28c3-4e33-b956-8912d06ce139";"";"Non";"Non";"";"";"";"";"";"";"";"";"";"";"";"";"";"";"";"";"";"";"";"Non";"";"";"";"";"";"";"";"";"";"";"";"";"";"";"09/08/2026 07:45:11";"09/08/2026 07:45:11";"UserId:11";"UserId:11"
"226";"";"ZZ - JRN - Décisions Fondatrices DSE";"99b86852-bd86-4567-addf-6c6b2156be76";"";"Non";"Non";"";"";"";"";"";"";"";"";"";"";"";"";"";"";"";"";"";"";"";"Non";"";"";"";"";"";"";"";"";"";"";"";"";"";"";"09/08/2026 07:45:12";"09/08/2026 07:45:12";"UserId:11";"UserId:11"
"227";"";"ZZ - JRN - Journal Global";"6dd92212-37c8-489c-b901-91f25b07bfe9";"";"Non";"Non";"";"";"";"";"";"";"";"";"";"";"";"";"";"";"";"";"";"";"";"Non";"";"";"";"";"";"";"";"";"";"";"";"";"";"";"09/08/2026 07:45:13";"09/08/2026 07:45:13";"UserId:11";"UserId:11"
"228";"";"ZZ - OBJ-GEO - Capitales";"5491713b-cab9-4a4b-8c11-cfea8cd2eb3d";"";"Non";"Non";"";"";"";"";"";"";"";"";"";"";"";"";"";"";"";"";"";"";"";"Non";"";"";"";"";"";"";"";"";"";"";"";"";"";"";"09/08/2026 07:45:13";"09/08/2026 07:45:13";"UserId:11";"UserId:11"
"229";"";"ZZ - OBJ-OBJETS";"73247846-541f-43be-ba87-d5f18bdbf70c";"";"Non";"Non";"";"";"";"";"";"";"";"";"";"";"";"";"";"";"";"";"";"";"";"Non";"";"";"";"";"";"";"";"";"";"";"";"";"";"";"09/08/2026 07:45:14";"09/08/2026 07:45:14";"UserId:11";"UserId:11"
"230";"";"ZZ - REF - Referentiels";"4baa7433-8092-4fd5-9eff-982651404156";"";"Non";"Non";"";"";"";"";"";"";"";"";"";"";"";"";"";"";"";"";"";"";"";"Non";"";"";"";"";"";"";"";"";"";"";"";"";"";"";"09/08/2026 07:45:14";"09/08/2026 07:45:14";"UserId:11";"UserId:11"
"231";"";"ZZ - REF-N-01";"ed1eb5d5-db97-40f7-8f08-762b3ef5213d";"";"Non";"Non";"";"";"";"";"";"";"";"";"";"";"";"";"";"";"";"";"";"";"";"Non";"";"";"";"";"";"";"";"";"";"";"";"";"";"";"09/08/2026 07:45:15";"09/08/2026 07:45:15";"UserId:11";"UserId:11"
"232";"";"ZZ - REF-N-02";"fb7fd1aa-0bd2-4dab-b8f8-e2809dbdcda6";"";"Non";"Non";"";"";"";"";"";"";"";"";"";"";"";"";"";"";"";"";"";"";"";"Non";"";"";"";"";"";"";"";"";"";"";"";"";"";"";"09/08/2026 07:45:16";"09/08/2026 07:45:16";"UserId:11";"UserId:11"
"233";"";"ZZ - REF-N-03";"f26165de-7029-426b-988e-fdbda7d2fa2b";"";"Non";"Non";"";"";"";"";"";"";"";"";"";"";"";"";"";"";"";"";"";"";"";"Non";"";"";"";"";"";"";"";"";"";"";"";"";"";"";"09/08/2026 07:45:17";"09/08/2026 07:45:17";"UserId:11";"UserId:11"
"234";"";"ZZ - REG - Régions";"5c3fd93e-b8c4-42b5-975e-08606075557f";"";"Non";"Non";"";"";"";"";"";"";"";"";"";"";"";"";"";"";"";"";"";"";"";"Non";"";"";"";"";"";"";"";"";"";"";"";"";"";"";"09/08/2026 07:45:18";"09/08/2026 07:45:18";"UserId:11";"UserId:11"
"235";"";"ZZ - ZZ-CLI-COMPTES";"143f3a11-605f-4e92-9e29-3874744fecbb";"";"Non";"Non";"";"";"";"";"";"";"";"";"";"";"";"";"";"";"";"";"";"";"";"Non";"";"";"";"";"";"";"";"";"";"";"";"";"";"";"09/08/2026 07:45:18";"09/08/2026 07:45:18";"UserId:11";"UserId:11"
"236";"";"ZZ-OBJ-PWR";"6e293034-25e4-495d-9e22-a7dba8cb8fe1";"";"Non";"Non";"";"";"";"";"";"";"";"";"";"";"";"";"";"";"";"";"";"";"";"Non";"";"";"";"";"";"";"";"";"";"";"";"";"";"";"09/08/2026 07:45:19";"09/08/2026 07:45:19";"UserId:11";"UserId:11"
"238";"ODJ-REF-00";"OBJ-REF-00-";"OBJ-REF-00";"Sert a filtre les objets ";"Oui";"Oui";"";"";"";"";"";"";"";"";"";"";"";"";"";"";"";"";"";"";"";"";"";"";"";"";"";"";"";"";"";"";"";"";"";"";"09/08/2026 08:01:11";"09/08/2026 08:01:11";"UserId:11";"UserId:11"